"student_id","school_id","class_id","region","school_type","class_size","school_resources","class_climate_mean","age","grade","gender","ses","parent_edu","books_home","language_home","migration_background","special_education_support","gpa_t1","gpa_t2","gpa_t3","math_grade_t1","language_grade_t1","absences_t1","absences_t2","absences_t3","study_hours","screen_time","homework_completion","teacher_rating_effort","se1_t1","se2_t1","se3_t1","se4_t1","se5_t1","se1_t2","se2_t2","se3_t2","se4_t2","se5_t2","se1_t3","se2_t3","se3_t3","se4_t3","se5_t3","anx1_t1","anx2_t1","anx3_t1","anx4_t1","anx5_t1","anx6_t1","anx1_t2","anx2_t2","anx3_t2","anx4_t2","anx5_t2","anx6_t2","anx1_t3","anx2_t3","anx3_t3","anx4_t3","anx5_t3","anx6_t3","bel1_t1","bel2_t1","bel3_t1","bel4_t1","bel5_t1","bel1_t2","bel2_t2","bel3_t2","bel4_t2","bel5_t2","bel1_t3","bel2_t3","bel3_t3","bel4_t3","bel5_t3","mast1_t1","mast2_t1","mast3_t1","mast4_t1","mast5_t1","ts1_t1","ts2_t1","ts3_t1","ts4_t1","ts5_t1","abil1","abil2","abil3","abil4","abil5","abil6","abil7","abil8","abil9","abil10","abil11","abil12","att_acc","att_rt_inv","att_inhibit","att_switch","missing_any_t1","missing_any_t2","missing_any_t3","dropout_t2","dropout_t3","planned_missing_form"
1,"S01","C001","South","vocational",17,-1.442,-1.742,17.1,12,"girl",-1.405,2,2,"majority_language",0,0,6,5.6,5.8,6.4,7.1,5,1,18,0,4,2,48.6,,4,1,4,,4,2,2,,,4,4,1,3,3,4,3,3,3,1,3,5,4,4,,2,4,2,2,,,,,,2,1,2,1,3,,,3,2,2,2,1,4,2,,2,3,1,4,3,1,3,1,,1,1,0,1,0,1,0,1,0,0,0,0,0.545,-0.295,55.9,51.9,1,1,1,0,0,"C"
2,"S01","C001","South","vocational",17,-1.442,-1.742,17.5,12,"girl",0.418,4,2,"majority_language",0,0,7.7,,,7.9,5.4,3,,,3.4,2.6,4,71,2,4,5,3,5,,,,,,,,,,,1,1,1,1,,2,,,,,,,,,,,,,3,3,1,1,3,,,,,,,,,,,5,5,4,4,5,2,1,1,3,3,1,1,1,1,1,1,0,0,1,0,0,0,,,,,1,1,1,1,1,"B"
3,"S01","C001","South","vocational",17,-1.442,-1.742,17.4,12,"boy",-2.357,1,1,"majority_language",0,0,5.6,,,4.8,7.7,3,,,7,3.9,1,46.3,4,1,4,2,5,,,,,,,,,,,2,2,3,2,4,2,,,,,,,,,,,,,2,1,4,4,1,,,,,,,,,,,3,1,2,2,3,4,3,4,4,,1,1,1,0,0,0,0,0,1,0,0,0,0.553,-1.456,39,35.1,1,1,1,1,1,"C"
4,"S01","C001","South","vocational",17,-1.442,-1.742,17.7,12,"boy",-1.31,1,2,"other_language",0,0,5.7,6,5.7,5.9,6.5,8,5,3,8.9,2.2,1,49.6,3,4,4,2,3,4,2,2,,,4,2,3,4,2,3,4,2,1,3,,3,4,3,3,2,3,2,,3,,,,2,3,3,3,,2,2,3,5,3,2,3,2,1,2,2,3,4,5,5,2,2,4,4,2,0,0,0,1,1,,0,0,0,0,0,0,0.66,-2.453,32.3,36.7,1,1,1,0,0,"C"
5,"S01","C001","South","vocational",17,-1.442,-1.742,17,12,"girl",-0.232,4,1,"majority_language",0,0,6.9,7.8,8.2,8.1,8.2,7,3,9,7.6,5.1,4,58.8,5,4,2,3,5,5,5,4,,,4,5,3,5,3,3,1,1,2,1,1,1,1,1,1,1,2,2,1,1,,,,3,4,5,,3,5,5,2,3,3,2,4,4,3,4,2,5,4,5,5,4,3,,3,2,1,1,1,,1,1,1,1,0,0,0,0,,,,,1,1,1,0,0,"C"
6,"S01","C001","South","vocational",17,-1.442,-1.742,18,12,"boy",-0.902,3,2,"other_language",0,0,6.4,,,6.7,7.5,10,,,2.7,4.8,1,41.4,,4,,3,2,,,,,,,,,,,3,3,2,3,2,2,,,,,,,,,,,,,3,4,3,4,2,,,,,,,,,,,3,2,,4,4,3,4,4,3,4,1,1,1,0,0,0,0,0,1,0,0,0,,,,,1,1,1,1,1,"B"
7,"S01","C001","South","vocational",17,-1.442,-1.742,17,12,"girl",-0.956,3,2,"majority_language",0,0,5.7,6,5.5,6.5,6.4,3,5,11,2.1,2.2,1,51,3,3,4,4,3,2,1,1,3,3,1,1,1,3,2,1,2,3,4,3,3,1,2,1,,,,,2,3,4,2,4,4,3,3,2,,3,1,1,2,2,3,4,3,,,1,1,1,1,2,3,1,3,1,2,1,1,0,0,0,0,0,0,0,0,0,0,0.536,-1.288,30.8,40.7,1,1,1,0,0,"B"
8,"S01","C001","South","vocational",17,-1.442,-1.742,16.8,12,"boy",-0.758,4,2,"majority_language",0,0,4.8,4.6,5.1,4.4,5.9,3,9,22,2.5,3.4,1,29.4,1,1,1,1,1,1,1,1,1,1,1,1,1,1,1,,3,4,5,5,3,3,,5,4,4,3,3,4,,5,5,2,,1,1,2,4,3,4,,5,4,2,4,4,2,3,2,1,,3,2,1,2,3,2,1,0,0,0,0,0,1,0,0,0,0,0,0,,,,,1,1,1,0,0,"A"
9,"S01","C001","South","vocational",17,-1.442,-1.742,17.9,12,"girl",0.278,3,4,"majority_language",0,0,6.8,7.5,7.7,8.4,7.5,0,2,3,4.5,2,2,57.1,4,4,3,5,3,2,4,4,4,4,4,3,5,4,4,2,2,3,1,1,3,2,2,2,1,3,2,,1,2,2,1,2,3,,1,2,4,4,2,2,,,2,2,2,4,2,2,3,4,3,,1,1,1,1,1,0,0,1,0,0,1,0,1,0,0,0,0,0.85,0.107,62.5,46.4,1,1,1,0,0,"A"
10,"S01","C001","South","vocational",17,-1.442,-1.742,17.8,12,"girl",-1.185,1,2,"majority_language",1,0,5.6,,,6.5,6.3,10,,,0.6,2.1,1,37.3,,2,1,2,2,,,,,,,,,,,3,3,2,,2,4,,,,,,,,,,,,,2,5,2,,3,,,,,,,,,,,1,2,3,2,3,3,5,5,2,2,0,0,0,0,0,0,0,0,0,0,0,1,,,,,1,1,1,1,1,"A"
11,"S01","C001","South","vocational",17,-1.442,-1.742,17.6,12,"girl",-0.172,2,3,"majority_language",0,0,6.1,5.9,,7.2,6.9,24,7,,4.8,2,1,48.4,2,3,,3,3,3,2,4,,,,,,,,,3,2,2,4,3,3,3,5,5,5,3,,,,,,,2,1,2,2,2,2,2,3,3,,,,,,,3,4,3,1,4,2,2,1,3,2,1,0,0,0,0,0,0,0,0,0,0,0,0.773,0.09,64.3,51.6,1,1,1,0,1,"C"
12,"S01","C001","South","vocational",17,-1.442,-1.742,17.4,12,"girl",-1.185,,3,"other_language",0,0,5.5,5.4,6.9,6.3,5.2,1,14,13,4.7,5.2,3,43.8,2,2,3,4,2,3,3,3,3,5,2,,2,3,3,4,2,3,3,3,3,4,3,3,2,2,1,4,5,3,2,5,3,2,2,1,2,2,3,5,4,1,5,3,5,4,2,1,3,2,2,2,2,3,5,2,,2,,1,1,1,0,1,0,0,0,0,0,0,0.607,-0.617,27.2,39.2,1,0,1,0,0,"A"
13,"S01","C001","South","vocational",17,-1.442,-1.742,17.6,12,"boy",0.807,4,4,"majority_language",0,0,7.4,7.4,7,6.8,8,9,1,1,4.2,4.3,1,47.5,3,2,3,4,,3,2,2,4,4,3,3,1,4,4,2,4,2,2,3,2,5,3,4,3,1,5,4,4,4,2,3,4,4,2,2,4,3,5,5,3,4,3,3,4,2,2,3,4,2,3,3,4,2,4,3,4,1,1,1,1,1,0,1,1,1,1,0,0,0,0.899,0.988,67.2,67.3,1,0,0,0,0,"A"
14,"S01","C001","South","vocational",17,-1.442,-1.742,17.6,12,"girl",-0.864,2,1,"majority_language",0,0,6.6,6.6,6.4,6.2,5.7,10,1,2,6.7,3.6,3,49.1,3,3,4,,3,,3,2,,,2,4,3,3,2,2,,3,3,2,2,2,1,,2,4,2,3,2,3,,,,5,3,2,3,,2,3,2,3,2,2,5,4,3,3,4,4,4,2,4,2,3,2,1,3,0,1,1,,1,0,0,1,0,0,0,0,0.616,-1.406,29.2,48.6,1,1,1,0,0,"C"
15,"S01","C001","South","vocational",17,-1.442,-1.742,17.8,12,"boy",-1.904,1,1,"majority_language",0,0,4.9,5.3,5,5.2,5.3,11,22,6,0.8,6.2,2,31.3,1,4,2,2,3,1,2,,3,1,2,,,,2,2,3,,4,,5,4,4,3,,,,4,4,1,3,4,2,1,1,2,1,2,1,2,1,1,3,1,2,,,,4,,,4,4,2,1,1,2,3,0,1,0,1,0,,0,0,0,0,0,0,0.662,-1.242,37.6,38.8,1,1,1,0,0,"B"
16,"S01","C001","South","vocational",17,-1.442,-1.742,17.5,12,"boy",1.029,4,5,"majority_language",0,0,7.2,7.6,7.3,8,7.7,4,1,6,7,1.8,5,58.7,4,4,5,3,5,,4,2,,,4,4,4,4,4,2,1,1,1,1,2,3,2,3,1,4,3,2,3,3,,,,3,2,3,4,2,1,4,4,1,1,3,2,4,4,,4,5,5,5,5,2,2,1,4,1,1,1,1,1,1,0,1,0,0,1,1,1,0.88,0.261,62.7,80,0,1,1,0,0,"C"
17,"S01","C001","South","vocational",17,-1.442,-1.742,17.5,12,"boy",-0.402,1,2,"majority_language",0,0,6.9,6.8,6.9,6.3,6.9,8,4,4,8.9,5.7,5,53.3,4,5,4,3,4,5,5,4,5,4,5,5,5,5,,3,3,3,4,2,3,2,,3,,,2,2,3,2,,2,2,3,1,2,3,4,2,3,5,2,2,4,,3,2,5,5,5,5,5,4,2,3,2,4,1,1,1,1,1,1,1,1,1,0,0,0,0,0.748,-0.485,48.9,39.1,0,1,1,0,0,"A"
18,"S01","C002","South","vocational",22,-1.442,-0.455,15.1,10,"boy",-0.203,4,2,"majority_language",0,0,6.8,,,7.5,7.2,6,,,4.9,1.3,2,49.1,4,5,3,4,2,,,,,,,,,,,2,4,4,4,3,3,,,,,,,,,,,,,2,,3,2,5,,,,,,,,,,,3,5,3,4,5,2,2,,2,4,0,1,1,1,0,1,1,1,0,0,0,0,0.58,-0.472,60.5,55.6,1,1,1,1,1,"A"
19,"S01","C002","South","vocational",22,-1.442,-0.455,16.1,10,"boy",-0.087,3,5,"majority_language",0,0,7.2,7.3,6.9,7.1,7.2,4,9,3,5.9,4.9,5,53.9,5,4,4,5,4,3,,3,,,3,4,4,5,,1,1,1,1,2,1,1,2,3,3,2,3,1,2,2,,,,5,4,3,4,5,4,4,2,5,2,4,2,2,,3,4,4,3,3,3,4,3,3,5,5,1,1,0,0,1,0,1,0,0,0,1,0,0.765,0.743,58.6,69.5,0,1,1,0,0,"C"
20,"S01","C002","South","vocational",22,-1.442,-0.455,14.9,10,"boy",0.288,3,1,"other_language",0,0,6.3,6.6,6,6.6,6.3,2,3,7,5.4,2.7,2,53.3,3,3,2,3,4,4,3,2,,,3,2,3,2,4,2,1,1,1,3,3,3,3,1,3,4,2,4,,4,,,,3,5,3,4,4,,5,3,5,5,4,4,5,3,5,4,3,3,3,4,4,4,5,4,4,0,1,1,,1,1,0,0,1,0,0,0,0.692,-1.961,38.5,38,1,1,1,0,0,"C"
21,"S01","C002","South","vocational",22,-1.442,-0.455,15.7,10,"boy",-0.413,2,4,"other_language",1,0,6.4,6.8,6.2,7.4,7.2,1,2,8,6.7,6.6,2,47.7,4,2,4,4,4,1,3,4,3,2,4,3,4,2,3,1,1,3,4,4,3,4,3,2,5,4,3,3,1,2,2,2,4,3,3,5,3,3,3,2,2,3,4,1,4,2,1,3,3,2,4,3,2,4,2,2,4,2,1,1,1,1,1,1,0,0,0,1,0,1,,,,,1,0,0,0,0,"A"
22,"S01","C002","South","vocational",22,-1.442,-0.455,15.8,10,"girl",-0.37,2,3,"majority_language",0,0,5.8,,,5.7,5.7,4,,,8,2.7,3,44.9,2,3,2,2,3,,,,,,,,,,,5,5,,,4,4,,,,,,,,,,,,,4,5,5,3,5,,,,,,,,,,,3,4,3,5,2,4,4,4,4,4,0,1,1,1,0,1,0,0,0,1,0,0,,,,,1,1,1,1,1,"B"
23,"S01","C002","South","vocational",22,-1.442,-0.455,15.5,10,"boy",0.069,2,2,"majority_language",0,0,6.8,6.3,7.6,6,7,9,5,0,12.2,3.2,4,54.8,5,5,4,4,5,,5,5,,,4,2,5,,5,2,1,3,1,1,,1,1,1,2,1,2,2,3,2,,,,2,5,3,1,5,4,4,4,3,5,4,5,3,4,4,4,5,4,4,4,3,3,4,4,4,1,0,1,0,0,,0,0,0,0,0,0,0.913,0.729,52.4,47.7,1,1,1,0,0,"C"
24,"S01","C002","South","vocational",22,-1.442,-0.455,15.6,10,"boy",-0.444,2,4,"majority_language",0,0,7.5,,,8.1,5.7,1,,,3.2,3.5,5,47.1,4,3,5,3,4,,,,,,,,,,,2,3,2,2,5,4,,,,,,,,,,,,,3,3,3,2,3,,,,,,,,,,,3,3,4,4,3,2,2,2,3,3,1,0,0,1,1,0,,0,1,0,1,0,0.837,0.166,62.5,49.9,1,1,1,1,1,"B"
25,"S01","C002","South","vocational",22,-1.442,-0.455,15.9,10,"boy",0.251,5,3,"majority_language",0,0,6.9,6.7,7.2,8.2,6.3,1,14,8,2.2,4.8,2,46.5,5,3,3,5,3,3,4,4,2,4,3,3,5,,4,3,,1,2,3,1,2,2,2,,,,3,,4,4,3,4,1,1,1,2,3,1,2,1,3,1,3,2,1,,,3,2,,3,5,2,1,1,1,2,1,1,1,1,1,1,1,0,0,1,0,,0.939,1.115,48.9,70.3,1,1,1,0,0,"B"
26,"S01","C002","South","vocational",22,-1.442,-0.455,15.7,10,"boy",-1.577,1,3,"majority_language",0,0,5.7,,,7.4,5.9,4,,,0.5,6.6,3,35.6,3,2,2,3,3,,,,,,,,,,,3,2,3,3,3,2,,,,,,,,,,,,,2,,2,4,2,,,,,,,,,,,4,2,3,5,3,2,3,,2,2,0,1,0,1,0,0,0,0,0,0,0,0,0.713,-0.618,45,40.7,1,1,1,1,1,"A"
27,"S01","C002","South","vocational",22,-1.442,-0.455,15.5,10,"boy",-0.494,3,1,"other_language",0,0,6.9,,,6.5,6.5,3,,,3,4,1,40.1,2,3,2,2,4,,,,,,,,,,,1,3,3,4,2,1,,,,,,,,,,,,,2,2,2,4,3,,,,,,,,,,,3,1,1,2,3,2,4,,2,4,0,0,0,1,1,0,0,0,0,1,1,1,,,,,1,1,1,1,1,"B"
28,"S01","C002","South","vocational",22,-1.442,-0.455,15.8,10,"boy",0.033,4,4,"other_language",0,0,6,,,6.5,6.8,5,,,3.3,3.5,2,51.8,3,2,3,5,4,,,,,,,,,,,2,2,1,2,2,1,,,,,,,,,,,,,3,2,3,3,4,,,,,,,,,,,3,1,2,1,2,4,3,2,2,2,1,1,1,1,1,1,0,0,1,1,0,1,0.577,-1.136,21,35.4,0,1,1,1,1,"B"
29,"S01","C002","South","vocational",22,-1.442,-0.455,15.7,10,"girl",-0.353,1,2,"majority_language",0,0,7.1,6.9,6.9,7.6,8.5,5,3,3,5.3,4.1,2,51.6,5,4,5,3,5,4,3,5,4,4,4,4,4,4,5,1,1,2,1,2,1,1,1,1,3,3,3,1,1,1,1,1,2,3,3,5,5,1,2,4,5,4,3,5,4,4,5,5,5,4,4,4,5,4,4,5,4,4,0,1,0,1,1,1,0,0,1,0,0,0,0.97,1.226,63.5,59.5,0,0,0,0,0,"A"
30,"S01","C002","South","vocational",22,-1.442,-0.455,15.9,10,"girl",0.302,3,2,"other_language",0,0,7.8,6.9,7.8,6.9,6.7,4,3,1,7.8,0.9,3,47.2,3,4,4,5,4,2,4,2,4,2,2,2,3,,3,2,2,1,,1,2,1,1,2,1,1,1,4,2,2,2,4,3,3,4,3,2,3,2,3,2,3,4,2,2,2,3,1,2,5,4,,5,1,3,2,2,1,1,1,0,1,0,,1,0,0,0,0,0,0.72,-0.223,52.6,58,1,0,1,0,0,"A"
31,"S01","C002","South","vocational",22,-1.442,-0.455,15.8,10,"girl",0.437,4,4,"majority_language",0,0,7.9,7.9,7.8,6.9,7,3,4,3,8.1,5.4,5,51.5,5,5,4,5,5,2,4,5,3,5,3,5,2,3,4,1,2,1,1,1,3,1,2,1,,,,1,3,2,1,2,2,3,3,3,1,2,2,5,4,2,2,3,3,2,,,4,5,5,5,5,1,2,1,,3,1,,0,1,1,1,1,1,1,0,1,0,0.888,1.898,70.6,59.5,1,1,1,0,0,"B"
32,"S01","C002","South","vocational",22,-1.442,-0.455,15.8,10,"boy",-0.247,2,2,"majority_language",0,0,6.7,,,7.4,6.9,6,,,4.4,1.3,3,37.6,3,3,4,4,3,,,,,,,,,,,1,2,2,3,4,2,,,,,,,,,,,,,4,4,4,2,2,,,,,,,,,,,3,,4,5,3,4,3,2,2,1,1,1,1,1,0,1,1,0,1,0,0,0,0.914,-0.021,68,62.3,1,1,1,1,1,"B"
33,"S01","C002","South","vocational",22,-1.442,-0.455,16.2,10,"boy",-0.178,3,2,"majority_language",0,0,6,,,6.3,6.4,3,,,7,1.7,3,46.7,2,5,4,5,3,,,,,,,,,,,2,2,2,2,2,1,,,,,,,,,,,,,4,5,3,5,3,,,,,,,,,,,4,5,4,4,3,2,1,3,2,2,1,0,1,0,0,0,0,0,1,,0,0,,,,,1,1,1,1,1,"C"
34,"S01","C002","South","vocational",22,-1.442,-0.455,15.5,10,"boy",-1.229,2,1,"other_language",0,0,6.8,6.5,5.9,6.4,7,5,1,0,1.3,5.8,1,53.7,5,5,5,3,3,5,5,5,5,3,3,4,3,4,2,3,4,2,2,1,1,1,2,2,,,,,5,2,2,2,2,5,2,4,5,2,2,3,3,5,4,4,4,3,,,4,2,1,4,3,2,,4,2,2,1,0,,1,0,0,1,0,0,0,0,0,0.35,-0.73,37.1,20,1,1,1,0,0,"B"
35,"S01","C002","South","vocational",22,-1.442,-0.455,15.8,10,"boy",-0.1,4,4,"majority_language",0,0,6,5.6,,6.3,6.4,9,8,,7.1,2.1,1,50.4,4,4,4,4,,2,4,4,5,4,,,,,,3,2,1,2,4,2,2,1,2,,,,,,,,,,2,2,,2,3,3,4,,,3,,,,,,2,1,3,3,3,5,4,4,3,2,0,1,0,,0,0,0,0,0,0,0,0,0.704,-0.203,55.4,62.8,1,1,1,0,1,"B"
36,"S01","C002","South","vocational",22,-1.442,-0.455,15.7,10,"boy",-1.157,2,1,"majority_language",1,0,7,6.2,6,5.6,7.7,13,4,1,6.3,3.1,2,48.4,4,,4,,3,4,4,,2,4,3,,3,4,4,3,4,,2,3,3,2,2,3,3,2,3,1,2,1,2,,1,5,3,4,4,4,4,5,4,4,3,4,3,2,3,2,5,3,4,5,2,4,4,3,4,5,1,1,0,1,0,0,0,0,0,0,0,0,0.801,-0.833,39,47,1,1,1,0,0,"A"
37,"S01","C002","South","vocational",22,-1.442,-0.455,15.8,10,"boy",0.257,4,5,"majority_language",0,1,6.5,5.7,6.3,7.5,6.5,1,9,0,2.6,4,2,47.2,2,2,2,3,3,2,2,2,4,3,2,2,3,2,3,3,4,3,3,5,2,2,2,3,,,,4,1,3,3,3,1,3,4,2,3,3,4,4,3,4,3,4,4,3,,,,4,4,3,4,3,3,4,2,3,1,1,1,1,0,1,1,1,1,0,1,0,0.683,1.329,51.1,49.6,1,1,1,0,0,"B"
38,"S01","C002","South","vocational",22,-1.442,-0.455,16.1,10,"boy",-1.769,1,2,"majority_language",0,0,5.7,6.1,5.6,6.5,8.1,6,5,5,7.2,4.9,1,50.4,3,2,4,3,3,4,4,5,,,4,,4,5,4,3,2,2,3,2,3,2,3,3,1,3,,2,3,2,,,,3,3,3,5,4,4,5,4,3,4,5,5,5,4,5,,5,3,4,4,3,2,3,1,1,1,1,0,1,1,1,,0,0,0,0,1,0.64,0.18,42.8,45.5,1,1,1,0,0,"C"
39,"S01","C002","South","vocational",22,-1.442,-0.455,15.6,10,"girl",0.011,3,4,"majority_language",0,0,6.6,6.1,6.2,6.9,7.2,3,1,3,4.7,1.5,5,59.7,4,4,3,5,5,4,4,2,,,5,4,5,4,4,3,2,1,2,1,2,2,1,2,2,2,1,3,1,2,,,,5,4,3,3,4,2,3,,5,5,3,3,1,3,3,4,3,3,3,4,4,4,4,4,5,0,,,1,0,0,0,0,0,0,0,0,0.76,1.327,58.6,36.2,1,1,1,0,0,"C"
40,"S01","C003","South","vocational",19,-1.442,-0.612,17.4,12,"girl",-0.33,3,4,"majority_language",0,0,8.1,8.1,6.4,7.4,7.4,3,3,1,4.3,1.1,1,54.4,4,4,5,4,,2,4,5,4,4,4,4,4,3,2,1,2,2,3,1,1,1,1,1,,,,1,2,4,1,2,2,5,5,5,4,5,4,4,2,4,4,4,5,5,,,4,3,2,3,,2,2,2,4,3,1,1,1,1,1,0,1,0,1,1,1,0,0.923,0.668,63.3,59.7,1,1,1,0,0,"B"
41,"S01","C003","South","vocational",19,-1.442,-0.612,17.9,12,"girl",-0.99,2,1,"majority_language",0,0,6.1,5.9,6.7,6.6,5.7,5,4,3,3.3,1.6,2,48.7,4,3,4,3,4,5,3,4,4,,4,5,5,4,3,1,3,4,2,3,3,3,3,5,,,,2,1,4,2,2,1,4,4,2,,4,3,1,1,1,2,3,2,1,,,2,3,1,2,3,1,3,,3,4,1,1,0,1,0,0,1,0,1,0,0,0,,,,,1,1,1,0,0,"B"
42,"S01","C003","South","vocational",19,-1.442,-0.612,17.2,12,"boy",0.112,3,3,"other_language",0,0,6.2,6.6,6.7,6.9,6.5,0,4,3,3.7,1.9,3,43.1,4,4,4,3,1,4,3,2,3,2,4,4,3,4,3,1,2,1,1,1,,1,1,1,3,3,1,1,1,1,1,2,2,3,4,3,4,4,2,2,,3,2,2,3,2,1,3,2,3,3,5,3,,1,3,4,4,0,0,0,0,,0,0,0,0,0,0,,0.655,-0.326,43.5,29.3,1,1,0,0,0,"A"
43,"S01","C003","South","vocational",19,-1.442,-0.612,18.1,12,"boy",0.595,4,4,"other_language",0,0,6.6,,,7,6.4,4,,,3.6,3.1,1,42.6,2,3,3,5,3,,,,,,,,,,,4,3,3,4,4,3,,,,,,,,,,,,,4,5,3,3,3,,,,,,,,,,,2,4,3,2,3,2,2,2,1,2,1,1,0,,1,1,0,0,0,0,0,0,0.835,1.263,65.4,54.4,1,1,1,1,1,"B"
44,"S01","C003","South","vocational",19,-1.442,-0.612,17.9,12,"girl",-0.568,3,2,"majority_language",0,0,6.1,6.1,6.8,6.2,7.4,6,6,3,6.3,1.9,1,37.4,5,,1,2,,4,3,3,5,4,5,4,5,5,4,2,,,2,3,4,2,2,2,,,,3,2,3,3,3,4,5,4,,4,4,4,,3,5,4,4,5,5,,,3,4,4,4,3,4,4,3,2,,1,0,0,0,1,1,1,0,0,1,0,0,0.888,-0.632,36.9,43.4,1,1,1,0,0,"B"
45,"S01","C003","South","vocational",19,-1.442,-0.612,17.7,12,"girl",0.63,3,2,"majority_language",0,0,6.7,6.9,,6.7,6.6,1,1,,4.4,2.2,1,41.1,3,4,3,2,1,,,4,4,3,,,,,,3,5,4,3,3,4,2,3,3,,,,,,,,,,4,3,4,4,3,3,5,5,5,5,,,,,,4,,2,2,2,4,4,4,2,2,0,1,1,0,0,0,1,0,0,0,0,0,0.763,-0.024,49,42.9,1,1,1,0,1,"B"
46,"S01","C003","South","vocational",19,-1.442,-0.612,17.4,12,"girl",0.722,3,5,"majority_language",0,0,7.1,6.7,6.7,6.1,6.2,3,7,6,8.2,3.3,2,56.3,5,3,4,5,,2,3,,3,3,2,3,4,2,2,3,3,2,4,3,3,1,1,1,2,1,,3,2,1,3,3,1,4,5,3,5,4,2,4,2,2,3,3,5,4,4,5,3,5,3,4,5,1,1,3,3,3,1,0,0,,0,1,0,0,0,,0,0,0.871,-1.035,58.8,49.8,1,1,0,0,0,"A"
47,"S01","C003","South","vocational",19,-1.442,-0.612,17.4,12,"girl",-1.451,1,2,"majority_language",0,0,6.4,6.1,6.3,6.4,7.5,10,6,3,2.6,1.4,2,37.9,4,2,3,2,,5,3,3,4,5,3,3,5,5,4,2,,3,3,4,3,3,3,3,,,,1,2,2,3,3,4,2,2,3,4,3,1,3,1,3,1,3,4,4,,,1,4,,,3,3,2,,2,4,1,1,0,0,1,0,1,0,0,0,0,0,0.506,-0.91,57.3,44.1,1,1,1,0,0,"B"
48,"S01","C003","South","vocational",19,-1.442,-0.612,17.8,12,"boy",-0.241,3,4,"other_language",0,0,7.6,7.7,7.1,7.8,7.4,0,6,2,6.9,4.2,4,50.2,4,5,5,4,5,,5,3,3,4,4,5,3,3,5,1,1,2,1,2,2,1,1,1,2,1,1,2,1,1,1,1,1,4,3,3,4,5,2,3,4,4,3,2,4,3,3,3,4,4,5,3,4,3,3,2,4,3,1,1,1,1,1,1,1,1,0,1,1,0,0.881,0.087,59.8,52.3,0,1,0,0,0,"A"
49,"S01","C003","South","vocational",19,-1.442,-0.612,17.2,12,"boy",0.54,4,1,"majority_language",0,0,6.3,6.7,,6.3,6.5,4,11,,4.5,1.6,3,41.8,4,3,3,2,3,3,1,3,4,2,,,,,,4,3,3,4,2,1,5,4,3,2,3,3,,,,,,,1,1,2,1,3,2,2,1,2,3,,,,,,3,3,5,4,5,4,3,4,3,4,0,1,1,1,1,0,0,0,0,0,0,1,0.546,-0.844,54.7,39.7,0,0,1,0,1,"A"
50,"S01","C003","South","vocational",19,-1.442,-0.612,17.5,12,"girl",-1.032,1,1,"majority_language",0,0,7.5,6.7,6.7,6.5,5.4,3,13,3,4.1,4.2,4,55.9,4,5,4,3,3,5,2,5,4,4,5,5,4,3,,4,3,3,3,1,1,3,2,3,,,,3,2,3,3,1,2,4,4,2,5,4,4,4,4,2,4,4,5,4,,,4,4,4,4,4,4,4,,,4,1,1,1,0,0,1,0,0,1,0,0,0,0.51,-0.502,29.5,38.2,1,1,1,0,0,"B"
51,"S01","C003","South","vocational",19,-1.442,-0.612,17.2,12,"girl",-1.171,2,2,"majority_language",0,0,5.6,5.4,5.5,5.1,5.5,22,11,6,2.9,3.8,1,50.8,3,3,4,,4,2,,3,,,1,2,2,2,2,1,3,3,1,4,2,5,5,4,5,5,5,3,3,4,,,,2,1,2,1,1,2,2,2,3,2,4,5,4,4,4,4,4,5,4,5,2,2,3,,2,1,0,0,0,1,0,0,0,0,0,0,0,,,,,1,1,1,0,0,"C"
52,"S01","C003","South","vocational",19,-1.442,-0.612,18,12,"girl",-0.284,1,1,"majority_language",0,0,6.1,6.3,6.6,7,8.1,3,0,2,3,3.1,1,47,3,2,3,3,3,2,3,3,5,4,2,2,3,1,4,3,3,3,1,1,3,3,2,2,,,,1,1,2,1,1,1,5,4,4,5,5,5,5,,5,5,5,5,5,,,2,2,2,2,3,3,4,3,1,4,1,0,1,0,0,1,0,0,1,0,0,0,0.851,-0.256,57.4,58.5,0,1,1,0,0,"B"
53,"S01","C003","South","vocational",19,-1.442,-0.612,17.5,12,"girl",-0.096,2,3,"majority_language",0,0,6.8,6.2,6.8,6.8,6.4,9,2,1,6.8,2,2,49.6,5,,4,3,4,2,3,4,5,3,1,2,3,4,3,1,3,3,3,1,2,2,3,2,,,,2,3,3,3,4,2,3,2,2,1,,2,4,1,3,3,4,5,2,,,4,3,3,3,3,4,3,3,3,2,1,1,1,0,0,0,0,0,0,0,0,0,0.821,1.798,46.3,55.1,1,1,1,0,0,"B"
54,"S01","C003","South","vocational",19,-1.442,-0.612,17.7,12,"boy",-0.948,1,5,"other_language",0,0,7,7,7.1,8.2,6.2,2,2,3,3.5,1.2,3,38.2,4,4,4,4,4,5,3,2,,,3,4,5,3,2,3,2,2,3,,3,2,2,1,2,3,2,3,1,2,,,,2,2,4,3,4,2,2,2,3,4,4,2,3,2,3,3,4,3,1,4,2,2,4,3,4,,1,0,0,1,1,0,0,1,0,0,0,0.944,0.654,65.3,52.9,1,1,1,0,0,"C"
55,"S01","C003","South","vocational",19,-1.442,-0.612,17.4,12,"boy",0.224,3,4,"majority_language",0,0,6.4,6.7,6.5,6.4,5.6,3,4,0,6.9,4.3,5,52.9,5,5,4,5,4,5,5,5,5,5,5,5,5,5,4,2,1,1,3,1,2,2,2,3,,,,1,1,1,2,4,2,5,5,3,3,4,5,4,5,4,4,5,5,,,,5,5,4,4,4,3,3,3,1,4,1,1,1,1,1,1,0,0,0,0,1,0,0.714,0.149,40.4,44,0,1,1,0,0,"B"
56,"S01","C003","South","vocational",19,-1.442,-0.612,18.5,12,"girl",0.472,5,3,"other_language",0,0,6.9,7,6.6,6.7,7.2,5,3,8,7.5,1.7,2,49.1,3,3,3,4,5,1,4,2,3,5,3,4,4,3,2,1,2,1,2,1,2,2,1,2,,,,3,3,3,2,2,3,3,3,3,1,3,3,3,4,4,2,5,4,2,,,5,4,3,4,4,3,4,3,3,3,1,0,1,1,1,0,1,1,0,1,0,0,0.83,1.287,54.4,56,0,1,1,0,0,"B"
57,"S01","C003","South","vocational",19,-1.442,-0.612,18.3,12,"boy",-1.032,1,1,"majority_language",0,0,5.7,,,7.1,5.9,24,,,4.7,2.7,1,45.3,3,4,3,4,3,,,,,,,,,,,3,4,3,4,2,3,,,,,,,,,,,,,,4,2,4,5,,,,,,,,,,,4,3,3,4,5,3,,2,3,3,1,1,1,1,0,0,0,0,0,0,0,0,0.929,0.257,62.2,61.4,1,1,1,1,1,"C"
58,"S01","C003","South","vocational",19,-1.442,-0.612,16.9,12,"girl",-0.568,2,2,"majority_language",0,1,6.2,6.4,6.5,7.3,8.1,15,6,21,7,1.8,2,44.5,3,5,3,2,3,2,2,2,,,,,3,,4,2,1,1,2,3,2,2,2,3,5,5,3,2,2,3,,,,5,4,4,5,4,3,3,3,,2,,1,2,2,1,5,2,3,4,3,2,3,3,4,1,1,1,1,1,1,0,1,0,0,0,1,0,0.799,-0.563,32.1,35,0,1,1,0,0,"C"
59,"S01","C004","South","vocational",20,-1.442,-0.138,16.6,11,"girl",-0.553,2,2,"majority_language",0,1,7.4,7.1,5.7,7.6,7.1,10,3,5,4.5,3.9,2,49.7,5,2,5,4,3,5,4,5,,,3,4,4,4,4,4,1,2,4,,,2,2,4,3,,3,2,4,3,,,,5,5,2,4,5,3,2,3,5,4,1,1,3,2,5,,3,3,4,3,2,3,1,3,2,1,0,1,1,1,1,1,1,1,0,1,0,0.913,0.689,56.5,62.3,1,1,1,0,0,"C"
60,"S01","C004","South","vocational",20,-1.442,-0.138,16,11,"girl",-0.435,3,4,"majority_language",0,0,6.5,6.5,6.2,7.8,7.1,9,9,2,5.6,10,4,49.3,,5,3,5,5,2,4,4,1,2,,2,3,4,2,2,1,4,1,2,,1,1,4,1,2,3,1,2,4,3,4,3,4,,3,3,4,2,3,4,2,3,1,2,4,4,2,3,4,3,4,4,2,4,,3,3,1,1,1,1,1,1,0,0,0,0,0,0,0.907,-0.209,48.2,43.9,1,0,1,0,0,"A"
61,"S01","C004","South","vocational",20,-1.442,-0.138,15.5,11,"girl",-0.623,2,5,"majority_language",0,0,7.7,7.4,8,6.5,6.6,8,4,3,4,4.3,2,41.6,3,3,2,3,4,3,4,5,5,4,4,,4,3,2,3,2,3,4,4,3,3,2,2,2,3,1,2,2,2,1,2,1,5,4,2,3,3,4,4,1,4,4,3,2,1,4,2,2,2,3,2,4,3,5,3,1,3,1,1,1,1,1,0,1,0,0,,,0,0.877,-0.16,58,69,1,0,1,0,0,"A"
62,"S01","C004","South","vocational",20,-1.442,-0.138,16.3,11,"boy",-0.724,2,,"majority_language",0,0,6.3,6.6,6.1,6.3,6.8,4,4,2,3.9,2.6,1,43.9,2,4,3,4,4,,3,5,4,5,3,2,2,4,4,3,4,3,3,3,,,2,3,1,3,3,2,3,3,4,1,4,3,3,4,2,1,4,5,4,3,3,2,5,5,4,5,1,2,,2,4,4,4,2,4,3,1,0,1,1,0,1,0,0,0,0,0,0,0.779,0.631,51.4,47.2,1,1,0,0,0,"A"
63,"S01","C004","South","vocational",20,-1.442,-0.138,16.2,11,"boy",0.147,3,3,"majority_language",0,0,6.4,7,6.1,5.1,7.8,1,1,5,6.5,1.4,3,29.6,2,,2,2,2,3,2,2,3,3,2,2,1,2,2,5,3,3,3,3,2,2,4,2,,,,2,3,3,2,2,3,3,4,4,,,5,3,5,3,4,3,4,5,,,2,2,2,2,3,4,4,3,3,4,1,1,1,,0,1,0,0,1,0,0,0,0.857,-1.97,52.4,63.5,1,1,1,0,0,"B"
64,"S01","C004","South","vocational",20,-1.442,-0.138,16.3,11,"boy",-0.564,1,1,"majority_language",0,0,7.3,6.5,8,8.3,8.4,6,2,3,4.3,3,4,48.9,5,5,5,2,4,,5,5,,,4,4,2,3,1,4,3,3,4,3,3,5,3,,2,2,,2,3,,,,,,5,3,4,5,5,,4,5,,5,4,5,5,4,5,5,3,4,5,2,3,3,2,2,1,1,0,1,1,1,1,1,0,1,0,0,0.737,-0.475,45.3,37.9,1,1,1,0,0,"C"
65,"S01","C004","South","vocational",20,-1.442,-0.138,16.2,11,"girl",-0.143,4,3,"majority_language",0,0,7.1,6.6,7.1,6.3,6.7,8,12,4,7.4,6.1,4,39.8,4,4,5,4,3,3,4,4,,,4,2,5,3,4,3,2,,2,2,2,1,1,1,1,1,1,1,,3,,,,,3,3,2,3,2,4,1,1,1,2,3,,3,2,4,4,2,4,4,4,2,,3,3,1,0,1,1,1,1,1,0,0,1,1,0,0.901,0.636,55.7,61.1,1,1,1,0,0,"C"
66,"S01","C004","South","vocational",20,-1.442,-0.138,17.1,11,"girl",-0.626,1,1,"majority_language",0,0,6.5,6.1,6.6,7.2,7.2,4,4,9,4.6,2.7,4,38,4,5,3,5,4,4,4,3,4,3,2,4,4,4,4,3,3,4,2,3,4,1,1,1,1,,1,3,1,1,1,1,,4,5,3,4,,4,4,3,3,4,3,4,2,2,3,3,2,4,2,3,3,4,2,3,3,1,1,1,1,1,1,0,,0,0,0,,,,,,1,1,1,0,0,"A"
67,"S01","C004","South","vocational",20,-1.442,-0.138,16.8,11,"boy",0.08,4,5,"majority_language",0,0,7.1,6.5,6.6,6,7,15,6,4,5.3,1.9,1,35.2,4,3,3,3,4,4,2,2,,,2,2,4,2,5,,3,3,3,2,3,4,5,3,,4,3,4,3,2,,,,3,3,4,2,3,,3,1,,3,2,4,2,3,3,3,1,3,,3,3,2,3,2,2,0,1,1,0,1,0,0,,0,1,0,0,0.688,-0.346,47,52.1,1,1,1,0,0,"C"
68,"S01","C004","South","vocational",20,-1.442,-0.138,17.1,11,"boy",-0.82,2,1,"other_language",0,0,6.6,6.7,5.6,7.1,6.8,10,5,11,7.3,4,4,58.2,3,3,4,4,4,2,2,4,2,1,3,5,5,2,4,1,1,2,1,2,1,,2,3,5,4,3,4,2,2,2,4,2,3,3,3,4,1,1,,3,4,3,2,3,3,3,1,2,,,4,3,4,3,3,2,4,1,1,,1,0,1,0,1,1,0,0,0,0.841,0.586,45.6,48.1,1,1,0,0,0,"A"
69,"S01","C004","South","vocational",20,-1.442,-0.138,17,11,"girl",0.458,3,2,"majority_language",1,0,6.3,6.9,5.7,6.5,7.6,8,0,6,7.5,2.6,1,37.1,2,5,4,3,4,3,2,3,2,3,3,3,4,2,5,3,3,1,2,3,2,3,1,2,,,,3,3,1,3,1,3,1,2,2,2,,4,4,3,3,3,4,,2,,,4,4,2,2,3,3,2,3,3,3,0,1,0,0,1,0,,1,0,0,0,,0.601,0.415,35,39.8,1,1,1,0,0,"B"
70,"S01","C004","South","vocational",20,-1.442,-0.138,16.1,11,"girl",-0.348,2,3,"majority_language",0,0,7.1,6.8,6.7,7.3,6.3,5,3,6,5.7,2.8,2,58.7,4,4,4,5,4,3,4,2,4,3,5,5,3,5,5,1,3,1,3,1,1,1,2,2,2,1,3,1,2,,3,3,1,3,2,4,3,3,,3,4,4,5,4,4,4,3,5,3,4,2,2,,2,4,3,5,2,0,1,1,0,0,1,1,0,0,0,0,1,,,,,1,1,1,0,0,"A"
71,"S01","C004","South","vocational",20,-1.442,-0.138,17.2,11,"boy",-2.034,1,1,"other_language",1,0,5.6,6,,6.6,7,2,2,,6.3,3.5,1,30.9,2,4,4,3,4,5,,4,,4,,,,,,4,3,2,5,3,3,,1,1,1,2,1,,,,,,,4,,3,4,3,4,5,5,4,3,,,,,,3,,4,,4,4,4,3,5,3,1,1,0,1,0,1,0,0,0,,1,1,0.579,-0.498,24.2,47.8,1,1,1,0,1,"A"
72,"S01","C004","South","vocational",20,-1.442,-0.138,16.2,11,"girl",0.08,1,3,"other_language",1,0,7.6,7.1,6.8,6.4,7,0,6,3,7.8,4.2,4,62.2,4,5,4,4,1,4,3,2,3,2,5,,3,4,3,1,1,2,1,1,1,1,1,1,1,2,1,3,1,,1,3,2,5,5,5,4,5,3,5,4,3,4,2,4,3,2,2,4,5,4,5,5,4,5,2,5,5,1,1,1,1,1,1,1,0,1,1,0,0,0.809,1.017,38,45.9,0,0,1,0,0,"A"
73,"S01","C004","South","vocational",20,-1.442,-0.138,16.9,11,"boy",-0.549,2,1,"majority_language",0,0,6.1,5.9,5.8,5.9,6.8,10,8,9,4.6,3,3,52.1,2,4,4,3,4,2,2,1,,,2,,3,3,1,2,1,1,2,2,1,2,1,1,3,2,2,3,3,2,,,,5,4,2,4,4,4,3,5,4,2,3,3,4,2,3,4,3,3,4,4,4,4,5,5,4,1,1,0,0,1,1,0,0,0,0,0,0,0.65,-1.093,39.3,63,0,1,1,0,0,"C"
74,"S01","C004","South","vocational",20,-1.442,-0.138,16.2,11,"boy",0.447,3,3,"majority_language",0,0,6.4,6.3,6.4,7.3,6.7,1,3,5,7.7,2.6,2,41.3,3,4,,3,3,1,3,2,,,2,3,3,4,3,3,4,3,2,4,3,3,4,2,3,4,2,3,2,2,,,,3,2,2,4,3,2,3,3,2,2,2,4,1,1,2,4,3,5,5,4,3,2,3,,3,0,1,1,1,0,0,0,1,1,0,0,0,0.759,1.063,53.9,43.5,1,1,1,0,0,"C"
75,"S01","C004","South","vocational",20,-1.442,-0.138,16,11,"girl",0.192,4,4,"other_language",1,0,7.3,7.5,6.5,7.1,7.5,6,8,4,6.4,3.2,5,47.8,2,4,,4,3,3,3,1,,,3,2,3,3,3,2,2,1,1,2,1,3,4,3,2,5,3,3,2,2,,,,2,2,3,3,5,2,4,3,3,3,3,4,4,4,5,,5,4,5,4,4,4,2,5,3,1,1,1,1,0,0,0,0,0,0,0,0,0.763,-0.226,42.7,52.1,1,1,1,0,0,"C"
76,"S01","C004","South","vocational",20,-1.442,-0.138,16.2,11,"girl",-0.876,4,2,"majority_language",0,0,6.1,5.6,6.1,7.6,6.5,4,16,18,3.2,4.6,1,46.3,3,4,3,3,3,4,2,3,3,4,3,3,4,3,3,3,2,3,4,3,3,4,3,4,,,,3,4,4,5,4,3,2,1,5,3,3,2,1,4,3,1,3,1,3,,,3,3,4,4,4,1,3,1,1,2,0,1,1,0,1,0,1,0,1,,0,0,0.766,0.207,56.4,56.2,1,1,1,0,0,"B"
77,"S01","C004","South","vocational",20,-1.442,-0.138,16.9,11,"girl",0.045,4,4,"majority_language",0,0,6.1,6.3,6.3,6.2,7.4,5,1,2,3.4,2,2,44.6,2,2,2,3,2,2,2,3,4,2,1,1,,2,4,1,1,1,1,3,2,1,2,2,,,,2,1,1,3,2,3,5,5,3,5,5,3,5,4,4,4,2,3,3,,,3,2,1,,1,2,3,3,3,4,1,0,0,0,,0,0,0,0,1,0,0,0.813,-1.703,52.8,33.5,1,1,1,0,0,"B"
78,"S01","C004","South","vocational",20,-1.442,-0.138,17.2,11,"boy",0.355,3,3,"other_language",0,0,7.1,7,,7.4,7.8,2,1,,4.9,1.2,2,50.6,4,3,4,3,5,3,3,5,4,4,,,,,,3,3,1,1,1,,2,2,1,3,2,2,,,,,,,5,4,1,5,4,4,5,5,,5,,,,,,4,4,4,3,3,1,2,,3,3,1,,1,1,0,1,1,0,,0,0,0,0.752,-0.078,55,49.2,1,1,1,0,1,"A"
79,"S02","C005","North","technical",21,-0.67,-0.021,15.3,10,"boy",1.277,4,5,"majority_language",1,0,6.6,,,8.3,5.9,2,,,6,1.4,2,44.5,3,2,2,4,2,,,,,,,,,,,2,3,2,1,2,3,,,,,,,,,,,,,2,3,2,3,2,,,,,,,,,,,4,,3,3,4,1,3,2,3,3,1,1,1,0,0,1,0,0,0,1,0,1,0.608,-0.744,41.8,38.5,1,1,1,1,1,"A"
80,"S02","C005","North","technical",21,-0.67,-0.021,15.8,10,"girl",-0.26,2,2,"majority_language",0,0,6.6,7.1,7.8,7.4,5.9,7,2,9,7.8,1.5,2,51.7,5,3,,4,3,4,,4,3,4,4,5,4,5,5,4,,,3,2,3,3,2,4,,,,1,1,2,1,4,5,1,2,1,3,2,3,3,3,2,4,3,3,2,,,3,4,4,4,,2,4,3,,4,1,0,1,0,1,0,1,0,1,0,0,0,,,,,1,1,1,0,0,"B"
81,"S02","C005","North","technical",21,-0.67,-0.021,15.7,10,"girl",0.287,3,4,"majority_language",0,0,6.4,6.3,5.6,6.8,5.7,2,2,2,7.3,1.4,1,42.7,3,2,5,2,3,3,3,3,5,1,2,3,2,2,3,,2,2,2,3,2,2,3,1,2,2,3,2,2,2,3,3,1,4,5,3,5,4,5,3,4,2,4,2,3,4,4,2,2,3,3,4,4,2,3,5,5,5,1,1,1,1,0,0,1,0,0,0,1,0,0.703,0.641,51.8,26.4,1,0,0,0,0,"A"
82,"S02","C005","North","technical",21,-0.67,-0.021,15.6,10,"boy",-0.093,2,3,"majority_language",0,0,6.7,7.5,7.7,7.4,5.1,2,1,24,4.5,4.4,5,46.4,4,4,5,3,5,4,5,4,2,5,4,3,3,2,3,1,1,2,2,3,1,2,3,2,,,,3,,2,3,1,2,4,4,3,3,3,4,1,1,1,2,2,3,2,,,4,3,3,4,4,5,4,5,,5,1,1,1,0,1,0,1,1,0,1,0,0,0.746,-0.758,32.7,35.6,1,1,1,0,0,"B"
83,"S02","C005","North","technical",21,-0.67,-0.021,15.6,10,"girl",-0.114,3,5,"majority_language",0,1,6,6,6.5,6.8,7.5,0,1,2,9.7,4,4,43.5,4,4,5,4,4,2,2,,3,3,4,2,2,2,3,5,4,4,3,3,2,2,2,2,,,,3,1,,1,1,1,4,,5,4,2,2,4,5,5,5,3,5,3,,,3,2,3,2,3,4,4,5,5,5,1,1,1,0,0,1,0,,0,0,0,0,0.739,0,59.3,42.9,1,1,1,0,0,"B"
84,"S02","C005","North","technical",21,-0.67,-0.021,15.5,10,"girl",0.004,4,5,"majority_language",0,0,5.9,6.7,6.4,6.5,6.1,4,3,15,5.7,3.1,3,45.9,2,5,4,2,3,1,1,2,,1,4,,5,4,3,3,1,1,,2,3,2,,2,4,2,3,3,2,3,2,4,4,2,1,4,3,2,5,1,3,3,,2,,3,1,2,5,5,5,3,3,4,3,2,2,4,1,0,0,0,0,1,0,0,1,0,0,0,0.524,-0.056,52,49.4,1,1,1,0,0,"A"
85,"S02","C005","North","technical",21,-0.67,-0.021,15.7,10,"girl",0.234,4,,"majority_language",0,0,5.9,5.7,,5.9,7.2,5,1,,0,1.5,1,42.8,4,4,4,2,3,3,2,2,3,3,,,,,,3,3,3,4,5,3,3,2,2,,,,,,,,,,3,4,4,5,2,5,4,5,4,3,,,,,,3,3,4,3,3,,4,5,4,3,1,0,0,0,1,0,0,,0,0,0,0,0.634,-1.696,35.3,53.1,1,1,1,0,1,"B"
86,"S02","C005","North","technical",21,-0.67,-0.021,15.1,10,"boy",-0.658,2,1,"majority_language",0,0,6.9,6.7,,6.6,6.1,4,1,,4.1,2.6,3,59.7,4,4,3,3,4,3,3,3,1,4,,,,,,1,2,1,3,1,2,2,1,1,,,,,,,,,,3,4,3,3,2,2,4,2,3,4,,,,,,5,3,3,5,2,4,4,5,3,5,1,1,1,1,1,1,0,1,1,1,1,1,0.612,-0.423,48,34.5,0,1,1,0,1,"B"
87,"S02","C005","North","technical",21,-0.67,-0.021,16.4,10,"boy",1.824,5,4,"majority_language",0,0,7.5,7.4,7.4,6.8,7.4,0,2,1,9.5,1.3,2,43.3,4,4,4,3,4,5,4,5,5,5,4,4,4,5,4,1,1,3,2,2,1,1,2,1,,,,2,2,1,1,2,2,5,4,5,5,2,4,4,4,4,5,5,4,4,,,4,2,1,3,2,4,3,,2,2,1,1,0,1,1,1,1,0,0,0,0,0,0.92,1.415,61.6,51,1,1,1,0,0,"B"
88,"S02","C005","North","technical",21,-0.67,-0.021,16.2,10,"girl",-0.9,3,2,"majority_language",0,0,6.9,6.9,6.9,6.9,6.6,3,4,13,4.9,2.9,1,39.3,3,4,,5,5,,3,5,3,4,4,,5,5,4,2,2,3,1,3,3,1,2,3,1,3,2,1,3,2,3,,1,1,3,3,3,1,1,2,3,5,1,,2,3,3,3,,2,3,2,1,4,,,4,5,1,1,1,0,1,1,0,0,0,0,0,0,0.58,-0.605,42.4,45,1,1,1,0,0,"A"
89,"S02","C005","North","technical",21,-0.67,-0.021,15.4,10,"boy",-0.291,3,1,"other_language",0,0,6.5,6.7,6.6,6.6,7.6,2,7,9,3.7,3.1,4,42.1,3,5,4,3,2,4,2,4,3,4,3,4,2,3,4,2,1,1,3,3,2,2,1,2,2,2,1,2,,1,1,1,1,5,5,5,2,,4,5,5,2,4,2,4,4,3,5,3,5,2,3,3,4,3,4,2,,1,1,1,0,1,0,0,0,0,0,0,0,0.683,-1.523,38.8,43.1,1,0,1,0,0,"A"
90,"S02","C005","North","technical",21,-0.67,-0.021,16,10,"girl",0.082,5,3,"majority_language",1,0,6.3,5.5,5.4,7.6,7.1,9,6,5,4.7,7.4,3,42.2,2,2,2,2,1,2,2,1,,,3,3,3,4,4,3,4,4,3,,2,3,5,4,3,3,4,2,,2,,,,4,5,,4,5,5,5,5,5,4,5,,4,4,4,3,5,4,5,5,4,4,4,5,4,1,1,1,0,1,0,0,0,0,1,0,,0.634,0.494,44.3,44.7,1,1,1,0,0,"C"
91,"S02","C005","North","technical",21,-0.67,-0.021,15.5,10,"girl",-0.548,1,3,"majority_language",0,1,6.1,6.2,6.1,6.2,5.2,5,0,0,3.2,3.5,2,45,2,3,,3,4,3,5,2,2,3,3,5,3,3,5,5,5,4,4,,3,4,5,5,,,,3,5,4,3,1,4,2,2,5,1,,4,4,4,4,,4,,4,,,4,5,4,,,2,3,2,3,3,1,0,0,0,1,0,0,0,0,0,0,0,,,,,1,1,1,0,0,"B"
92,"S02","C005","North","technical",21,-0.67,-0.021,15.4,10,"girl",-0.196,1,3,"majority_language",0,0,5.8,6.2,,7.8,5.2,13,7,,2.5,3.3,2,41.6,3,3,,2,,2,2,4,,,,,,,,2,2,,1,3,2,3,3,4,3,,4,,,,,,,4,3,3,4,4,,2,2,4,3,,,,,,4,3,3,3,,2,3,2,2,3,1,1,1,0,0,,0,0,,0,0,0,0.697,-0.713,36,51,1,1,1,0,1,"C"
93,"S02","C005","North","technical",21,-0.67,-0.021,16.2,10,"boy",0,5,3,"majority_language",0,1,6.1,,,7.2,5.9,23,,,5.5,3.2,1,59.9,2,2,3,4,3,,,,,,,,,,,4,4,4,5,4,4,,,,,,,,,,,,,2,4,2,2,3,,,,,,,,,,,3,4,5,4,4,4,4,5,4,,1,0,1,,1,1,1,0,0,0,0,0,0.644,0.224,56.5,42.8,1,1,1,1,1,"B"
94,"S02","C005","North","technical",21,-0.67,-0.021,15.8,10,"boy",0.445,3,3,"majority_language",0,0,6.8,6.4,,5.9,5.3,10,3,,6.5,2.6,1,45,,,2,5,4,3,2,2,2,3,,,,,,,1,4,3,3,3,4,2,2,,2,2,,,,,,,4,4,4,4,3,3,2,2,3,3,,,,,,2,4,4,3,4,1,3,3,2,2,1,1,1,0,1,1,1,0,0,0,0,0,0.845,0.515,48.9,48.7,1,1,1,0,1,"A"
95,"S02","C005","North","technical",21,-0.67,-0.021,15.5,10,"boy",0.669,5,4,"majority_language",0,0,7,7.6,7.5,6.9,7.6,1,4,1,4.2,2,5,52.5,5,5,5,5,5,4,5,3,5,4,5,4,5,5,5,3,2,1,4,1,3,3,2,3,4,3,2,2,1,1,2,3,2,2,2,5,3,4,4,4,4,5,2,3,3,3,5,4,,4,3,4,4,3,5,3,3,4,1,1,1,0,0,1,0,1,0,0,1,0,0.792,0.734,50.9,64,1,0,0,0,0,"A"
96,"S02","C005","North","technical",21,-0.67,-0.021,15.1,10,"girl",-0.459,4,4,"majority_language",0,0,7.7,6.8,,7.5,7.3,4,4,,9.1,2.2,4,56.9,4,5,5,5,5,5,5,5,4,5,,,,,,2,3,1,3,1,4,5,4,3,,,,,,,,,,5,5,,4,5,4,,2,4,4,,,,,,5,3,3,4,5,4,4,5,5,5,1,1,,1,1,1,0,0,1,0,1,1,0.52,-1.029,53.6,41.8,1,1,1,0,1,"B"
97,"S02","C005","North","technical",21,-0.67,-0.021,15.2,10,"boy",0.777,2,5,"majority_language",0,0,6.5,6.4,6.8,6.4,7.6,1,2,2,6.6,2.6,4,54.6,5,3,4,3,5,4,5,5,4,5,5,5,4,3,3,1,1,2,1,1,2,1,2,1,1,1,1,2,1,1,3,1,1,4,4,5,4,4,4,4,5,5,5,5,5,4,4,3,3,2,2,3,3,3,4,3,,5,1,1,1,0,1,1,0,,0,0,1,0,,,,,1,0,0,0,0,"A"
98,"S02","C005","North","technical",21,-0.67,-0.021,15.6,10,"boy",-0.255,3,3,"majority_language",0,0,7.3,7.6,,6.3,6.4,1,1,,8.8,3.4,4,60.2,5,5,5,,4,5,4,4,,,,,,,,1,1,1,,1,2,1,1,1,1,1,1,,,,,,,3,2,3,4,4,2,4,3,3,4,,,,,,4,4,5,4,4,2,5,3,2,3,1,0,,0,1,1,0,1,0,0,1,0,0.708,-1.521,43.7,47.6,1,1,1,0,1,"C"
99,"S02","C005","North","technical",21,-0.67,-0.021,15.6,10,"girl",0.254,3,4,"majority_language",0,1,6.4,6.6,6.5,6.2,8,1,1,1,2.5,3.7,2,43.7,3,3,2,4,3,1,3,3,,,3,1,4,3,3,3,3,2,1,1,,3,1,3,2,3,3,2,1,1,,,,3,4,3,3,2,5,4,,3,2,4,4,2,4,2,2,2,2,4,2,2,2,2,4,3,1,0,1,0,1,0,1,0,1,0,0,0,0.35,-0.772,29,26.5,1,1,1,0,0,"C"
100,"S02","C006","North","technical",20,-0.67,-0.704,16,10,"girl",-0.826,2,1,"majority_language",0,0,6.3,6.4,6.6,5.6,5.9,15,11,7,8.6,3.1,1,40.2,3,5,3,4,2,3,2,,,,3,3,4,4,5,4,2,3,2,3,3,4,3,2,3,4,2,3,2,,,,,2,1,3,2,3,3,4,2,,2,2,2,4,3,3,2,3,3,4,4,4,3,3,2,3,1,0,1,1,0,,0,0,1,0,0,0,0.856,-0.394,55.7,43,1,1,1,0,0,"C"
101,"S02","C006","North","technical",20,-0.67,-0.704,15.2,10,"girl",-0.339,2,2,"majority_language",0,0,7.2,6.7,6.4,6.4,7.5,11,15,1,2.5,3.3,1,42.3,2,1,1,3,2,2,2,,4,3,2,1,3,5,4,1,3,3,2,2,2,3,3,3,3,5,3,3,3,4,4,4,3,2,4,4,5,3,2,2,4,3,,3,3,3,2,2,2,4,2,3,4,2,3,2,2,3,1,1,1,1,1,1,1,1,0,1,0,0,0.783,-0.179,42.3,55.9,0,1,0,0,0,"A"
102,"S02","C006","North","technical",20,-0.67,-0.704,15.9,10,"boy",-0.731,1,2,"majority_language",1,0,6.1,5.8,5.7,5.2,5.5,2,4,1,2.3,1.7,4,52.6,5,1,3,2,3,3,4,4,,2,2,3,5,4,4,2,1,2,2,3,1,3,1,1,,,,1,2,1,3,3,2,2,3,1,4,3,4,5,5,4,4,2,,5,,,1,4,2,4,2,2,2,4,2,2,0,0,1,0,1,0,0,0,0,0,1,0,0.552,-0.806,39.9,42.2,0,1,1,0,0,"B"
103,"S02","C006","North","technical",20,-0.67,-0.704,15.7,10,"girl",0.118,2,3,"majority_language",0,0,7.2,6.8,6.8,7.7,6.2,3,6,4,7.2,3.1,2,48.2,5,3,4,3,5,3,4,2,4,1,3,4,2,3,3,2,1,1,1,2,,2,,3,,,,3,1,1,2,1,1,1,1,1,2,,3,1,1,1,2,1,3,3,,,3,4,4,5,4,3,3,2,4,3,0,0,1,0,0,1,0,0,0,1,0,0,0.73,-0.483,35.6,36.6,1,1,1,0,0,"B"
104,"S02","C006","North","technical",20,-0.67,-0.704,15.2,10,"boy",-0.029,3,2,"majority_language",0,0,5.9,6.2,6.3,8,5.9,5,4,10,5.2,1.2,1,42.9,3,4,4,2,4,2,2,4,2,3,3,4,,3,3,3,2,2,4,,4,1,2,3,,,,3,2,4,3,,2,2,2,1,2,4,4,5,4,4,4,2,4,2,,,4,4,3,4,3,1,1,1,2,1,1,1,1,0,1,0,0,0,0,1,0,1,0.897,1.577,56.5,63.7,1,1,1,0,0,"B"
105,"S02","C006","North","technical",20,-0.67,-0.704,15.4,10,"girl",0.365,5,4,"majority_language",1,0,6.3,6.3,6.3,6.1,7.2,7,17,0,4.4,2.1,3,53.1,4,5,4,4,3,2,3,3,2,3,4,3,4,3,3,3,2,2,1,3,2,2,2,2,3,4,2,2,2,1,2,3,2,3,3,5,2,4,3,3,,1,3,2,2,2,2,4,4,3,3,4,4,3,2,4,4,2,1,1,1,0,1,0,0,0,1,0,0,0,0.733,0.733,48.1,54.2,0,1,0,0,0,"A"
106,"S02","C006","North","technical",20,-0.67,-0.704,15.5,10,"boy",-0.037,5,4,"majority_language",0,0,6.3,6.1,,6.2,5.3,8,10,,2.6,3.9,2,41.8,5,4,2,3,2,4,2,4,3,3,,,,,,1,2,2,3,3,1,3,2,3,,,,,,,,,,3,2,1,3,2,2,3,2,1,4,,,,,,2,3,4,4,2,2,1,1,2,1,,0,0,0,0,0,0,,0,0,0,0,0.926,0.173,52.3,62.2,1,1,1,0,1,"B"
107,"S02","C006","North","technical",20,-0.67,-0.704,15.5,10,"girl",1.024,4,5,"other_language",1,0,6.9,7.5,8.1,5.2,5.8,6,5,1,8.6,1.6,1,48.5,,3,4,5,3,4,4,2,3,4,5,5,5,5,4,1,1,2,3,1,2,1,3,2,,,,2,3,2,3,2,3,3,4,4,5,5,2,4,4,3,3,2,3,,,,4,,4,3,5,2,2,5,2,2,1,1,0,1,1,1,0,0,0,0,1,0,0.791,-0.076,60.6,36.7,1,1,1,0,0,"B"
108,"S02","C006","North","technical",20,-0.67,-0.704,15.8,10,"boy",0.037,4,3,"majority_language",0,0,6.4,6.6,,7.1,6.8,3,8,,6.2,3,2,46.5,4,1,2,4,2,2,2,2,4,1,,,,,,3,2,2,3,4,2,2,2,2,2,3,1,,,,,,,3,1,4,1,2,2,1,2,2,2,,,,,,4,4,4,3,,3,,2,4,2,1,1,1,1,0,1,0,0,0,0,0,0,0.922,-1.64,43.6,40.4,1,0,1,0,1,"A"
109,"S02","C006","North","technical",20,-0.67,-0.704,16,10,"boy",-0.199,1,3,"majority_language",0,0,6.5,6.9,,6.9,6.7,1,5,,4.7,3.2,2,38.7,3,5,5,2,3,2,2,4,3,2,,,,,,4,2,3,4,,3,2,3,2,,,,,,,,,,3,3,3,4,5,2,3,2,4,3,,,,,,4,3,4,2,4,2,4,3,4,3,1,1,1,1,0,0,1,0,,0,0,,0.819,0.736,48.4,59.1,1,1,1,0,1,"B"
110,"S02","C006","North","technical",20,-0.67,-0.704,15.4,10,"girl",-0.252,3,3,"majority_language",0,0,6.3,6.9,6.3,7.2,7.2,4,4,3,4.2,2.3,4,44.7,5,,5,4,5,4,5,2,3,3,4,4,4,5,5,3,2,1,1,,3,3,3,2,,,,4,3,4,4,4,,3,4,4,4,,5,3,3,4,5,2,4,2,,,3,3,2,2,3,5,3,4,3,3,1,0,1,1,1,0,0,0,1,0,1,0,0.76,-1.062,56.4,48.1,1,1,1,0,0,"B"
111,"S02","C006","North","technical",20,-0.67,-0.704,15.2,10,"boy",0.119,3,1,"majority_language",0,0,6,6.4,6.5,5.1,5.1,4,3,2,8.5,0.7,4,47.2,3,3,4,5,4,3,4,2,3,,4,3,4,4,4,2,2,1,3,,2,1,3,2,1,3,3,3,2,2,2,1,1,2,3,4,3,3,4,5,3,2,3,5,4,2,5,2,3,3,3,3,3,5,3,3,4,3,1,1,1,0,0,0,0,,0,0,0,0,0.393,-1.021,28.6,41.1,1,1,0,0,0,"A"
112,"S02","C006","North","technical",20,-0.67,-0.704,16,10,"girl",-0.112,3,2,"other_language",0,0,6.5,6.2,6.7,6.2,7.4,17,4,0,4.6,3.2,1,44.4,3,5,4,2,4,5,4,3,3,5,5,5,5,4,4,3,3,3,4,4,,1,4,2,,,,,,2,3,3,2,2,2,1,2,2,,,1,2,1,3,3,3,,,3,3,2,3,4,4,2,2,4,2,1,1,0,1,1,0,0,0,0,1,0,0,0.583,0.197,39.8,49.1,1,1,1,0,0,"B"
113,"S02","C006","North","technical",20,-0.67,-0.704,15.8,10,"girl",0.326,4,3,"majority_language",1,1,7.3,6.9,7.9,8.6,6.2,10,7,2,7.5,3.5,2,46.7,2,4,1,3,2,2,4,4,,,4,4,3,3,4,3,1,1,3,3,1,2,2,1,,3,2,1,2,1,,,,2,3,2,2,1,2,4,1,1,3,2,5,1,3,4,4,3,3,4,4,2,2,2,2,2,1,1,1,1,1,1,1,1,1,0,0,0,0.832,0.601,53.4,55,0,1,1,0,0,"C"
114,"S02","C006","North","technical",20,-0.67,-0.704,15.4,10,"boy",-0.926,1,1,"majority_language",1,0,6.7,6.1,,7.7,6.2,3,3,,5.9,1.4,3,40,4,4,,3,3,3,3,4,4,4,,,,,,2,1,1,1,1,2,2,1,1,,,,,,,,,,3,2,4,4,5,4,4,3,4,2,,,,,,3,2,5,4,3,3,3,3,1,1,1,1,1,0,0,1,1,0,0,0,0,0,0.818,-1.17,38.2,58.2,1,1,1,0,1,"B"
115,"S02","C006","North","technical",20,-0.67,-0.704,15.2,10,"boy",-0.752,2,1,"other_language",0,0,6.3,7.2,6.9,5.7,6.2,4,15,13,4.3,4.7,2,35.1,3,4,2,1,3,4,3,2,4,,,4,2,3,3,3,3,4,4,4,4,3,1,4,,,,3,,,2,2,1,3,3,3,4,5,2,2,2,3,4,3,4,2,,,4,4,,5,,2,2,,3,2,1,,0,0,0,0,0,0,0,1,0,0,0.675,-2.252,44.4,35.8,1,1,1,0,0,"B"
116,"S02","C006","North","technical",20,-0.67,-0.704,16.1,10,"boy",-0.891,1,3,"other_language",0,0,7.3,6.7,6.6,7.3,5.1,2,1,13,9.4,7.5,2,48.7,3,3,2,3,2,4,3,,4,2,3,3,3,2,1,3,1,2,1,4,1,4,1,2,3,4,3,2,3,4,3,4,3,4,,3,,3,3,1,3,3,3,3,4,4,2,3,4,5,3,3,4,2,1,1,1,2,1,0,1,1,,0,1,0,0,0,0,1,0.854,0.831,52.2,49.6,1,1,0,0,0,"A"
117,"S02","C006","North","technical",20,-0.67,-0.704,15.2,10,"boy",-1.53,1,1,"majority_language",0,0,6.6,7.1,6.2,5.8,6.6,3,22,9,2,4.4,3,49.4,3,3,3,3,5,5,4,3,,,4,,2,3,2,2,2,1,1,2,1,1,1,1,2,1,2,3,2,2,,,,2,2,3,3,1,1,,2,2,2,2,4,2,4,2,1,2,1,3,3,4,4,1,4,2,0,0,0,0,0,0,0,0,0,0,0,0,,,,,1,1,1,0,0,"C"
118,"S02","C006","North","technical",20,-0.67,-0.704,16.1,10,"boy",-0.225,2,4,"other_language",0,0,6.9,5.8,6.2,7.7,8.4,5,10,6,6.3,4,2,39.1,3,4,2,3,,4,4,4,,,,4,4,5,4,4,4,1,3,3,3,2,3,3,3,3,3,5,2,4,,,,3,4,2,4,4,1,2,3,2,4,2,4,1,4,3,4,4,3,3,4,3,4,3,4,4,1,0,1,1,1,1,0,1,0,1,0,0,0.775,-0.889,54.2,55.5,1,1,1,0,0,"C"
119,"S02","C006","North","technical",20,-0.67,-0.704,15.3,10,"girl",-0.985,1,1,"majority_language",0,0,5.7,,,5.3,6.4,2,,,4.8,4.9,3,40,2,3,2,,4,,,,,,,,,,,3,3,3,4,4,4,,,,,,,,,,,,,4,5,3,5,4,,,,,,,,,,,3,2,1,3,1,1,3,2,3,3,0,1,0,1,0,0,0,1,0,0,0,0,0.551,0.608,41,44.4,1,1,1,1,1,"B"
120,"S02","C007","North","technical",18,-0.67,0.411,15,9,"boy",-0.248,1,2,"other_language",1,0,6.6,6.2,6.2,6.2,6.4,2,5,22,5.1,5.4,1,39.2,2,4,2,3,2,1,3,2,2,2,1,4,1,,2,4,3,3,4,2,4,3,1,3,4,3,3,3,3,,4,4,4,3,2,4,3,3,,4,2,4,4,2,4,2,2,,3,4,4,3,3,3,2,4,3,3,1,1,0,1,1,1,1,1,0,0,0,0,0.707,1.942,65.2,50.6,0,1,1,0,0,"A"
121,"S02","C007","North","technical",18,-0.67,0.411,14.4,9,"boy",1.314,5,5,"majority_language",0,0,6.5,7.6,7,6.9,6.7,9,5,9,2.4,2.6,3,54.8,4,3,4,4,4,,2,3,4,5,2,4,1,4,3,1,3,1,3,3,2,2,3,2,2,1,2,3,3,3,3,3,3,3,2,2,3,3,3,2,3,,3,3,2,2,2,2,3,3,,3,3,4,3,5,2,4,0,0,0,1,0,0,0,0,0,0,0,0,0.849,-0.799,47.1,48.2,1,1,0,0,0,"A"
122,"S02","C007","North","technical",18,-0.67,0.411,14.5,9,"girl",-0.474,4,3,"majority_language",0,0,7.1,7.9,6.5,8.9,7.8,0,2,0,9.1,1.4,3,59.8,4,5,4,5,4,5,3,3,5,3,3,,4,3,4,1,1,1,1,2,1,1,1,1,,,,1,,1,2,1,1,5,4,5,4,4,5,,,,5,5,5,4,,,5,3,3,3,3,3,4,3,4,3,1,1,1,1,1,1,1,0,1,1,0,1,0.695,-0.67,40.1,44.2,0,1,1,0,0,"B"
123,"S02","C007","North","technical",18,-0.67,0.411,14.2,9,"girl",-0.561,2,3,"other_language",0,0,6.4,6.7,6.3,6.8,7,0,3,2,4.7,4.6,5,54.1,4,5,4,4,4,3,4,5,4,4,4,5,5,3,3,3,2,1,2,2,1,1,1,2,,,,3,1,1,1,1,1,5,5,5,3,2,4,,5,,4,5,4,5,,,4,3,3,4,3,,2,4,2,3,0,0,0,0,0,,0,0,1,1,0,0,0.732,0.828,61.9,61.4,1,1,1,0,0,"B"
124,"S02","C007","North","technical",18,-0.67,0.411,14.2,9,"girl",0.416,4,2,"majority_language",0,0,8.3,8.1,7.2,8.4,8,1,1,0,8.9,2.1,3,48.8,,5,4,5,5,5,3,3,4,3,5,4,3,5,3,3,2,3,2,2,,2,1,1,3,1,2,2,1,1,2,1,1,3,3,1,5,3,5,4,3,4,5,3,5,4,5,5,3,4,5,5,2,2,4,5,5,1,1,,1,0,1,1,1,0,,0,1,1,0.948,2.214,75.2,65,1,0,0,0,0,"A"
125,"S02","C007","North","technical",18,-0.67,0.411,14.8,9,"girl",0.098,4,3,"majority_language",0,0,8.8,7.3,7.1,8.3,6.2,6,6,3,8.1,1.2,2,53.5,5,4,4,5,4,2,4,5,4,4,4,5,4,5,5,3,1,1,3,1,2,3,2,4,,1,4,2,2,2,1,1,2,1,1,3,2,4,2,3,3,3,3,2,3,5,3,4,,,2,3,2,3,3,4,3,4,0,1,1,0,1,0,0,0,0,0,0,0,0.878,-1.17,62,54.9,1,1,0,0,0,"A"
126,"S02","C007","North","technical",18,-0.67,0.411,14.2,9,"boy",-1.192,1,3,"majority_language",0,0,6.2,4.9,5.6,5.3,6.3,0,3,8,4.9,6.2,1,55.4,2,4,4,,5,3,3,1,3,4,5,4,4,5,4,,4,2,2,3,2,1,3,2,2,2,1,1,1,2,2,1,1,4,5,4,4,5,,5,5,5,2,3,4,5,4,3,,5,5,4,2,3,5,3,4,5,0,1,0,0,0,0,0,0,0,0,,0,0.35,-0.706,28.4,41.7,1,1,0,0,0,"A"
127,"S02","C007","North","technical",18,-0.67,0.411,14.5,9,"boy",1.108,4,4,"majority_language",0,1,6.1,6.4,,7.2,5,2,1,,5.6,1.9,2,48.9,3,4,2,4,4,4,3,3,,,,,,,,1,2,4,4,3,2,4,2,3,4,,1,,,,,,,1,,2,3,2,3,,2,3,1,,,,,,2,3,3,3,3,,2,1,2,1,1,1,0,1,0,0,0,1,1,0,0,0,0.513,0.023,46.5,34.2,1,1,1,0,1,"C"
128,"S02","C007","North","technical",18,-0.67,0.411,14.1,9,"girl",-0.488,1,2,"majority_language",0,0,5.5,5.8,6.9,6.1,6.9,7,5,12,4,2.7,3,45.6,4,2,3,4,4,5,4,5,,,,5,3,5,5,2,3,3,2,1,2,3,1,1,3,2,2,1,1,3,,,,4,3,4,4,2,3,,3,2,4,3,3,3,3,3,4,4,5,5,3,4,5,5,2,3,1,1,0,0,0,0,0,0,0,0,0,0,0.437,-0.982,41.7,44.1,0,1,1,0,0,"C"
129,"S02","C007","North","technical",18,-0.67,0.411,14,9,"boy",-0.679,3,2,"majority_language",0,0,6.1,6.4,6.4,6.5,6.4,7,3,1,7.1,2.6,3,41.8,2,2,3,3,4,3,3,3,,,1,2,4,2,2,2,1,1,1,2,2,,2,1,2,2,1,1,,1,,,,3,4,4,4,4,5,4,4,3,4,5,5,5,4,4,4,3,5,,4,5,2,4,4,,0,1,1,0,0,0,0,0,0,0,0,0,0.864,1.265,51,58.4,1,1,1,0,0,"C"
130,"S02","C007","North","technical",18,-0.67,0.411,14.2,9,"girl",-0.373,5,3,"majority_language",0,0,6.1,6.9,,5.6,6,0,0,,8.7,2.3,2,44.5,2,4,1,3,4,5,3,4,5,4,,,,,,1,1,1,1,1,2,1,1,2,3,2,2,,,,,,,2,2,2,3,3,2,4,3,3,3,,,,,,3,5,4,4,4,,2,4,4,3,,1,1,0,1,0,0,0,1,0,0,0,0.625,-2.223,44.2,41.1,1,0,1,0,1,"A"
131,"S02","C007","North","technical",18,-0.67,0.411,15.1,9,"girl",-1.486,1,1,"majority_language",0,0,6.3,6.3,,6.1,6.9,8,13,,1.3,2.6,1,37,2,2,3,1,,3,2,,1,3,,,,,,4,,4,4,,4,3,2,4,5,3,2,,,,,,,2,3,5,5,,,5,1,3,3,,,,,,2,3,2,3,3,3,,3,3,4,1,,1,1,0,1,0,0,0,0,0,0,0.797,-0.216,47.1,43.4,1,1,1,0,1,"A"
132,"S02","C007","North","technical",18,-0.67,0.411,14.5,9,"girl",-1.034,2,1,"majority_language",0,0,6.4,6,6.2,5.7,7.2,2,1,4,4.3,2.4,4,56,3,2,3,4,4,1,5,5,2,3,3,4,5,3,3,2,2,1,1,2,3,3,5,3,2,3,1,1,1,2,,1,3,5,5,5,5,5,4,5,5,5,3,5,5,4,5,5,3,3,4,3,4,2,3,4,3,4,,0,0,1,0,1,0,0,0,0,0,0,0.632,0.239,38.1,41.1,1,0,1,0,0,"A"
133,"S02","C007","North","technical",18,-0.67,0.411,14.2,9,"boy",-0.274,2,3,"majority_language",0,0,7.8,7.5,7.8,7.1,5.9,1,0,3,3.3,1.5,2,44.2,3,3,5,3,2,4,4,3,5,4,3,4,5,4,5,2,1,1,2,2,1,1,1,1,1,2,1,1,,1,2,1,,3,2,4,4,5,3,4,,5,4,4,4,2,3,5,4,3,2,2,3,4,4,3,5,4,1,0,1,1,0,0,0,0,1,0,,0,0.732,0.358,63.5,52.3,1,1,1,0,0,"A"
134,"S02","C007","North","technical",18,-0.67,0.411,14.3,9,"boy",-0.244,3,2,"majority_language",0,0,5.6,6.5,6.9,7.2,6.6,3,5,7,8.8,3.2,2,49.7,1,3,4,5,4,3,5,3,4,2,4,4,4,5,3,2,2,2,,2,3,,2,3,3,4,3,2,4,4,4,1,3,3,4,2,3,4,1,4,3,5,2,3,4,3,3,3,5,3,4,,5,4,2,2,5,3,1,1,0,0,0,0,0,0,0,0,0,0,0.359,-0.106,50.7,32.1,1,1,0,0,0,"A"
135,"S02","C007","North","technical",18,-0.67,0.411,14.8,9,"boy",0.555,4,3,"majority_language",0,0,5.7,,,6.3,7.7,19,,,4.7,2.4,1,39.6,4,3,2,4,4,,,,,,,,,,,3,3,4,,4,3,,,,,,,,,,,,,5,5,5,5,4,,,,,,,,,,,4,2,,3,3,2,3,3,3,3,1,1,0,1,0,1,0,0,0,0,0,0,0.747,0.109,38.7,52.9,1,1,1,1,1,"A"
136,"S02","C007","North","technical",18,-0.67,0.411,14.7,9,"boy",-0.298,3,1,"majority_language",0,0,7.5,6.8,6.8,7.1,6.3,9,5,6,8.9,1.2,3,43.3,2,4,3,2,5,2,2,4,5,3,4,4,2,3,3,1,1,1,1,1,2,1,2,3,,,,1,3,4,1,1,2,2,3,3,4,3,3,4,3,5,5,4,4,4,,,2,3,2,4,2,2,2,3,4,1,1,,0,0,0,0,0,0,0,0,0,0,0.719,-1.544,31.6,57.3,1,1,1,0,0,"B"
137,"S02","C007","North","technical",18,-0.67,0.411,14.3,9,"girl",-0.506,5,3,"majority_language",0,0,6.9,6.9,6,7.7,6.8,5,1,6,7.5,1.7,4,53.2,4,4,4,5,5,3,1,3,3,,1,2,2,3,2,1,1,2,1,1,1,1,2,2,2,2,,4,2,3,4,4,3,4,4,5,4,2,2,2,3,2,1,3,4,5,4,3,4,4,4,5,4,4,5,5,4,3,1,0,0,0,0,1,0,0,0,0,0,0,,,,,1,1,0,0,0,"A"
138,"S02","C008","North","technical",25,-0.67,1.015,15.2,9,"girl",1.142,5,2,"majority_language",0,0,7.8,6.5,6.9,7.5,6.3,0,5,1,7.5,2.8,5,50.3,4,5,5,4,4,5,5,5,,,4,3,4,3,4,2,3,1,1,2,1,2,1,2,2,1,2,2,1,1,,,,2,2,2,4,4,3,4,2,3,4,4,4,2,4,3,3,3,2,2,3,5,3,4,4,5,0,1,1,1,0,0,1,0,0,0,0,0,0.666,0.409,49,51.1,0,1,1,0,0,"C"
139,"S02","C008","North","technical",25,-0.67,1.015,14.5,9,"girl",-2.452,1,1,"majority_language",0,0,6.8,7,,6.5,6.5,17,8,,1.5,6.8,3,41.9,4,4,4,4,2,,3,3,3,2,,,,,,3,,3,3,3,1,3,5,3,,,,,,,,,,5,3,,2,3,4,4,4,5,4,,,,,,2,2,1,1,1,3,2,4,4,,1,1,,1,1,0,0,1,1,0,0,1,0.794,0.398,61.2,56.4,1,1,1,0,1,"B"
140,"S02","C008","North","technical",25,-0.67,1.015,14.7,9,"girl",0.198,5,2,"other_language",0,0,7,7,8,8.8,7.5,3,8,4,10.4,3.8,3,50.4,4,4,5,5,3,5,5,5,4,5,5,4,5,5,5,2,3,,2,1,3,2,2,1,,,,1,2,1,3,2,1,5,4,4,,4,4,,3,,5,5,5,5,,,5,5,5,4,,3,4,5,5,4,1,1,0,1,1,1,0,1,,1,0,0,0.909,1.827,56,66.7,1,1,1,0,0,"B"
141,"S02","C008","North","technical",25,-0.67,1.015,14.5,9,"girl",-0.173,4,2,"majority_language",0,0,6.5,6.9,6.1,7,6.7,4,5,1,5.4,1.8,3,51.3,5,5,4,4,3,4,4,4,4,3,2,2,4,3,4,2,1,3,2,1,5,2,3,2,,,,2,2,1,2,3,3,5,4,3,,5,2,4,2,3,,3,4,2,,,4,3,3,3,,4,3,4,3,4,1,1,1,0,1,1,1,1,0,1,1,0,0.749,0.037,53.8,41.6,1,1,1,0,0,"B"
142,"S02","C008","North","technical",25,-0.67,1.015,14.5,9,"boy",0.532,3,4,"majority_language",0,0,6.1,6.7,5.1,7.3,7.6,0,1,0,6.4,1.3,3,46.3,3,2,3,3,5,3,4,4,5,2,1,2,3,3,,1,1,1,1,1,1,1,2,1,1,1,1,1,2,1,1,1,1,4,5,4,4,4,5,4,3,2,4,4,4,3,5,3,3,2,4,4,5,4,5,5,4,2,1,1,1,0,0,0,1,0,0,0,0,0,0.78,-1.084,48.1,38.2,0,0,1,0,0,"A"
143,"S02","C008","North","technical",25,-0.67,1.015,14.1,9,"girl",-0.107,2,4,"other_language",0,0,6.6,6.3,6.6,5.9,5.5,4,2,2,9.7,3.8,2,59.8,4,5,4,5,5,5,5,5,5,5,4,4,4,4,5,2,2,1,1,1,1,1,1,1,,,,1,1,1,1,2,1,4,5,5,4,4,5,5,5,5,4,5,3,5,,,3,3,4,3,3,3,3,4,4,4,1,0,0,0,0,0,0,0,0,0,0,0,,,,,1,1,1,0,0,"B"
144,"S02","C008","North","technical",25,-0.67,1.015,14.3,9,"boy",0.029,2,3,"majority_language",0,0,7.7,7.2,7.1,6.6,7.2,2,7,3,6.7,2.5,1,38.1,3,2,2,2,1,2,1,3,,,2,4,1,2,,,3,1,3,2,3,2,3,1,2,2,2,2,3,2,,,,3,5,3,4,5,5,4,4,4,3,3,4,5,5,3,2,1,1,2,2,4,5,5,5,5,1,0,0,1,0,1,0,1,1,0,0,0,,,,,1,1,1,0,0,"C"
145,"S02","C008","North","technical",25,-0.67,1.015,14.2,9,"boy",-0.073,2,3,"majority_language",0,0,7,7,6.8,6.6,6.8,2,1,2,7.9,1.5,2,41.3,2,3,2,3,4,3,2,,4,4,4,4,5,4,4,3,2,2,2,2,4,3,3,1,,,,2,1,1,,1,1,4,2,1,2,3,4,4,5,4,5,5,5,4,,,2,3,3,4,5,5,5,5,5,5,1,0,0,,0,1,0,0,1,0,1,0,,,,,1,1,1,0,0,"B"
146,"S02","C008","North","technical",25,-0.67,1.015,14.3,9,"girl",1.171,3,4,"majority_language",0,0,7.6,7.4,6.3,7.3,8.5,2,0,1,6.6,1.8,2,52.5,5,5,3,3,4,4,5,4,4,5,3,5,5,5,4,2,1,1,2,1,1,1,1,2,1,1,1,,3,1,2,3,2,4,4,3,5,4,4,5,3,,5,4,5,5,5,5,4,4,2,5,4,4,4,4,4,5,1,1,1,1,0,0,0,1,0,0,0,0,0.618,-0.534,54.2,52.8,0,1,1,0,0,"A"
147,"S02","C008","North","technical",25,-0.67,1.015,14.9,9,"girl",0.2,3,5,"majority_language",0,0,7.1,6.3,7.4,8.3,7.6,5,1,1,6.2,1.7,3,34.9,5,3,5,4,5,4,3,5,3,4,4,5,,4,2,1,3,1,2,1,3,3,2,1,,,,1,1,1,1,1,1,4,4,5,3,4,4,5,,3,4,4,4,4,,,2,3,4,5,3,3,5,1,3,2,1,1,0,1,1,1,1,0,1,1,0,0,0.819,-0.041,53.5,46.4,0,1,1,0,0,"B"
148,"S02","C008","North","technical",25,-0.67,1.015,14.8,9,"girl",0.156,2,4,"majority_language",0,0,6.9,6.9,6.7,7.4,7.9,1,3,14,4.4,2.5,5,48.9,5,2,4,3,2,2,3,4,4,4,4,3,2,4,3,2,1,1,2,3,1,1,4,2,1,3,2,3,3,3,3,3,5,5,5,5,5,4,4,5,5,4,,4,5,4,4,5,3,5,3,4,4,,3,3,3,3,0,1,1,0,0,1,0,1,0,1,0,0,0.798,0.391,42.5,45.8,1,1,0,0,0,"A"
149,"S02","C008","North","technical",25,-0.67,1.015,14.2,9,"boy",0.269,4,2,"other_language",0,0,7.4,7.7,8.4,7.9,6.6,1,3,1,2.6,4.1,2,47.1,3,4,4,3,3,2,4,2,3,3,4,5,4,4,4,,1,2,3,2,2,1,2,2,,,,1,1,3,2,4,1,4,3,1,3,4,5,5,5,2,4,4,5,3,,,5,4,3,3,5,5,,4,4,3,1,1,1,1,1,0,1,1,0,1,1,0,0.724,-0.416,49.4,44.4,1,1,1,0,0,"B"
150,"S02","C008","North","technical",25,-0.67,1.015,14.9,9,"boy",-2.05,1,1,"majority_language",0,0,4.4,5.3,6,5.9,6.9,23,7,1,4.7,5.1,1,41.8,4,2,,3,,3,4,1,,,4,5,4,3,3,3,3,3,2,4,2,2,2,2,1,4,3,,4,2,,,,4,,3,5,5,1,2,3,4,4,2,3,5,,5,2,2,3,,2,3,4,4,3,4,0,,1,0,0,0,0,0,1,0,0,0,0.568,-1.618,37.5,21.2,1,1,1,0,0,"C"
151,"S02","C008","North","technical",25,-0.67,1.015,14.7,9,"girl",1.218,4,5,"majority_language",0,0,7.7,7.2,6.4,7.1,7.4,2,3,4,10,1.4,1,51.2,3,3,3,3,4,1,3,2,,,2,3,2,2,4,1,3,1,1,2,1,2,1,2,1,3,1,2,3,2,,,,4,5,5,,5,4,4,3,4,4,4,5,5,3,3,3,5,5,3,4,,2,5,3,4,1,1,1,1,1,1,,1,1,0,0,1,0.927,2.391,72.4,64.2,1,1,1,0,0,"C"
152,"S02","C008","North","technical",25,-0.67,1.015,14.6,9,"girl",-0.184,3,1,"majority_language",0,0,7,7,,6.4,7.3,1,6,,6.4,4.2,2,42.7,3,4,3,2,1,3,2,5,,,,,,,,1,4,3,3,2,2,1,1,1,1,3,1,,,,,,,2,3,5,3,3,3,3,4,3,2,,,,,,3,3,2,2,,4,5,5,3,5,1,1,1,1,1,1,1,1,0,0,0,0,0.441,-0.536,30.4,44.6,1,1,1,0,1,"C"
153,"S02","C008","North","technical",25,-0.67,1.015,14.5,9,"boy",-1.508,1,1,"majority_language",0,0,6.2,,,5.9,5.5,7,,,5,1.1,1,35.8,5,4,3,3,1,,,,,,,,,,,3,4,3,3,5,2,,,,,,,,,,,,,4,3,4,4,4,,,,,,,,,,,4,5,3,4,5,4,3,5,3,2,1,1,0,0,0,0,0,0,0,0,0,0,,,,,1,1,1,1,1,"C"
154,"S02","C008","North","technical",25,-0.67,1.015,14.1,9,"girl",-0.851,2,1,"majority_language",1,0,6.4,7.2,7.5,6.1,7.2,1,1,1,9.4,2.2,4,60.7,3,3,5,3,3,,2,5,4,4,4,4,5,4,4,1,1,1,1,1,1,1,1,1,,,,2,1,2,2,1,2,2,4,,5,4,5,5,4,5,5,4,2,3,,,3,,3,3,5,3,4,,3,3,1,1,1,0,1,0,1,1,0,0,0,0,0.758,-0.388,42.5,41.7,1,1,1,0,0,"B"
155,"S02","C008","North","technical",25,-0.67,1.015,14.5,9,"girl",0.694,4,4,"majority_language",0,1,7,7.3,7.6,7.2,5.7,1,1,3,8.8,0.8,5,43.9,4,5,5,5,5,5,4,5,5,5,5,4,4,5,5,1,3,1,1,1,1,1,1,1,1,1,1,2,3,1,1,1,2,5,5,4,5,4,5,4,5,4,4,5,5,3,5,5,4,4,5,3,5,4,4,4,4,3,1,1,1,1,0,1,0,0,0,0,1,0,0.537,-0.588,51.8,52.6,0,0,0,0,0,"A"
156,"S02","C008","North","technical",25,-0.67,1.015,14.6,9,"boy",-0.751,3,2,"majority_language",0,1,5.9,6.5,6.1,5.4,6.3,3,2,3,4.6,2.3,3,43.1,2,2,4,1,3,4,2,2,2,3,2,2,3,3,3,3,1,2,2,1,3,4,4,2,,,,4,2,4,3,2,3,2,2,2,1,4,4,4,4,4,4,2,4,4,,,3,4,3,3,3,4,4,3,5,4,,0,1,1,0,0,1,0,0,0,0,0,0.68,-1.201,47.8,33.3,1,1,1,0,0,"B"
157,"S02","C008","North","technical",25,-0.67,1.015,14.4,9,"girl",0.69,3,3,"majority_language",0,0,7.8,7.7,7.5,8.1,6.7,4,2,1,10.5,2.9,4,55.5,5,5,5,5,4,4,3,5,,,4,2,5,3,3,3,1,1,1,1,1,1,1,1,1,3,2,3,2,2,,,,1,5,2,4,4,4,3,2,3,4,5,4,5,5,2,2,5,4,4,4,3,2,2,2,4,1,1,0,1,1,1,0,0,0,0,0,1,0.812,-0.894,40.6,43.5,0,1,1,0,0,"C"
158,"S02","C008","North","technical",25,-0.67,1.015,14.6,9,"girl",-1.046,2,3,"majority_language",0,0,5.9,,,5.6,5.7,12,,,5.5,5.1,2,46.6,3,2,4,4,4,,,,,,,,,,,4,3,5,4,3,5,,,,,,,,,,,,,4,3,5,5,4,,,,,,,,,,,3,2,4,3,2,3,4,5,3,3,0,0,0,0,0,0,1,0,0,0,0,0,,,,,1,1,1,1,1,"B"
159,"S02","C008","North","technical",25,-0.67,1.015,14,9,"another_or_no_answer",-0.821,4,1,"majority_language",0,0,6.6,6.6,5.5,8,6.6,0,3,3,4.7,1.8,2,55.1,3,2,4,3,2,3,3,3,,,4,3,5,,5,1,1,1,1,1,3,1,5,2,3,1,2,1,4,2,,,,4,4,4,5,2,3,4,5,3,5,2,4,3,3,4,2,3,3,3,3,4,4,5,5,4,1,1,1,0,1,1,0,1,0,1,0,0,0.639,-1.008,42.4,50.1,0,1,1,0,0,"C"
160,"S02","C008","North","technical",25,-0.67,1.015,14.5,9,"boy",-0.414,3,3,"majority_language",0,0,6.7,7,6.9,6.3,7.4,6,1,0,6.8,4.9,4,58.5,3,5,3,4,4,4,4,3,2,4,,4,4,3,5,2,3,2,2,2,3,,3,2,1,2,2,,1,1,1,1,1,,4,4,5,5,4,4,3,4,5,4,2,,3,4,3,2,3,3,4,5,4,4,3,2,1,1,1,1,1,0,0,,,0,0,0,0.864,0.087,61.3,46.3,1,1,1,0,0,"A"
161,"S02","C008","North","technical",25,-0.67,1.015,14.5,9,"girl",0.769,5,5,"majority_language",0,0,8.6,8.3,7.8,7.8,7.8,2,0,3,9.2,1.2,4,49.9,5,4,5,4,4,4,3,5,4,3,1,3,4,2,4,3,1,1,3,4,2,2,1,2,,,,4,2,4,2,3,2,4,4,4,4,4,5,5,3,4,,4,5,5,,,5,4,5,4,5,4,3,4,3,3,1,1,1,1,1,1,0,1,0,1,1,0,0.947,0.43,68.1,79.9,0,1,1,0,0,"B"
162,"S02","C008","North","technical",25,-0.67,1.015,14.4,9,"boy",0.727,5,4,"majority_language",0,0,6.8,7.7,6.1,7.3,6.7,3,2,3,4.6,3.8,1,49.8,3,3,4,2,4,2,,4,,,5,4,4,3,5,1,3,1,4,1,2,2,2,1,1,1,2,2,3,1,,,,3,5,4,4,,2,5,3,4,5,4,2,5,4,,3,5,4,4,5,2,4,3,1,4,1,1,1,1,0,0,0,1,0,0,0,1,0.872,0.793,35.6,39,1,1,1,0,0,"C"
163,"S03","C009","South","general",17,1.266,0.126,14.7,9,"boy",-1.132,2,1,"majority_language",0,0,7.6,8,,6.6,6.7,7,3,,5.4,4.6,3,53.1,5,2,3,5,4,3,5,4,5,5,,,,,,1,1,1,2,2,2,2,1,1,2,1,3,,,,,,,5,4,5,5,5,5,5,5,5,5,,,,,,4,3,5,2,2,5,4,3,5,5,1,1,1,0,0,1,1,1,0,0,0,0,0.851,0.819,67.5,50.1,0,0,1,0,1,"A"
164,"S03","C009","South","general",17,1.266,0.126,14.8,9,"girl",-1.054,1,2,"other_language",0,0,7.1,6.2,,6.9,6.5,7,5,,1.8,3.2,2,50.5,3,5,4,3,5,5,5,4,,,,,,,,4,3,3,4,3,2,4,2,3,3,2,3,,,,,,,3,2,4,2,4,4,3,2,3,2,,,,,,2,4,2,2,2,,5,4,5,4,1,0,1,1,1,0,0,0,0,1,0,,0.861,0.072,57.2,51.2,1,1,1,0,1,"C"
165,"S03","C009","South","general",17,1.266,0.126,13.9,9,"boy",1.221,4,3,"majority_language",0,0,8.5,8.7,8.3,7.7,6,7,3,1,5.3,1.6,3,55.3,4,4,5,5,5,4,5,2,5,5,4,2,3,4,,3,2,1,3,1,2,4,2,3,,,,3,1,2,2,2,2,5,3,2,2,2,4,4,5,5,3,4,4,3,,,5,5,2,2,4,5,4,3,4,3,1,1,1,1,1,0,0,1,0,1,0,1,,,,,1,1,1,0,0,"B"
166,"S03","C009","South","general",17,1.266,0.126,14.4,9,"girl",-0.441,1,1,"majority_language",1,0,7.2,7.9,8.6,5.9,6.6,11,5,1,6.1,4.4,4,56.2,5,4,,4,4,5,5,5,4,5,4,4,4,3,,3,2,1,1,1,3,,2,2,1,2,2,,2,3,1,1,4,3,1,3,2,3,2,3,4,3,2,4,4,2,1,3,,5,5,4,4,4,4,2,3,2,1,1,1,1,1,0,1,1,1,0,1,0,,,,,1,1,1,0,0,"A"
167,"S03","C009","South","general",17,1.266,0.126,14.4,9,"girl",-0.448,2,2,"other_language",0,0,6.8,7.8,6.2,6.8,8.2,4,7,3,10.9,2.2,3,48.4,4,3,5,5,5,2,,4,1,4,2,3,4,3,3,3,3,1,2,2,1,3,,4,,,,,4,2,1,4,3,3,3,4,2,4,3,4,4,3,3,4,5,5,,,3,2,5,,4,5,4,4,5,4,1,1,0,1,0,1,1,0,0,0,0,0,0.701,-0.948,35.4,36.3,1,1,1,0,0,"B"
168,"S03","C009","South","general",17,1.266,0.126,14.8,9,"girl",-0.419,2,2,"majority_language",0,0,7.2,7.2,7.2,6.3,6.6,6,2,2,8.3,4.3,4,50.5,3,,3,3,2,2,4,2,5,3,3,3,3,4,5,2,1,1,1,4,1,2,4,2,,,,3,4,2,3,,3,3,1,5,2,4,1,3,3,3,3,1,3,3,,,3,3,4,,4,4,4,4,3,2,1,0,1,,0,,0,1,1,0,0,0,,,,,1,1,1,0,0,"B"
169,"S03","C009","South","general",17,1.266,0.126,14.8,9,"boy",0.453,2,4,"majority_language",0,0,8.9,8.4,8.2,8.1,7.7,2,2,0,7.4,5.1,4,59.6,5,4,5,5,5,,4,3,,,4,5,4,5,4,1,1,2,3,2,3,1,1,1,1,1,2,1,1,1,,,,3,4,3,4,3,5,5,4,,4,4,4,4,3,3,5,4,5,4,5,2,5,3,3,5,1,1,1,0,1,0,1,0,1,1,0,1,0.872,1.855,57.4,64.1,0,1,1,0,0,"C"
170,"S03","C009","South","general",17,1.266,0.126,14.8,9,"boy",0.241,2,3,"majority_language",0,0,6.8,7.9,7.1,6.2,8.2,1,0,2,4.2,2.6,3,49.2,,4,4,3,4,4,3,3,4,5,4,3,4,4,3,2,3,3,1,3,2,1,1,1,2,1,2,2,1,1,1,1,1,5,5,4,4,4,5,5,5,3,5,5,4,4,5,5,4,3,3,4,4,3,3,5,5,5,0,,0,0,0,0,1,0,0,0,0,0,0.83,-1.559,52.9,44.7,1,0,0,0,0,"A"
171,"S03","C009","South","general",17,1.266,0.126,14,9,"boy",0.264,4,4,"majority_language",0,0,7.7,8.1,8,7.7,7.7,3,2,3,6.8,3.7,3,49.5,5,3,4,3,4,2,4,3,,,5,4,5,3,5,2,,1,1,3,2,1,1,1,1,3,,2,3,1,,,,5,4,4,3,5,2,4,4,3,4,4,5,3,2,2,5,5,5,5,5,3,2,2,3,2,1,1,1,1,1,1,0,1,1,1,1,0,0.782,2.605,52,62.9,1,1,1,0,0,"C"
172,"S03","C009","South","general",17,1.266,0.126,14.6,9,"girl",0.734,1,2,"majority_language",0,0,8.7,8.5,8.4,7.7,8.7,2,0,1,5.6,2.3,3,60.1,5,5,5,4,4,5,5,3,,,5,5,4,5,5,2,3,2,1,2,1,2,3,2,1,1,4,2,2,3,,,,,4,2,4,4,4,4,4,4,5,3,3,3,2,4,4,5,4,2,5,4,4,1,3,4,1,1,1,1,1,0,1,1,1,1,0,1,,,,,1,1,1,0,0,"C"
173,"S03","C009","South","general",17,1.266,0.126,14.4,9,"girl",0.642,4,4,"other_language",0,0,8.2,8.2,8.3,7,8.3,0,1,1,6.5,2.1,3,47.6,3,4,4,3,2,1,4,5,4,4,2,4,,2,3,1,1,1,2,1,1,1,1,2,1,2,2,1,1,1,2,3,1,4,1,4,5,4,4,5,2,5,4,3,,2,4,3,3,2,4,1,4,3,1,1,3,3,1,1,1,1,,1,1,0,1,0,1,1,0.925,1.852,60.3,67.5,1,0,1,0,0,"A"
174,"S03","C009","South","general",17,1.266,0.126,14.7,9,"boy",0.268,4,1,"majority_language",0,0,7.9,7.3,7.7,8.4,7.7,6,1,6,7.2,6.3,5,54.4,5,5,5,5,5,5,5,5,4,4,4,4,5,4,5,3,2,2,1,1,,3,2,1,3,2,2,,1,2,2,,4,4,2,4,3,3,,5,4,5,,3,5,4,4,2,5,4,4,3,,4,4,4,3,2,1,1,1,1,1,1,1,1,0,1,0,1,0.828,1.513,71.8,54.4,1,1,1,0,0,"A"
175,"S03","C009","South","general",17,1.266,0.126,14.6,9,"girl",0.113,4,3,"majority_language",1,0,7.3,,,6.2,7.4,2,,,8.2,2.5,4,53.8,4,,5,3,4,,,,,,,,,,,3,3,2,2,2,3,,,,,,,,,,,,,4,4,4,5,4,,,,,,,,,,,4,5,3,5,5,5,4,5,5,3,1,0,0,0,1,0,0,0,0,0,0,0,0.568,0.428,46.3,45.5,1,1,1,1,1,"B"
176,"S03","C009","South","general",17,1.266,0.126,13.9,9,"girl",0.486,5,3,"other_language",0,0,6,5.8,5.8,6.7,7.1,5,6,1,6.9,1.2,1,47.3,4,3,4,5,4,3,2,4,1,4,2,3,4,4,5,2,3,2,3,3,,5,3,4,5,4,5,3,1,1,2,2,2,4,2,3,5,4,2,3,5,3,4,2,4,4,3,4,3,3,5,5,,5,5,4,5,4,1,1,0,0,1,0,0,0,1,0,0,0,0.402,0.327,59.8,46.4,1,0,0,0,0,"A"
177,"S03","C009","South","general",17,1.266,0.126,14.5,9,"boy",0.947,4,4,"majority_language",1,0,6.9,6.5,6.4,7,6.7,1,1,4,7.6,3.2,2,51.1,3,4,4,4,2,4,5,5,3,4,3,5,5,5,5,3,2,3,2,3,2,1,3,2,,,,1,1,1,1,3,1,4,4,5,5,4,4,4,5,5,5,,5,4,,,5,5,4,5,4,3,5,5,4,5,1,1,1,0,1,1,1,0,0,0,0,0,0.755,-0.008,53,40.6,0,1,1,0,0,"B"
178,"S03","C009","South","general",17,1.266,0.126,14.3,9,"girl",0.821,4,5,"majority_language",0,0,8.2,9.2,7.3,7.4,7.7,11,0,7,9.4,1.4,3,57.8,2,4,5,4,3,3,4,5,4,4,4,5,,5,5,1,2,2,1,1,2,3,1,1,,,,1,3,2,1,1,4,4,5,3,2,5,4,3,3,4,4,4,5,3,,,4,5,5,5,3,3,3,5,2,2,0,1,1,1,0,1,1,1,0,0,0,0,0.874,-0.597,60.1,50.3,0,1,1,0,0,"B"
179,"S03","C009","South","general",17,1.266,0.126,14.8,9,"boy",0.086,3,3,"majority_language",0,0,8.5,8.9,8.5,7.5,7.8,3,2,1,9.4,1.5,4,59.6,5,5,4,4,4,5,3,,5,4,5,4,3,3,3,2,1,2,2,1,,1,2,1,,,,1,3,2,3,1,2,2,3,3,4,2,4,5,4,5,3,3,5,2,,,4,,4,5,4,3,3,3,3,4,1,1,1,0,1,0,0,0,1,0,0,0,0.974,2.115,70.6,79.5,1,1,1,0,0,"B"
180,"S03","C010","South","general",22,1.266,-0.086,17.4,12,"girl",0.52,3,1,"majority_language",1,0,7.3,7.5,7.3,7.3,7.7,0,3,7,7.1,1.5,4,55.7,4,5,4,4,4,3,4,5,3,3,5,5,5,5,5,2,3,3,3,1,3,1,3,2,4,4,2,3,4,5,5,2,3,4,4,3,5,5,4,5,5,3,3,4,5,3,3,4,4,5,4,5,5,3,3,4,2,4,1,1,1,1,1,1,1,1,0,0,1,1,0.632,0.488,49.1,51.5,0,0,0,0,0,"A"
181,"S03","C010","South","general",22,1.266,-0.086,17.4,12,"girl",-2.243,1,1,"majority_language",1,0,6.4,5.9,6.5,6.4,6.9,7,1,6,4.7,1.8,4,49.3,5,3,4,4,3,4,4,4,4,2,3,5,5,3,3,1,1,1,1,1,2,1,3,2,,,,2,2,1,1,,2,3,5,5,3,2,4,4,2,4,2,4,4,5,,,2,4,4,2,3,2,4,5,3,2,1,,1,0,1,0,0,0,0,0,0,0,0.555,-0.528,47.5,39.3,1,1,1,0,0,"B"
182,"S03","C010","South","general",22,1.266,-0.086,18.1,12,"boy",0.258,2,4,"majority_language",0,0,6.8,,,6.6,6.5,4,,,4.4,0.5,3,44,4,4,5,4,3,,,,,,,,,,,1,3,1,1,2,1,,,,,,,,,,,,,4,3,4,2,3,,,,,,,,,,,3,4,4,5,3,5,3,4,3,5,1,1,1,1,0,0,0,0,,0,0,0,0.731,1.876,56.8,51.3,1,1,1,1,1,"A"
183,"S03","C010","South","general",22,1.266,-0.086,17.5,12,"girl",-0.126,3,4,"majority_language",0,0,7.6,7.5,7,6.7,6.4,5,1,5,10.6,1.3,5,51.4,4,5,5,5,4,2,4,3,,,5,5,5,5,5,3,2,2,3,1,3,3,2,2,2,1,4,2,4,2,,,,3,3,4,2,3,3,3,,4,3,2,5,1,3,1,5,3,5,5,4,5,4,5,4,4,1,1,1,1,1,1,1,0,,0,0,1,0.796,0.565,48.5,48.8,1,1,1,0,0,"C"
184,"S03","C010","South","general",22,1.266,-0.086,17.9,12,"girl",0.928,5,4,"majority_language",0,0,7.1,7.2,6.9,7.1,7.2,1,2,3,6.1,1.9,3,51.8,3,3,2,5,2,4,3,2,3,5,4,3,5,5,5,3,4,2,2,2,2,3,3,1,,,,2,2,3,1,3,2,4,5,4,5,4,5,5,5,3,3,4,5,4,,,5,4,4,5,5,,2,4,4,1,0,0,1,0,1,1,0,0,0,,0,0,0.676,-2.284,45.1,45.3,1,1,1,0,0,"B"
185,"S03","C010","South","general",22,1.266,-0.086,16.7,12,"boy",-0.485,3,5,"other_language",0,0,8.1,7.6,,6.7,8.2,1,0,,8.4,1.9,3,68.3,5,4,4,4,2,4,5,3,2,2,,,,,,1,1,1,1,1,1,1,1,1,1,3,1,,,,,,,3,5,3,5,4,3,4,3,5,4,,,,,,3,3,4,2,,3,4,4,4,3,1,1,1,1,1,0,1,1,1,0,1,0,0.628,-1.158,44.2,41.2,1,0,1,0,1,"A"
186,"S03","C010","South","general",22,1.266,-0.086,17.2,12,"girl",-0.341,2,1,"majority_language",0,0,5.7,6.9,5.6,6.7,6.4,2,11,4,4.5,1.3,2,44.5,3,3,2,2,2,4,,3,5,5,4,5,3,4,3,4,,4,3,5,4,4,5,5,4,5,2,5,4,2,,3,,3,5,3,5,2,5,5,5,3,4,5,5,5,5,5,2,4,4,3,,3,4,4,4,,0,0,0,0,0,0,0,0,0,0,0,1,,,,,1,1,1,0,0,"A"
187,"S03","C010","South","general",22,1.266,-0.086,17,12,"girl",1.101,5,2,"majority_language",0,0,7.6,8.1,7.7,6.5,8.3,1,3,7,6.8,0.8,4,63.8,3,5,3,5,5,4,4,5,,,3,4,5,4,5,1,1,3,1,2,2,1,1,1,1,1,2,2,1,,,,,5,2,5,4,5,3,,5,4,4,3,2,1,2,2,4,4,2,5,3,3,3,5,3,3,1,,1,0,1,0,1,1,0,0,0,0,0.937,0.913,63.4,57.8,1,1,1,0,0,"C"
188,"S03","C010","South","general",22,1.266,-0.086,18.2,12,"girl",2.384,5,5,"majority_language",0,0,9.2,8.3,8.7,9,8.3,0,0,0,7.7,3.4,5,56.1,4,5,5,5,5,5,5,4,5,,5,5,5,5,5,1,1,2,2,1,1,2,4,3,,,,4,2,1,4,,3,5,3,5,5,4,5,2,4,5,3,4,3,3,,,3,4,4,3,4,4,2,3,5,,1,1,1,1,1,1,1,1,1,1,0,0,0.953,0.726,71.9,54.2,1,1,1,0,0,"B"
189,"S03","C010","South","general",22,1.266,-0.086,17.8,12,"girl",0.304,3,2,"majority_language",0,0,7.9,8.5,7.7,6.6,7.3,2,0,1,11.6,2.6,5,62,4,4,5,5,5,5,2,3,4,5,5,3,5,4,5,1,1,2,1,1,2,2,1,1,,,,,1,1,1,1,1,4,4,5,4,5,4,4,4,4,2,4,5,5,,,4,4,3,5,,4,1,4,4,4,1,1,1,1,1,0,1,0,,1,0,0,0.775,0.103,49.5,55.7,1,1,1,0,0,"B"
190,"S03","C010","South","general",22,1.266,-0.086,17,12,"boy",0,3,4,"other_language",0,0,6.6,5.6,5.6,5.4,6.4,12,9,11,5.2,4.5,2,42.1,,3,3,3,,4,3,5,5,4,4,2,3,2,5,4,4,4,4,4,4,3,4,,4,4,3,4,4,4,,4,4,5,4,3,4,5,4,3,5,,4,2,2,4,,,4,3,3,4,5,3,2,3,,2,1,1,1,1,0,1,0,0,0,0,0,0,0.602,-0.199,56.6,37.3,1,1,1,0,0,"A"
191,"S03","C010","South","general",22,1.266,-0.086,17.1,12,"girl",-0.311,4,1,"majority_language",0,0,7.3,,,7.6,7.1,3,,,6.1,1.9,4,53.4,4,3,5,3,4,,,,,,,,,,,3,2,2,3,1,1,,,,,,,,,,,,,4,5,5,5,5,,,,,,,,,,,4,4,4,4,3,5,5,4,3,5,0,1,0,1,0,0,0,1,,0,1,0,0.645,0.78,55.6,66.4,1,1,1,1,1,"C"
192,"S03","C010","South","general",22,1.266,-0.086,16.9,12,"girl",1.317,5,5,"majority_language",0,0,8.3,7.4,7.4,7.4,8.1,2,1,0,5,5.6,5,68.5,5,5,5,5,5,5,3,4,,,3,4,3,5,4,2,2,,1,2,4,2,2,4,4,3,3,3,3,3,,,,2,3,5,2,4,,4,4,3,3,2,2,2,4,2,4,5,4,4,5,3,5,4,2,,1,,1,1,1,1,1,1,0,0,1,0,0.865,-0.099,46.1,52,1,1,1,0,0,"C"
193,"S03","C010","South","general",22,1.266,-0.086,18,12,"boy",0.761,2,5,"other_language",0,0,6.5,6.1,6.6,8.7,7.2,0,0,6,3.8,1.9,2,51.9,2,2,2,2,3,1,4,5,4,4,4,4,4,5,5,3,3,3,1,3,2,2,1,3,2,2,3,3,2,3,2,4,3,4,3,3,4,3,2,3,2,4,4,3,3,5,3,,4,4,5,5,5,,3,5,3,4,1,1,1,1,1,1,1,1,0,0,1,1,0.828,0.841,47.7,40.1,1,0,1,0,0,"A"
194,"S03","C010","South","general",22,1.266,-0.086,17.3,12,"boy",0.672,4,5,"majority_language",0,0,8,7.4,7.8,8,7.4,11,3,1,7.1,2.1,5,58.4,5,,5,5,5,3,2,2,3,3,3,3,4,4,2,3,2,1,3,2,2,3,2,2,,,,3,3,1,1,1,1,3,3,3,5,3,2,4,4,3,5,2,4,4,,,,,4,4,5,2,4,,4,2,1,1,1,1,1,1,0,0,0,0,1,0,0.847,0.573,61.9,66.6,1,1,1,0,0,"B"
195,"S03","C010","South","general",22,1.266,-0.086,18,12,"boy",-0.089,2,3,"majority_language",0,0,6.9,,,6.4,5.4,0,,,1.5,1.4,3,47.9,4,2,3,4,3,,,,,,,,,,,1,1,1,2,2,3,,,,,,,,,,,,,4,3,2,1,2,,,,,,,,,,,5,4,4,4,4,4,5,4,4,4,0,1,0,0,0,0,1,0,0,0,0,0,0.501,-2.817,36.7,38.7,0,1,1,1,1,"C"
196,"S03","C010","South","general",22,1.266,-0.086,17.8,12,"boy",0.251,3,4,"majority_language",1,0,6.9,6.5,6.6,7.2,6.8,9,6,1,7.1,1.8,5,47.7,4,5,4,4,4,5,4,3,,,5,4,3,,3,3,2,3,,3,3,2,,3,3,,3,1,1,1,,,,2,2,2,3,4,2,3,2,3,4,2,4,2,3,4,4,3,5,3,3,2,3,3,3,,0,1,1,0,1,0,0,0,0,0,0,1,0.667,-1.119,33.6,38.9,1,1,1,0,0,"C"
197,"S03","C010","South","general",22,1.266,-0.086,17.1,12,"boy",-0.089,5,1,"majority_language",0,0,7,6.5,7.1,7.2,6.3,2,0,5,9.4,2.7,3,46.2,4,5,3,2,,5,,5,5,4,5,5,2,5,4,3,2,4,3,4,2,2,2,3,1,2,1,2,2,2,1,1,2,4,4,4,2,1,2,4,4,4,3,4,3,4,4,3,5,4,5,,5,4,3,2,4,4,1,1,0,0,1,1,0,0,1,0,0,0,,,,,1,1,0,0,0,"A"
198,"S03","C010","South","general",22,1.266,-0.086,17.2,12,"boy",1.245,4,5,"majority_language",0,0,7.5,6.6,7.5,6.2,6.7,3,3,5,5.5,1.6,5,54.7,5,5,5,4,5,4,5,5,,,5,5,5,5,3,1,3,1,1,1,2,2,1,1,2,1,1,3,3,2,,,,4,5,4,5,4,4,4,4,4,2,3,4,4,3,3,3,3,4,4,1,5,5,4,4,2,1,1,1,1,0,1,0,0,1,0,0,0,0.605,-0.22,42.2,45.6,0,1,1,0,0,"C"
199,"S03","C010","South","general",22,1.266,-0.086,17.2,12,"girl",0.807,5,3,"other_language",0,0,7.1,7.7,7.8,8.5,6.9,0,3,2,8.9,2,5,58.4,5,5,4,,4,3,2,2,,,3,2,1,4,4,1,1,1,1,3,1,1,3,1,2,,1,2,3,3,,,,2,2,4,1,3,1,2,3,2,1,3,3,2,,3,5,5,4,4,5,5,3,4,1,4,1,1,0,1,0,1,1,0,1,0,0,0,0.905,0.416,61.6,44.8,1,1,1,0,0,"C"
200,"S03","C010","South","general",22,1.266,-0.086,17.9,12,"boy",-0.159,4,3,"majority_language",0,0,6.7,7,,6.4,6.5,4,14,,8,6.4,2,55,3,4,3,4,2,5,5,5,,4,,,,,,,3,5,3,2,1,3,2,4,3,4,3,,,,,,,2,4,1,2,2,2,,2,3,4,,,,,,5,5,5,4,3,3,4,2,2,2,1,1,1,1,1,1,0,1,0,1,0,0,0.849,-0.583,50.4,60,1,1,1,0,1,"A"
201,"S03","C010","South","general",22,1.266,-0.086,17,12,"girl",0.42,3,2,"majority_language",0,0,5.9,6.3,,7.2,6.8,9,4,,4.9,1.2,1,41.7,4,3,2,5,4,5,4,2,3,3,,,,,,3,2,4,3,4,5,3,3,4,3,,2,,,,,,,3,3,1,2,2,2,1,2,2,2,,,,,,3,3,4,4,4,2,2,2,3,1,1,0,0,0,1,0,0,1,0,1,1,0,0.845,-0.22,43.1,52.3,0,1,1,0,1,"A"
202,"S03","C011","South","general",26,1.266,0.886,15.6,10,"boy",1.081,5,5,"majority_language",1,0,8.1,8,7.6,8.1,7.5,2,2,2,5.2,3,2,52.3,4,4,4,4,5,5,4,5,5,4,5,5,2,5,5,3,,1,1,2,2,1,2,1,,,,1,3,1,1,1,2,1,3,4,,3,4,3,4,3,3,4,4,4,,,5,5,5,5,5,5,5,5,3,4,1,1,1,0,0,1,0,1,0,0,1,1,0.725,0.315,44.8,45.7,1,1,1,0,0,"B"
203,"S03","C011","South","general",26,1.266,0.886,16,10,"girl",0.87,5,3,"majority_language",0,0,7.8,7.1,8.1,8.6,7.1,1,0,0,8.4,3.2,4,66.1,5,5,5,4,5,5,5,4,5,5,5,5,5,5,5,1,1,1,2,1,1,,1,1,1,1,2,2,1,1,1,1,1,5,5,5,4,4,5,5,5,5,5,5,5,5,5,3,5,5,5,4,5,5,,5,4,5,1,1,,0,1,0,1,0,0,1,0,0,0.935,1.458,72.2,75,1,1,0,0,0,"A"
204,"S03","C011","South","general",26,1.266,0.886,15.3,10,"boy",1.121,4,5,"majority_language",0,0,7.5,7.9,,7.9,7,2,2,,8.3,2.1,5,56,4,5,5,5,5,5,5,5,5,5,,,,,,3,2,2,3,2,1,5,1,,,,,,,,,,,2,,3,3,2,2,4,,4,3,,,,,,5,5,5,5,5,4,5,4,4,5,1,1,1,1,1,0,0,1,0,,,0,0.787,0.829,50.1,67.4,1,1,1,0,1,"B"
205,"S03","C011","South","general",26,1.266,0.886,15.5,10,"girl",0.621,3,4,"majority_language",0,1,7.2,7.7,,8.2,7.9,0,5,,3.1,4.3,4,52.5,4,5,4,4,,5,3,2,3,5,,,,,,2,3,4,4,3,3,3,3,2,3,2,2,,,,,,,5,4,5,5,5,5,3,5,5,3,,,,,,5,4,4,4,4,4,5,4,4,5,1,0,1,1,1,1,1,1,1,0,1,0,,,,,1,0,1,0,1,"A"
206,"S03","C011","South","general",26,1.266,0.886,15.2,10,"girl",0.381,5,3,"majority_language",0,0,7.5,7.6,7.5,7.3,7.8,6,1,0,4.5,1.7,2,44.5,3,5,4,3,4,5,4,4,,,3,3,4,5,5,2,3,3,1,4,1,2,3,2,1,1,3,3,2,1,,,,5,4,5,4,4,5,4,5,5,,4,4,3,4,,3,3,4,4,3,,5,5,3,5,1,,1,1,1,1,0,1,1,0,1,1,0.657,-2.043,51.2,65.5,1,1,1,0,0,"C"
207,"S03","C011","South","general",26,1.266,0.886,15.9,10,"boy",1.998,5,5,"majority_language",0,0,8.9,9.2,8.2,6.8,6.4,3,1,5,5.6,1.9,3,51.2,5,5,5,4,4,5,4,5,4,1,5,3,4,5,4,3,3,3,1,2,2,2,1,,4,1,2,2,1,1,3,1,2,3,1,1,4,1,,4,3,4,4,3,4,5,3,2,5,4,5,4,2,4,5,3,,4,1,1,1,1,1,1,1,1,0,0,0,1,0.647,0.52,66.4,49.8,1,1,0,0,0,"A"
208,"S03","C011","South","general",26,1.266,0.886,15.9,10,"boy",0.507,3,4,"majority_language",0,0,7.4,7.4,8.5,7.4,6.9,4,0,10,6.1,2.6,4,62.7,5,5,5,5,4,3,5,5,4,4,5,5,5,5,4,2,1,1,,1,1,1,1,2,,,,2,1,1,2,1,2,4,2,5,5,3,4,4,3,4,4,5,3,2,,,5,3,4,5,5,5,4,3,4,,1,1,1,,1,0,1,1,0,0,1,0,,,,,1,1,1,0,0,"B"
209,"S03","C011","South","general",26,1.266,0.886,15,10,"girl",0.195,3,2,"majority_language",0,0,7.8,7,7.5,8.4,7.7,2,1,6,7.2,2.8,2,57,5,4,5,4,4,4,5,5,5,3,2,3,3,4,2,1,2,2,1,3,2,2,1,1,1,1,2,1,2,4,2,2,2,5,5,4,5,2,5,5,3,3,2,5,4,4,2,,5,5,,5,5,4,3,2,3,3,1,1,1,1,1,1,1,1,0,0,1,,0.841,1.398,52,45.8,1,0,1,0,0,"A"
210,"S03","C011","South","general",26,1.266,0.886,15.8,10,"boy",1.108,5,5,"majority_language",0,0,8.3,7.9,,8.6,8.5,7,1,,8.8,1.5,4,62.2,5,5,3,5,5,5,5,5,5,5,,,,,,1,1,2,2,1,2,2,1,1,,,,,,,,,,4,3,3,3,3,3,4,5,3,3,,,,,,3,4,4,4,4,5,,3,,4,1,1,1,1,1,1,1,0,0,,1,0,0.693,-0.124,53.9,55.7,1,1,1,0,1,"B"
211,"S03","C011","South","general",26,1.266,0.886,15.2,10,"boy",0.367,3,2,"majority_language",0,0,6.8,7.7,6.8,7.2,7.4,0,5,0,9.2,1.1,2,55.4,4,3,2,4,1,4,4,5,5,4,5,5,5,4,5,3,3,2,4,1,2,2,1,1,,,,2,1,2,2,2,1,5,5,5,5,5,3,3,5,5,5,5,5,5,,,3,2,,3,3,5,5,5,5,4,1,1,1,1,1,1,1,1,1,0,1,1,0.714,0.04,46.2,47.1,1,1,1,0,0,"B"
212,"S03","C011","South","general",26,1.266,0.886,15.3,10,"boy",1.206,4,5,"majority_language",0,0,6.9,6.6,7.2,7.2,6,2,1,2,9.2,1.7,5,56.1,2,3,3,4,3,3,4,4,,,4,2,5,3,3,1,3,3,4,4,3,1,1,2,2,3,2,1,1,2,,,,3,4,5,3,5,4,5,5,4,4,2,4,3,1,4,5,4,5,5,5,5,4,4,5,4,0,1,1,1,1,0,1,0,0,0,0,0,0.816,-0.538,54.3,60.6,0,1,1,0,0,"C"
213,"S03","C011","South","general",26,1.266,0.886,16.1,10,"girl",1.033,5,3,"majority_language",0,0,9,8.2,8.3,7.5,7.6,3,0,1,5.1,2.3,2,49.6,4,4,4,3,5,5,5,5,5,5,5,5,5,5,5,2,1,1,1,1,2,1,1,1,,,,2,1,1,2,2,2,5,5,4,5,4,5,5,4,5,5,5,5,4,,,,4,5,3,5,5,3,5,,3,1,1,1,1,1,1,0,0,1,0,0,1,0.92,0.641,50.3,59.4,1,1,1,0,0,"B"
214,"S03","C011","South","general",26,1.266,0.886,15.4,10,"girl",1.434,3,5,"majority_language",0,0,8.2,7.6,8,8.5,7.3,2,4,2,6.4,3.1,1,47.8,2,4,4,3,2,5,4,4,,,4,4,5,5,4,3,2,3,5,2,1,2,1,1,2,1,3,4,1,1,,,,3,3,,3,4,3,4,4,4,4,5,4,4,3,5,4,4,5,5,4,5,4,4,5,3,1,0,1,1,0,1,1,1,1,0,0,0,0.842,2.566,58.2,58.8,1,1,1,0,0,"C"
215,"S03","C011","South","general",26,1.266,0.886,15.5,10,"boy",-0.167,3,3,"majority_language",0,0,7.6,7.3,8.4,7.3,7.5,1,0,5,5.4,0.8,3,57.5,5,5,4,4,4,4,5,4,4,5,5,5,4,5,4,2,2,2,4,3,1,2,3,1,2,1,2,1,1,1,3,1,1,4,5,4,4,4,3,4,4,4,5,5,4,4,3,4,3,3,3,2,1,5,4,5,4,3,1,1,1,1,1,1,0,1,1,1,1,1,0.823,0.297,57.8,59.6,0,0,0,0,0,"A"
216,"S03","C011","South","general",26,1.266,0.886,16,10,"girl",1.301,5,4,"majority_language",0,0,8.3,8.3,7.7,7.9,7.1,3,1,11,6.9,3.2,4,58.5,4,5,3,5,3,4,5,5,4,2,5,5,5,5,5,,3,1,2,3,2,3,3,2,3,2,1,3,4,3,3,3,3,5,4,2,4,4,4,2,4,4,5,5,5,4,4,3,5,5,5,5,5,4,3,5,3,4,1,1,1,1,1,0,1,,0,0,0,1,0.811,0.016,64.1,61.9,1,0,0,0,0,"A"
217,"S03","C011","South","general",26,1.266,0.886,15.6,10,"boy",0.258,3,4,"majority_language",0,0,7.1,7.4,8,6,6.5,0,5,7,6.1,1.9,5,50.7,4,4,5,4,4,2,2,4,,4,1,3,3,5,5,1,3,3,4,1,2,2,1,2,,,,2,3,3,3,2,1,4,5,5,2,4,3,1,2,3,2,4,3,3,,,5,4,5,5,5,4,4,4,4,4,1,1,1,1,1,0,0,1,0,1,0,0,0.544,-0.708,40.4,41.6,0,1,1,0,0,"B"
218,"S03","C011","South","general",26,1.266,0.886,15.5,10,"boy",0.739,3,2,"majority_language",0,0,9.7,8.8,8.2,8.9,8.8,2,1,0,6.5,2.7,5,64.1,5,5,3,4,5,5,5,4,5,4,5,5,3,4,4,1,2,1,1,1,2,1,1,1,,,,2,1,1,3,2,1,4,4,3,3,4,4,5,2,5,3,4,5,4,,,5,4,5,5,4,5,4,,,5,1,1,1,1,1,1,1,1,,0,1,1,0.916,1.528,76.1,72,1,1,1,0,0,"B"
219,"S03","C011","South","general",26,1.266,0.886,14.9,10,"girl",1.869,5,5,"majority_language",0,0,8.3,8.5,7.9,7,6.4,0,0,0,9.1,1.9,2,58.1,5,5,5,4,5,5,5,5,4,4,4,5,5,3,5,1,1,1,2,1,1,1,1,1,,,,1,1,1,1,3,1,3,3,5,4,3,2,3,4,5,3,4,4,4,,,5,4,5,4,5,4,,2,5,5,1,1,1,0,1,0,1,1,0,0,0,0,0.909,-0.15,57.5,57.7,1,1,1,0,0,"B"
220,"S03","C011","South","general",26,1.266,0.886,15.8,10,"girl",1.601,5,5,"majority_language",0,0,7.8,8.2,8.5,7.9,7.2,0,2,0,9.1,1.7,4,55.4,4,4,5,5,4,5,3,5,5,5,3,,3,4,5,3,1,3,1,1,2,1,2,,1,1,1,2,1,1,1,2,1,5,4,4,4,2,3,4,5,5,3,5,5,5,5,3,3,2,4,,4,3,3,2,4,4,1,1,0,1,1,1,1,1,0,1,0,0,0.864,-0.157,47.8,57.8,1,1,1,0,0,"A"
221,"S03","C011","South","general",26,1.266,0.886,15.4,10,"girl",0.088,3,3,"majority_language",0,0,7.8,7,7.6,7.3,7.3,2,3,2,9.3,2.5,4,53.1,5,4,5,4,5,3,2,3,2,4,4,5,5,5,4,1,1,1,1,2,1,2,1,1,1,3,1,1,1,2,1,4,3,5,4,,3,4,5,4,3,4,5,4,5,3,4,5,4,4,5,4,4,4,3,4,3,4,1,1,1,1,1,1,1,0,1,0,1,0,0.789,0.92,44.9,50.1,1,0,0,0,0,"A"
222,"S03","C011","South","general",26,1.266,0.886,16.2,10,"boy",-1.029,1,1,"majority_language",0,1,6.6,7.9,,6.8,6.3,2,11,,7.7,2.4,3,52.6,3,4,5,5,4,2,5,4,,,,,,,,5,3,5,3,4,3,2,2,,3,3,1,,,,,,,3,3,3,4,,5,4,3,3,3,,,,,,2,4,3,4,2,4,4,5,4,4,1,1,0,1,1,1,0,0,1,0,0,0,0.533,-0.253,42.5,39.8,1,1,1,0,1,"C"
223,"S03","C011","South","general",26,1.266,0.886,15.2,10,"boy",0.991,5,3,"majority_language",0,0,8,8.9,9.1,7.6,7.1,3,2,1,12,3.8,5,62.3,5,5,4,4,5,4,5,4,,,5,5,5,4,5,1,1,1,1,1,2,2,2,1,2,2,2,3,,1,,,,5,3,2,4,4,5,4,3,4,5,5,5,5,4,4,5,5,5,5,5,5,5,5,5,4,1,1,1,1,1,0,1,1,,1,0,0,0.832,-0.001,61.2,49.6,1,1,1,0,0,"C"
224,"S03","C011","South","general",26,1.266,0.886,15.7,10,"girl",0.143,4,3,"majority_language",0,0,7.8,7.1,8.7,8.9,8.2,1,1,3,8.6,3.3,5,52.8,,4,4,5,3,4,5,3,5,4,4,4,5,3,5,3,3,3,3,4,2,3,2,2,,,,2,3,3,3,3,2,4,3,5,2,2,3,4,3,3,2,3,2,5,,,4,5,4,5,3,,4,3,3,4,1,1,1,0,1,1,1,0,1,0,1,1,0.556,-0.593,47.9,54.2,1,1,1,0,0,"B"
225,"S03","C011","South","general",26,1.266,0.886,15.4,10,"girl",1.053,4,5,"majority_language",0,0,8.2,9.1,7.8,7.4,6.6,13,6,4,10.2,2.7,3,58.9,5,4,5,5,5,4,2,4,,,5,3,4,4,5,1,1,,5,1,4,1,3,3,4,2,3,2,2,3,,,,4,3,5,5,3,2,3,4,1,4,3,3,4,4,4,5,5,3,5,4,5,5,4,5,4,1,1,1,1,1,1,1,1,1,0,0,0,0.884,1.904,69.6,59.2,1,1,1,0,0,"C"
226,"S03","C011","South","general",26,1.266,0.886,15.5,10,"girl",-0.405,4,2,"majority_language",0,0,7,7.2,6.9,5.9,8.4,1,0,6,4.1,3.7,4,48.9,5,3,4,5,5,4,4,4,,,5,3,3,2,2,1,1,1,2,2,1,1,1,2,1,1,1,2,1,2,,,,5,5,4,5,4,5,,4,4,4,5,5,4,4,4,5,3,3,2,4,4,3,3,5,5,1,1,1,1,1,,1,1,1,1,1,0,0.775,0.148,56.4,56.1,1,1,1,0,0,"C"
227,"S03","C011","South","general",26,1.266,0.886,15.2,10,"girl",1.104,4,5,"majority_language",0,0,9.1,9.2,7.9,7.9,8.5,1,3,0,10.2,1.1,5,60.8,5,5,5,5,5,2,5,4,5,5,4,4,5,5,4,1,2,1,2,1,,1,2,2,,,,1,1,1,,1,2,4,5,4,4,4,4,5,5,3,4,5,5,5,,,3,5,4,4,4,5,,2,4,5,1,1,1,1,1,1,1,1,1,1,0,1,0.873,1.801,68,61.5,1,1,1,0,0,"B"
228,"S03","C012","South","general",23,1.266,0.227,17.1,12,"girl",0.801,5,5,"majority_language",0,0,7.4,7.4,6.6,7.1,8.1,9,5,6,5,1.6,4,47.9,2,3,4,4,2,5,4,5,5,5,5,5,3,4,4,3,4,5,4,,4,2,3,5,,,,2,4,2,3,2,1,4,3,,5,1,3,3,2,4,3,3,2,2,,,4,,4,4,3,3,2,2,2,2,,1,1,1,1,0,0,1,1,0,0,0,0.943,0.425,67.8,50.5,1,1,1,0,0,"B"
229,"S03","C012","South","general",23,1.266,0.227,17.5,12,"girl",0.302,4,3,"majority_language",0,0,8.3,7.4,7.3,7.5,6.5,6,2,5,7.9,1.9,3,54.2,5,5,4,,5,2,4,4,,,4,4,2,3,5,4,2,2,,3,1,,2,1,1,1,1,2,1,3,,,,4,,3,4,4,3,5,5,5,,3,4,4,3,2,5,5,5,4,4,5,5,3,4,4,1,0,,1,1,,1,0,0,0,0,0,0.787,-0.68,33,41.1,1,1,1,0,0,"C"
230,"S03","C012","South","general",23,1.266,0.227,17.8,12,"girl",-0.09,3,2,"majority_language",0,0,7.5,6.8,,7.3,6,0,3,,8.2,2.7,3,58.8,5,5,5,3,5,4,5,5,4,4,,,,,,,2,2,4,1,3,3,3,4,2,2,,,,,,,,2,3,4,1,3,3,3,3,1,2,,,,,,5,4,4,5,4,2,3,3,4,3,1,1,1,1,0,0,1,1,0,0,0,0,0.843,1.957,63.4,60.7,1,1,1,0,1,"A"
231,"S03","C012","South","general",23,1.266,0.227,17.2,12,"boy",0.919,5,5,"majority_language",0,0,7.5,7.1,,8.2,8,4,4,,8.5,6.1,3,42.3,4,4,5,3,4,4,4,4,,2,,,,,,4,,1,3,1,3,4,4,2,4,1,2,,,,,,,5,4,4,5,4,5,3,5,3,3,,,,,,2,4,4,3,2,4,3,2,3,2,1,0,1,1,1,1,0,1,1,1,1,0,0.636,-1.345,47.2,36.5,1,1,1,0,1,"A"
232,"S03","C012","South","general",23,1.266,0.227,17,12,"girl",0.232,2,2,"majority_language",1,0,7.1,7.1,7.3,7.3,6.8,0,4,9,3.5,2,1,50.8,3,2,2,4,2,5,3,4,,,5,,3,2,4,2,2,1,2,1,3,1,1,3,1,1,1,1,3,4,,,,5,3,4,5,2,3,3,5,4,4,,4,4,3,4,3,2,3,4,2,3,3,4,4,3,1,1,1,1,0,1,1,1,1,0,0,0,0.852,0.727,46.1,45.8,0,1,1,0,0,"C"
233,"S03","C012","South","general",23,1.266,0.227,16.9,12,"girl",2.168,5,5,"majority_language",0,0,7.5,7.4,7,7.4,7.9,3,1,0,10.4,1.5,4,67.7,5,4,5,5,3,4,5,5,5,4,4,5,5,5,5,1,1,1,2,1,1,1,1,2,1,2,2,1,1,1,1,1,3,5,5,5,5,3,5,4,5,4,5,4,5,4,5,4,4,4,3,4,3,4,3,3,2,4,1,1,1,1,0,1,1,1,0,0,0,0,0.815,0.129,37.7,44.4,0,0,0,0,0,"A"
234,"S03","C012","South","general",23,1.266,0.227,17,12,"girl",-0.357,5,4,"majority_language",0,0,6.6,7,6.3,7.2,5.8,18,3,8,4.9,2.9,3,38.5,3,3,5,2,4,3,4,4,3,4,4,5,4,4,5,5,3,3,,2,3,3,3,5,,2,4,4,5,4,2,3,4,2,2,3,3,3,4,4,4,4,4,3,4,3,2,2,3,4,2,4,4,,4,3,3,5,1,0,1,0,0,0,1,0,0,0,0,0,0.702,-0.499,57,47.7,1,1,0,0,0,"A"
235,"S03","C012","South","general",23,1.266,0.227,18,12,"girl",-0.131,4,1,"majority_language",0,0,7.8,8.6,8.2,7.8,6.9,2,3,2,5.5,1.7,3,57.4,,3,3,4,3,4,5,5,4,5,5,4,5,4,5,2,1,2,1,2,1,1,1,2,,,,1,2,1,1,2,1,4,,5,3,3,,3,,3,2,5,5,3,,,5,5,5,4,5,3,4,4,3,3,1,1,1,0,0,0,1,1,0,1,0,0,0.774,0.256,44.7,67.6,1,1,1,0,0,"B"
236,"S03","C012","South","general",23,1.266,0.227,17.3,12,"girl",0.932,5,5,"majority_language",0,0,7.4,8.3,9,6.5,7.5,3,4,2,7.7,2.3,4,57,5,5,5,5,3,,5,5,5,4,4,4,5,4,4,2,2,2,1,2,,3,1,2,,,,2,2,2,3,2,1,5,5,4,5,5,4,4,4,4,4,5,4,3,,,,2,,2,4,4,3,4,3,4,1,1,1,1,1,1,1,0,1,0,1,0,0.813,0.736,53,69,1,1,1,0,0,"B"
237,"S03","C012","South","general",23,1.266,0.227,16.9,12,"girl",0.294,5,4,"majority_language",1,0,7.4,7.2,,6.9,7.7,0,2,,8,1.6,3,53.3,5,5,5,5,5,5,4,4,,,,,,,,2,3,1,3,3,4,2,3,2,1,3,,,,,,,,2,2,1,4,3,3,5,2,2,1,,,,,,5,5,5,5,4,3,4,3,5,4,,1,,1,1,1,1,0,1,0,1,1,0.95,0.438,66,61.5,1,1,1,0,1,"C"
238,"S03","C012","South","general",23,1.266,0.227,17.6,12,"boy",1.395,5,4,"majority_language",1,0,7.9,7,7.7,7.7,8.5,3,3,0,9.1,1,4,56.1,4,5,,5,5,5,5,5,5,5,5,4,4,4,4,3,2,4,1,2,2,3,1,1,,,,3,2,2,1,3,2,4,4,3,1,2,5,3,4,2,4,5,4,5,,,5,5,5,3,4,5,5,5,4,4,1,1,1,,1,1,1,0,1,1,0,0,0.929,1.458,44.6,37.4,1,1,1,0,0,"B"
239,"S03","C012","South","general",23,1.266,0.227,17.8,12,"girl",-1.424,1,1,"majority_language",0,0,7.3,7.8,7.8,7.1,8.2,0,1,12,7.3,5.9,1,57.2,2,3,4,4,2,2,5,4,4,3,2,5,5,3,5,1,3,3,4,2,2,1,2,1,,,,1,2,2,2,1,2,3,3,3,4,4,4,4,,4,5,5,5,5,,,4,4,4,2,4,5,5,,3,,1,0,1,1,1,0,1,0,0,0,0,0,0.826,1.206,58.7,54.8,1,1,1,0,0,"B"
240,"S03","C012","South","general",23,1.266,0.227,17.3,12,"another_or_no_answer",0.682,5,5,"majority_language",0,0,7.9,8.6,,6.3,8.6,3,7,,11.8,4.3,4,52.7,5,5,4,5,,3,5,4,4,5,,,,,,2,2,3,3,3,3,3,1,3,2,1,2,,,,,,,4,,3,5,3,5,4,2,5,4,,,,,,5,3,4,4,3,4,5,2,3,1,1,1,1,1,1,1,1,0,0,0,0,0,0.939,0.698,42.1,54.9,1,0,1,0,1,"A"
241,"S03","C012","South","general",23,1.266,0.227,17.8,12,"girl",0.735,4,2,"majority_language",0,0,7.7,7.4,7.8,8.7,7.5,4,0,10,7.5,2.7,4,50.8,5,4,4,5,5,5,5,5,5,5,4,5,5,5,4,4,1,1,1,2,1,,2,2,,,,1,1,3,2,3,3,4,5,4,2,3,4,3,3,3,2,4,4,3,,,5,5,2,4,3,2,2,4,4,3,1,1,1,0,,1,1,1,1,1,1,0,0.804,-0.162,51.9,63.6,1,1,1,0,0,"B"
242,"S03","C012","South","general",23,1.266,0.227,16.9,12,"boy",1.931,5,5,"majority_language",1,0,8.6,8,9,7.1,7.8,0,2,1,10.5,2.2,5,52.1,5,4,5,5,4,5,5,5,5,5,5,4,5,5,3,2,1,1,2,3,1,2,1,2,1,1,1,1,1,1,1,3,1,5,5,4,5,5,4,3,3,5,4,5,5,3,3,3,4,5,4,5,5,3,4,3,3,4,1,1,1,1,1,1,1,0,1,1,1,0,0.961,1.241,62.5,62.6,0,0,0,0,0,"A"
243,"S03","C012","South","general",23,1.266,0.227,17.5,12,"girl",1.435,5,5,"majority_language",1,0,7.7,7.5,8,8.6,7.6,0,1,2,5.5,2.5,1,46.7,5,5,2,4,4,5,5,4,4,,4,4,4,5,5,2,2,2,2,1,1,2,2,3,,,,4,3,4,2,2,3,3,3,5,2,3,2,3,4,3,2,1,1,2,,,3,2,3,4,2,2,3,4,2,2,1,1,1,1,1,1,1,1,,0,1,1,0.869,2.124,61.6,49.7,1,1,1,0,0,"B"
244,"S03","C012","South","general",23,1.266,0.227,17.2,12,"boy",2.814,5,5,"majority_language",0,0,9.1,8,7.6,8.6,6.9,4,1,1,10.8,2.4,5,69.6,,5,4,5,5,5,3,4,,,5,5,4,4,5,2,1,1,1,2,3,2,1,2,3,3,3,4,2,3,,,,4,3,2,3,3,4,5,4,3,4,4,4,3,5,4,5,5,5,5,5,,4,2,3,4,1,1,1,1,1,1,0,1,0,1,1,0,0.918,1.578,64.1,61.4,1,1,1,0,0,"C"
245,"S03","C012","South","general",23,1.266,0.227,17.9,12,"girl",0.977,,3,"majority_language",0,0,6.9,6.3,6.8,6.8,7.6,2,3,2,6,1.7,1,57.2,5,4,3,4,3,,4,5,4,3,2,4,3,4,3,4,4,1,2,,3,1,1,3,3,3,3,2,2,2,3,2,1,,4,3,5,3,2,4,2,2,1,4,5,4,3,3,5,5,5,5,4,4,4,4,5,3,1,1,1,1,1,1,1,0,1,0,0,0,0.64,-0.16,47.6,33.5,1,1,0,0,0,"A"
246,"S03","C012","South","general",23,1.266,0.227,17.8,12,"girl",-0.488,4,1,"majority_language",0,0,7.4,6.9,,8,7.3,4,5,,9,2.2,1,45.5,4,5,3,4,5,4,5,5,,,,,,,,3,4,5,2,5,,3,3,3,4,3,2,,,,,,,4,2,4,3,3,3,2,2,1,1,,,,,,3,5,5,4,,5,2,5,3,4,1,1,1,1,1,0,1,1,0,1,1,0,0.924,-0.205,66.7,46.7,1,1,1,0,1,"C"
247,"S03","C012","South","general",23,1.266,0.227,17.8,12,"boy",0.915,5,5,"majority_language",0,1,7.5,7.5,,7.8,7.2,4,0,,7.7,3.3,3,53.8,4,5,3,5,3,2,5,3,4,5,,,,,,2,,3,3,4,2,,2,4,5,1,,,,,,,,3,4,3,,3,4,4,3,3,4,,,,,,4,3,2,4,3,4,,2,2,4,1,1,1,1,1,1,1,,1,1,1,0,0.881,-0.555,50,44.9,1,1,1,0,1,"A"
248,"S03","C012","South","general",23,1.266,0.227,17.5,12,"girl",1.703,5,5,"majority_language",1,0,8.2,8.9,8.8,8.4,7.9,0,1,1,9.4,2.6,2,60.8,5,4,5,4,4,5,5,4,4,5,5,5,5,5,5,2,1,1,3,2,4,,1,3,1,1,1,3,1,1,2,1,1,3,2,5,5,4,4,5,5,5,,3,4,5,4,5,5,3,5,5,5,4,4,5,4,4,1,1,1,1,1,1,1,1,1,0,1,0,0.709,1.361,61.2,46.1,0,1,0,0,0,"A"
249,"S03","C012","South","general",23,1.266,0.227,17.1,12,"girl",0.667,4,3,"majority_language",0,0,7.3,7.4,7.1,6.9,7.2,0,1,1,4.1,2.6,5,45.9,3,3,3,4,4,3,3,4,,,2,2,4,5,4,2,3,2,1,3,1,2,3,3,2,4,1,1,2,2,,,,4,,5,5,4,4,5,4,5,4,4,4,4,5,3,5,4,4,5,4,2,5,4,5,3,0,1,1,1,1,1,1,1,0,1,1,1,0.801,-0.8,49.7,37.5,1,1,1,0,0,"C"
250,"S03","C012","South","general",23,1.266,0.227,17.2,12,"boy",1.013,3,3,"majority_language",0,0,7.3,,,6.8,7.5,6,,,5.2,2.6,1,47.9,2,5,2,2,2,,,,,,,,,,,1,3,2,2,3,2,,,,,,,,,,,,,5,5,5,3,,,,,,,,,,,,4,5,5,4,4,5,4,4,4,4,1,0,0,1,1,1,0,1,0,0,0,0,0.861,-0.163,39.7,48.2,1,1,1,1,1,"C"
251,"S04","C013","South","vocational",22,-1.497,-3.053,15.6,10,"girl",0.086,3,3,"majority_language",0,0,6.8,6.4,,7.1,6.8,1,7,,9.6,2.3,3,44.2,5,5,5,5,5,3,4,2,4,,,,,,,2,1,2,1,3,1,2,1,1,2,1,2,,,,,,,3,4,4,2,,3,2,3,5,4,,,,,,2,2,2,3,1,3,2,1,3,2,0,0,1,0,0,0,0,0,0,,1,0,0.754,-0.291,46.8,38.6,1,1,1,0,1,"A"
252,"S04","C013","South","vocational",22,-1.497,-3.053,15.7,10,"boy",-0.24,3,1,"majority_language",1,0,6.7,6.4,5.4,6.2,5.5,1,3,14,0,1.3,2,40.8,2,4,,2,2,1,2,,,,2,2,1,1,,2,1,1,4,5,2,4,3,1,3,5,3,3,1,3,,,,1,1,1,1,,3,2,1,2,1,1,,1,2,2,2,2,2,2,3,1,1,1,1,1,0,0,1,0,0,0,0,0,0,0,0,0,0.75,-0.238,42.1,37.2,1,1,1,0,0,"C"
253,"S04","C013","South","vocational",22,-1.497,-3.053,15.6,10,"another_or_no_answer",-1.422,1,2,"majority_language",0,0,4.8,5.2,5.3,5.6,6.2,4,10,11,2,7.7,4,35.8,2,2,4,4,4,3,3,2,,,3,3,2,3,3,3,1,,3,4,2,3,3,3,4,3,4,3,2,3,,,,1,1,1,2,2,2,2,2,,2,3,3,2,1,3,3,3,1,1,2,2,1,2,1,2,1,0,0,0,0,0,0,0,0,0,0,0,0.727,-1.474,42.3,32.6,1,1,1,0,0,"C"
254,"S04","C013","South","vocational",22,-1.497,-3.053,15.4,10,"girl",-1.942,,1,"other_language",0,0,5.9,,,4.6,7.6,10,,,5.2,5.4,1,40.4,2,3,4,2,4,,,,,,,,,,,3,3,5,,5,2,,,,,,,,,,,,,4,3,2,5,3,,,,,,,,,,,4,,3,3,4,2,3,,2,3,,1,0,1,1,0,1,0,0,0,0,0,,,,,1,1,1,1,1,"B"
255,"S04","C013","South","vocational",22,-1.497,-3.053,15.9,10,"girl",-1.58,1,,"majority_language",0,0,6,6.6,6.5,6.9,5.7,10,13,2,4.7,2.4,3,44.5,4,3,4,4,4,5,,2,4,5,5,,3,2,3,,2,3,4,4,4,2,2,,3,2,4,3,4,4,3,3,3,,1,2,4,2,1,3,2,1,2,2,1,1,1,1,4,3,4,,3,2,2,,2,1,1,1,0,1,1,,0,1,0,0,0,0,0.63,-0.721,47,43.7,1,1,1,0,0,"A"
256,"S04","C013","South","vocational",22,-1.497,-3.053,15.3,10,"girl",-0.254,2,,"majority_language",0,0,6.3,6.1,6.7,7.9,6.4,20,10,4,5.9,1.9,2,56.3,5,4,4,4,4,5,,,,,5,5,4,5,4,2,4,,2,3,2,4,3,5,3,2,4,,3,,,,,1,1,1,1,1,3,2,2,3,2,1,1,2,1,,4,2,2,2,3,2,2,3,,2,1,1,1,1,0,0,0,0,0,0,0,0,,,,,1,1,1,0,0,"C"
257,"S04","C013","South","vocational",22,-1.497,-3.053,15.7,10,"boy",-0.272,,2,"majority_language",0,0,5.6,,,5.3,6.3,6,,,6,2.5,3,46.6,2,1,2,2,3,,,,,,,,,,,3,2,3,2,4,3,,,,,,,,,,,,,1,3,3,3,2,,,,,,,,,,,4,4,5,5,3,2,1,1,2,2,1,1,1,1,0,0,0,0,0,0,0,,0.782,-0.293,55.7,48.3,1,1,1,1,1,"A"
258,"S04","C013","South","vocational",22,-1.497,-3.053,15.7,10,"boy",-1.072,1,5,"majority_language",0,0,4.8,,,6.3,5.4,26,,,3.6,3.2,1,36.2,2,1,1,2,,,,,,,,,,,,5,5,5,5,4,3,,,,,,,,,,,,,4,2,,2,4,,,,,,,,,,,2,2,2,3,3,1,,1,1,1,1,0,1,0,0,0,0,0,0,0,0,0,,,,,1,1,1,1,1,"B"
259,"S04","C013","South","vocational",22,-1.497,-3.053,15.5,10,"girl",-0.892,1,2,"majority_language",0,0,6.1,,,7.2,6.9,5,,,1.7,2.4,2,40.7,2,4,2,2,,,,,,,,,,,,3,2,3,,3,4,,,,,,,,,,,,,1,1,2,2,3,,,,,,,,,,,4,4,2,3,4,1,1,2,1,1,0,0,0,1,0,0,0,0,0,0,0,0,0.652,0.702,55.8,58.2,1,1,1,1,1,"C"
260,"S04","C013","South","vocational",22,-1.497,-3.053,14.9,10,"girl",-1.311,3,1,"majority_language",0,0,5.4,5.7,5.5,6.1,6.6,6,1,5,2.7,4,5,41.1,3,2,,2,5,5,4,3,,,2,3,,2,3,4,2,3,5,4,3,3,3,3,,5,5,4,2,3,,,,1,2,2,5,2,1,2,1,3,2,1,1,1,,,3,2,2,2,3,2,3,1,2,1,0,1,0,0,1,1,0,0,0,0,1,0,,,,,1,1,1,0,0,"C"
261,"S04","C013","South","vocational",22,-1.497,-3.053,15.2,10,"boy",-0.499,2,2,"majority_language",0,0,6.4,7.1,6.5,6.7,7.1,9,1,5,10,6.1,5,49.3,5,5,5,4,4,5,5,5,,,5,5,5,4,5,1,2,1,3,2,3,2,1,3,2,1,1,1,1,1,,,,3,2,2,3,1,4,3,3,,4,2,2,3,4,3,5,5,5,4,5,3,4,4,3,3,0,1,1,1,1,0,0,1,0,0,0,0,0.765,0.219,47.4,42.2,0,1,1,0,0,"C"
262,"S04","C013","South","vocational",22,-1.497,-3.053,16,10,"girl",-1.108,1,1,"majority_language",0,0,6.7,,,7,6.3,15,,,3.5,7.4,3,43.6,,2,2,5,3,,,,,,,,,,,3,2,2,2,3,2,,,,,,,,,,,,,1,,1,2,2,,,,,,,,,,,3,,2,1,3,1,1,1,1,2,1,1,1,0,0,1,1,0,1,0,0,1,0.793,-0.863,37.6,64.3,1,1,1,1,1,"C"
263,"S04","C013","South","vocational",22,-1.497,-3.053,14.9,10,"boy",-0.602,2,2,"majority_language",0,0,6.2,6.4,,6.8,6.7,4,1,,3.3,3.2,3,40.7,4,3,2,4,5,4,2,3,4,3,,,,,,3,1,3,4,2,2,3,,1,1,4,3,,,,,,,3,2,1,4,2,2,4,3,3,1,,,,,,2,1,1,2,2,2,1,,1,1,0,1,1,0,0,1,0,0,0,0,0,1,0.523,-1.202,40.8,42.1,1,1,1,0,1,"A"
264,"S04","C013","South","vocational",22,-1.497,-3.053,15.8,10,"girl",-1.639,1,1,"majority_language",1,0,6.3,7,6.6,6.6,6.7,6,12,3,6.7,3.3,3,41.2,3,5,5,5,4,,5,3,3,5,2,4,2,2,4,,3,4,3,2,4,3,2,1,,,,4,4,3,3,2,2,4,2,3,2,3,3,2,,2,2,3,4,2,,,3,3,3,4,3,2,1,2,1,2,1,1,1,,1,0,0,1,0,1,0,0,0.783,-0.246,29.6,37.4,1,1,1,0,0,"B"
265,"S04","C013","South","vocational",22,-1.497,-3.053,15.6,10,"girl",0.763,4,5,"majority_language",0,0,6.3,,,6.2,7.1,6,,,9.9,2.5,1,36.3,2,2,1,2,1,,,,,,,,,,,,3,2,,4,2,,,,,,,,,,,,,2,1,1,2,1,,,,,,,,,,,3,4,4,5,4,1,3,1,1,1,1,0,1,0,0,0,0,1,0,0,0,0,0.756,-0.674,49.3,36.8,1,1,1,1,1,"C"
266,"S04","C013","South","vocational",22,-1.497,-3.053,15.3,10,"boy",0.649,3,3,"majority_language",0,0,6.4,8.1,7.2,6.1,6.7,11,2,6,5.5,1.7,2,39.1,3,3,2,3,,,4,4,4,2,4,3,4,4,1,1,2,1,2,2,1,2,3,1,,,,4,3,3,3,2,3,3,3,2,3,2,3,4,2,4,2,3,2,2,,,3,3,3,5,3,2,2,2,1,2,0,1,0,0,0,0,0,0,0,0,0,0,0.554,-1.276,33.8,41.8,1,1,1,0,0,"B"
267,"S04","C013","South","vocational",22,-1.497,-3.053,16.1,10,"girl",-0.301,1,1,"majority_language",0,0,6.3,5.5,5,7,5.8,7,5,5,3.3,2.4,1,41.1,3,2,2,1,2,1,,1,3,2,2,1,1,2,3,3,5,2,3,4,2,3,3,2,,,,2,2,4,3,1,2,1,1,2,3,1,1,1,3,1,3,2,1,2,,,1,4,2,4,3,1,2,2,2,,1,0,0,1,0,0,1,0,1,1,0,0,0.866,1.886,55,55.7,1,1,1,0,0,"B"
268,"S04","C013","South","vocational",22,-1.497,-3.053,15.5,10,"another_or_no_answer",-0.625,4,2,"majority_language",0,0,6.6,,,5.3,6.9,3,,,8.8,3.7,2,44.5,4,4,4,3,4,,,,,,,,,,,2,1,2,4,1,2,,,,,,,,,,,,,3,3,3,3,3,,,,,,,,,,,2,3,4,4,5,1,3,3,3,2,1,1,1,0,0,0,0,0,0,0,0,0,0.429,-0.017,29.7,45.1,0,1,1,1,1,"C"
269,"S04","C013","South","vocational",22,-1.497,-3.053,15.5,10,"boy",-1.429,1,2,"other_language",0,0,6.6,6.8,6.6,7,7.5,8,9,5,4,3.2,2,40.7,3,,3,4,3,2,1,3,3,2,4,4,4,5,4,2,4,2,1,3,3,3,2,3,,,,2,4,3,4,3,3,,1,3,3,4,2,2,3,5,3,4,4,5,,,2,,3,2,1,2,1,1,3,3,1,1,1,1,1,1,0,0,1,1,1,0,0.576,0.947,54.1,40.9,1,1,1,0,0,"B"
270,"S04","C013","South","vocational",22,-1.497,-3.053,15.8,10,"boy",0.233,4,4,"majority_language",0,0,6,6.4,5.6,6.4,6.3,12,3,1,2.4,1.7,3,42.4,2,2,3,4,1,2,2,1,,,1,3,2,3,2,4,,1,3,3,4,4,4,,3,4,,3,3,4,,,,3,1,3,3,4,1,1,1,1,1,1,1,2,2,1,3,3,2,2,3,2,4,3,2,4,1,1,0,1,1,1,0,0,0,1,0,0,0.498,-0.708,43.2,49.8,1,1,1,0,0,"C"
271,"S04","C013","South","vocational",22,-1.497,-3.053,15.7,10,"boy",-3.323,1,1,"majority_language",1,0,4.2,,,7.4,5.4,13,,,5.4,3.7,1,40.2,4,2,3,2,3,,,,,,,,,,,3,,2,4,,,,,,,,,,,,,,,3,3,1,3,2,,,,,,,,,,,2,4,2,2,,1,2,2,2,1,0,0,0,0,,0,0,0,0,0,0,0,0.598,-1.368,48.6,36.2,1,1,1,1,1,"A"
272,"S04","C013","South","vocational",22,-1.497,-3.053,15.6,10,"girl",-1.928,1,1,"majority_language",1,1,6,5.6,,5.8,6,19,5,,4.3,1.8,1,37.9,3,4,5,2,4,3,4,2,,3,,,,,,1,4,3,,4,5,,,2,,,,,,,,,,1,1,1,2,,,2,1,5,,,,,,,3,1,3,,1,1,1,1,1,1,0,0,,0,,0,,0,0,0,,1,,,,,1,1,1,0,1,"B"
273,"S04","C014","South","vocational",20,-1.497,-1.421,15.2,10,"boy",0.187,3,2,"majority_language",0,0,6.2,6.7,6.8,5.6,4.8,5,12,1,2.8,2.5,1,34.1,3,3,3,4,3,2,2,4,3,4,3,3,2,3,2,4,3,4,1,5,4,3,3,2,,,,1,1,2,1,3,3,5,3,2,2,3,1,2,2,,4,2,1,1,,,1,2,1,3,4,2,1,2,1,1,1,0,0,0,1,0,0,0,0,0,0,0,0.498,-0.49,37.7,50.9,0,1,1,0,0,"B"
274,"S04","C014","South","vocational",20,-1.497,-1.421,15.4,10,"girl",-0.357,1,1,"majority_language",0,0,6.1,6.5,6.9,6.8,6.8,4,5,3,4.2,10,2,39.6,3,3,3,4,4,3,4,5,2,3,3,5,5,5,,,1,1,2,4,2,2,2,3,,,,1,1,1,1,1,1,2,3,2,4,1,2,3,2,3,1,2,4,1,,,,,4,2,2,1,,2,3,1,1,1,1,1,0,,1,1,1,0,0,0,0.864,1.548,61.2,57.4,1,1,1,0,0,"B"
275,"S04","C014","South","vocational",20,-1.497,-1.421,15.6,10,"girl",-0.75,2,2,"majority_language",0,0,7,6.2,6,7.8,5.9,8,5,7,4.4,1.7,4,40,2,4,4,3,3,3,3,2,3,4,2,2,2,,3,3,1,1,,3,1,4,3,4,5,4,3,5,5,3,4,5,3,4,3,2,4,3,3,4,3,2,3,4,2,2,1,1,,5,2,,3,3,2,3,1,3,1,1,1,0,0,1,1,1,1,1,1,0,0.881,0.97,77.3,60.1,1,0,1,0,0,"A"
276,"S04","C014","South","vocational",20,-1.497,-1.421,16.4,10,"girl",0.325,3,,"majority_language",0,0,7.6,,,6.9,7,1,,,6.9,3.4,4,59.1,2,4,3,3,3,,,,,,,,,,,1,1,1,1,2,1,,,,,,,,,,,,,5,5,5,5,5,,,,,,,,,,,3,4,5,4,5,2,2,3,2,3,0,0,1,0,1,0,0,,0,1,0,0,0.734,-1.382,69.1,54.2,1,1,1,1,1,"A"
277,"S04","C014","South","vocational",20,-1.497,-1.421,15.8,10,"girl",-0.817,1,2,"majority_language",0,1,5.4,,,7.7,6.8,14,,,5,5,4,47.7,4,4,4,4,5,,,,,,,,,,,2,,2,3,2,3,,,,,,,,,,,,,2,2,,2,3,,,,,,,,,,,4,4,5,3,4,2,1,2,1,2,1,1,0,,1,0,1,1,0,1,0,0,,,,,1,1,1,1,1,"C"
278,"S04","C014","South","vocational",20,-1.497,-1.421,15.3,10,"girl",-1.267,1,1,"majority_language",0,0,6.5,,,6.6,5.5,15,,,3.2,3.1,4,45.1,2,2,4,,,,,,,,,,,,,,3,,5,,2,,,,,,,,,,,,,2,1,2,2,1,,,,,,,,,,,2,4,3,4,1,1,1,1,3,,1,1,1,0,,1,0,0,0,0,0,0,,,,,1,1,1,1,1,"C"
279,"S04","C014","South","vocational",20,-1.497,-1.421,15.3,10,"girl",0.576,3,4,"majority_language",0,0,6.5,6.5,6.4,5,7.4,4,7,4,0.8,1.6,3,43.1,2,5,2,5,5,3,4,3,2,3,3,3,,5,4,3,3,2,3,2,3,3,2,1,,,,2,1,1,1,1,2,3,3,3,3,3,3,3,2,1,4,2,,3,,,2,3,2,3,2,1,1,3,2,1,1,1,1,1,0,,0,0,1,0,0,0,0.973,0.525,64.1,57.1,1,1,1,0,0,"B"
280,"S04","C014","South","vocational",20,-1.497,-1.421,15.4,10,"boy",-0.039,5,2,"majority_language",0,0,6,6,5.3,5.7,7,9,3,3,5,3,3,35.4,4,2,3,1,,3,,3,1,4,3,2,4,5,3,3,2,3,,2,2,1,3,2,,,,3,3,4,2,,4,4,5,3,2,5,5,5,5,5,5,4,4,4,,,3,5,5,5,4,5,,4,5,4,1,0,0,0,1,0,0,0,1,0,,0,0.71,-0.553,42,50.8,1,1,1,0,0,"B"
281,"S04","C014","South","vocational",20,-1.497,-1.421,15.9,10,"boy",-0.638,2,3,"majority_language",0,0,5.8,6,6.3,6.8,6.3,7,2,5,2.8,3.5,3,42.7,3,,4,2,2,2,2,3,4,3,3,3,3,2,2,2,3,2,2,3,2,2,3,1,,,,3,5,2,2,4,4,4,2,1,2,2,2,1,2,2,1,2,3,2,,,3,4,4,4,3,1,4,3,2,1,1,0,0,1,0,0,0,0,0,0,0,0,0.958,0.671,55.8,40.4,1,1,1,0,0,"B"
282,"S04","C014","South","vocational",20,-1.497,-1.421,15.4,10,"girl",-2.894,1,1,"majority_language",0,0,5.9,,,6.1,6.8,34,,,4.1,6,3,51.8,,3,3,2,,,,,,,,,,,,,4,2,2,2,1,,,,,,,,,,,,,,2,,,,,,,,,,,,,,2,4,,,4,4,5,5,5,,1,1,0,0,0,0,,0,0,0,0,0,,,,,1,1,1,1,1,"C"
283,"S04","C014","South","vocational",20,-1.497,-1.421,15.2,10,"boy",-0.88,3,2,"other_language",1,0,6.7,5.9,6,5.6,6.1,2,14,10,2.4,1.6,3,43.2,3,2,2,3,2,3,2,2,3,3,,2,,2,3,2,1,1,3,2,3,2,2,2,,,,3,3,2,3,3,2,,3,3,4,4,2,2,4,2,4,2,1,3,,,4,3,2,4,2,2,2,1,2,1,1,0,1,0,1,0,0,0,0,0,0,0,0.482,-0.624,36.6,31.6,1,1,1,0,0,"B"
284,"S04","C014","South","vocational",20,-1.497,-1.421,15.2,10,"boy",-1.482,1,2,"majority_language",0,0,5.6,6.4,5.7,6.4,7.1,5,7,5,6.3,2,2,43.3,3,2,3,1,3,3,,3,,,3,1,2,5,3,3,3,2,2,4,3,3,3,1,,,4,3,3,2,,,,3,3,2,3,1,4,2,2,3,2,3,5,2,4,3,3,3,4,4,2,3,1,2,2,2,1,0,0,0,0,0,0,0,0,0,0,0,0.628,-0.006,43.5,49.1,0,1,1,0,0,"C"
285,"S04","C014","South","vocational",20,-1.497,-1.421,15.4,10,"girl",-1.439,1,1,"majority_language",1,0,5.9,5.3,5,5,6.9,5,15,2,1.3,5.3,1,37,1,,2,3,2,1,1,3,,,3,2,2,3,4,3,,4,1,3,4,4,4,,4,2,5,3,3,4,,,,2,2,2,3,2,3,2,2,2,,5,4,2,3,5,3,2,3,1,4,1,2,1,2,1,0,0,0,0,0,,0,1,1,0,0,0,0.441,-1.637,44,29.2,1,1,1,0,0,"C"
286,"S04","C014","South","vocational",20,-1.497,-1.421,16,10,"girl",-0.361,4,2,"majority_language",1,0,6.7,6.5,6.3,7.3,7.3,4,2,7,7.7,1.9,4,50.3,3,4,3,3,4,4,3,4,,,5,5,4,2,4,2,2,3,2,3,3,2,2,3,3,4,5,3,1,2,,,,3,1,1,4,1,2,3,,4,2,2,2,2,1,4,5,4,5,5,5,2,,,3,2,1,1,0,1,1,1,1,0,0,1,1,0,0.76,-0.845,44.4,50.1,1,1,1,0,0,"C"
287,"S04","C014","South","vocational",20,-1.497,-1.421,16.1,10,"girl",-1.302,3,,"majority_language",0,0,5.1,,,6.4,6.7,4,,,3.8,3.6,2,38.6,2,4,3,3,3,,,,,,,,,,,3,3,3,4,5,3,,,,,,,,,,,,,,2,,2,3,,,,,,,,,,,3,3,5,,2,1,2,1,2,1,0,1,0,,0,1,0,0,0,0,0,0,0.641,-1.835,25.5,33.5,1,1,1,1,1,"C"
288,"S04","C014","South","vocational",20,-1.497,-1.421,15.4,10,"girl",-1.104,1,3,"majority_language",0,0,7.3,6.6,6.9,5.7,6.3,8,4,7,5.7,2.4,2,57.5,4,3,3,4,4,5,3,4,4,5,5,5,5,5,3,3,2,1,1,2,1,2,1,2,,,,1,1,2,1,2,1,2,4,4,5,3,4,2,4,5,5,5,5,4,,,5,4,4,,5,3,2,2,2,3,1,0,1,1,0,0,0,0,0,0,0,0,0.779,0.501,52.1,38.4,1,1,1,0,0,"B"
289,"S04","C014","South","vocational",20,-1.497,-1.421,15.7,10,"girl",-0.864,2,1,"majority_language",0,0,5.4,5.7,,5.5,5.4,2,6,,6.5,3.7,2,39.2,4,5,5,5,4,5,3,4,,,,,,,,3,4,5,5,5,2,4,3,4,4,3,1,,,,,,,2,1,3,2,2,2,2,2,3,5,,,,,,3,4,3,3,4,4,2,3,5,3,1,0,1,,0,,0,0,1,0,0,0,0.407,-1.476,20,35.2,1,1,1,0,1,"C"
290,"S04","C014","South","vocational",20,-1.497,-1.421,15.6,10,"girl",-1.416,1,1,"majority_language",0,0,4.1,4.1,,4,6,9,4,,4.9,10,1,41.2,4,3,4,3,3,1,2,1,1,1,,,,,,3,3,3,4,5,2,1,3,,3,,3,,,,,,,3,3,1,4,3,3,1,4,4,4,,,,,,3,,3,,3,2,4,5,2,,0,0,0,0,0,0,0,0,0,0,0,0,0.549,-1.619,25.8,21,1,1,1,0,1,"A"
291,"S04","C014","South","vocational",20,-1.497,-1.421,15.3,10,"boy",-0.378,4,2,"majority_language",0,0,6.3,5.3,5.6,6.2,6,3,11,0,1.3,2.4,2,34.3,1,,3,3,4,2,4,2,,3,2,2,2,4,3,3,5,4,3,4,2,4,3,3,,,,3,2,3,3,3,3,2,1,,2,5,4,3,3,3,2,1,1,2,,,4,2,4,4,3,4,5,2,3,4,0,1,1,0,0,0,1,0,0,0,0,0,0.735,-2.267,52.3,37.7,1,1,1,0,0,"B"
292,"S04","C014","South","vocational",20,-1.497,-1.421,15.5,10,"boy",0.316,4,2,"majority_language",0,0,6.9,,,7.1,7.8,14,,,5.5,1.4,3,43.9,3,4,3,,2,,,,,,,,,,,2,2,3,3,3,4,,,,,,,,,,,,,5,4,5,4,4,,,,,,,,,,,3,1,2,5,4,4,4,4,5,3,1,1,1,1,1,0,0,0,0,0,1,0,0.544,-1.629,40.8,43.5,1,1,1,1,1,"A"
293,"S04","C015","South","vocational",23,-1.497,-0.375,15.3,10,"boy",-0.65,4,1,"other_language",0,1,5.9,6.2,7.3,5.2,7.4,3,4,4,7.9,1.6,3,44.9,5,2,5,3,5,4,4,4,3,,4,4,3,4,4,1,1,2,2,1,1,1,2,2,,,,1,1,1,1,1,1,4,3,4,4,4,3,3,5,4,4,4,3,2,,,3,3,3,4,3,3,4,5,5,1,0,1,,0,0,0,0,0,1,0,0,0,,,,,1,1,1,0,0,"B"
294,"S04","C015","South","vocational",23,-1.497,-0.375,15.6,10,"girl",-0.132,2,1,"majority_language",1,0,6.8,,,7.6,7.9,13,,,0.1,2.9,3,47.2,3,3,,5,2,,,,,,,,,,,2,2,3,2,3,2,,,,,,,,,,,,,2,4,2,4,3,,,,,,,,,,,2,2,3,2,2,1,2,4,1,4,1,1,,1,1,0,1,0,1,0,0,0,0.821,-0.27,48.7,62.6,1,1,1,1,1,"A"
295,"S04","C015","South","vocational",23,-1.497,-0.375,15.5,10,"boy",-0.782,2,2,"other_language",0,0,5.4,5.5,,6.9,6.1,12,7,,3,2.4,1,38.6,1,3,2,4,3,1,2,2,,,,,,,,2,1,2,4,4,2,4,2,,2,4,5,,,,,,,3,4,2,3,2,3,3,2,5,1,,,,,,2,2,2,2,2,2,2,4,2,,,1,1,1,0,0,0,0,0,1,0,0,0.893,-0.487,51.5,45.8,1,1,1,0,1,"C"
296,"S04","C015","South","vocational",23,-1.497,-0.375,15,10,"boy",-0.784,1,1,"other_language",0,0,6.5,6.2,6.8,7.2,6.6,9,13,0,3.2,2.6,1,46.5,4,5,5,3,4,4,5,5,5,3,3,3,3,4,4,2,4,2,3,3,2,2,3,2,4,2,4,1,1,2,1,1,1,2,2,4,3,2,4,2,5,4,3,4,2,2,3,2,3,3,1,3,2,3,4,4,4,4,1,0,0,0,0,0,,0,0,0,0,0,0.751,0.393,61.6,37.8,1,0,0,0,0,"A"
297,"S04","C015","South","vocational",23,-1.497,-0.375,15.5,10,"girl",0.759,4,3,"majority_language",0,1,7.3,,,6.2,7.5,9,,,8.2,3.3,3,51.3,5,5,3,5,5,,,,,,,,,,,1,3,2,1,3,1,,,,,,,,,,,,,3,2,4,2,3,,,,,,,,,,,4,5,4,5,5,4,4,5,4,3,0,1,1,1,0,1,0,0,0,0,1,0,0.887,1.271,60.1,52,0,1,1,1,1,"A"
298,"S04","C015","South","vocational",23,-1.497,-0.375,15.4,10,"boy",0.688,5,4,"majority_language",0,0,7.3,7.8,7.4,6.5,7.8,2,1,3,8.6,3.4,4,48.5,4,3,3,4,3,3,2,1,3,3,5,3,4,3,4,1,1,1,1,1,1,1,2,1,2,2,1,1,2,2,3,2,,2,4,5,4,4,4,5,5,4,5,3,3,3,4,2,4,4,4,5,4,4,4,2,2,4,1,1,0,1,1,1,0,0,0,0,0,0,0.789,-0.686,54.4,42.9,0,0,1,0,0,"A"
299,"S04","C015","South","vocational",23,-1.497,-0.375,16.2,10,"boy",-0.579,2,2,"majority_language",0,0,5.4,5.5,5.8,5,6.7,5,0,1,0.4,4.1,1,43.6,4,2,2,3,2,3,5,4,,,5,4,3,5,4,2,2,2,2,3,3,2,3,1,2,3,3,2,3,1,,,,3,2,2,5,3,2,3,2,4,3,3,3,1,2,3,2,3,2,,3,2,2,4,5,4,0,0,0,0,0,0,0,0,0,0,0,0,0.35,-2.308,20,22.3,1,1,1,0,0,"C"
300,"S04","C015","South","vocational",23,-1.497,-0.375,15.6,10,"boy",0.344,1,4,"majority_language",0,0,7.7,7.1,8.1,6.6,6.7,1,2,2,8.1,1.3,3,57.6,4,4,5,5,5,3,,5,,,2,5,4,5,4,2,1,2,1,1,2,1,2,2,1,1,2,2,3,1,,,,4,5,4,4,5,3,4,2,3,4,3,3,3,3,2,4,4,5,4,4,4,3,4,3,4,0,1,1,1,1,0,1,1,1,1,0,1,0.864,1.282,50,57.9,0,1,1,0,0,"C"
301,"S04","C015","South","vocational",23,-1.497,-0.375,15.2,10,"boy",0.453,2,3,"majority_language",0,0,6.2,6.8,6.4,6.9,7.1,5,6,1,4.6,3.3,3,56.4,3,4,3,3,4,5,4,4,,,3,4,3,4,4,2,4,1,2,,1,3,3,1,3,1,1,1,2,2,,,,3,3,4,4,5,2,3,4,4,1,3,5,3,4,4,4,4,5,4,5,2,3,3,1,5,1,0,1,1,,0,0,1,1,1,0,0,0.851,0.847,53.2,31.8,1,1,1,0,0,"C"
302,"S04","C015","South","vocational",23,-1.497,-0.375,15.9,10,"boy",-0.035,3,4,"majority_language",0,0,7.2,,,6,5.7,1,,,6.2,2,1,53.7,3,3,5,3,3,,,,,,,,,,,2,2,1,2,1,,,,,,,,,,,,,,3,1,2,3,4,,,,,,,,,,,4,4,5,5,4,4,3,2,4,3,0,0,0,0,0,0,0,0,0,0,1,0,0.735,-1.22,44.8,47.8,1,1,1,1,1,"A"
303,"S04","C015","South","vocational",23,-1.497,-0.375,15.3,10,"boy",-0.697,4,3,"majority_language",0,0,6.3,6.6,6.6,7.1,6,3,5,8,0.5,1.5,3,52,3,2,4,4,4,4,3,3,4,2,4,2,,5,3,2,2,1,3,1,2,1,3,1,,,,2,1,1,1,1,2,3,4,5,4,4,5,5,5,4,5,5,5,4,,,3,4,5,3,4,4,3,3,3,4,1,0,1,0,1,1,0,1,0,0,0,0,0.777,0.086,56.2,56.8,0,1,1,0,0,"B"
304,"S04","C015","South","vocational",23,-1.497,-0.375,15.1,10,"boy",0.235,4,3,"majority_language",0,0,6.2,,,6.7,7,8,,,3.8,2.8,3,45,2,3,2,2,4,,,,,,,,,,,,3,5,2,2,2,,,,,,,,,,,,,3,3,3,2,,,,,,,,,,,,3,2,4,3,4,2,3,2,1,3,1,0,1,0,0,0,0,0,0,0,,0,0.768,-0.894,43.8,42.2,1,1,1,1,1,"B"
305,"S04","C015","South","vocational",23,-1.497,-0.375,14.9,10,"boy",-1.653,1,2,"other_language",1,0,4.8,4.8,,4.7,5,6,4,,6.1,2.1,2,40.5,2,1,2,1,3,2,1,3,3,3,,,,,,2,1,1,4,3,4,2,,1,,,,,,,,,,5,3,5,5,3,4,4,5,5,,,,,,,4,,5,4,4,3,3,3,2,5,0,1,0,0,0,0,0,0,0,1,0,0,,,,,1,1,1,0,1,"B"
306,"S04","C015","South","vocational",23,-1.497,-0.375,15,10,"girl",-0.521,3,3,"majority_language",0,0,6.4,5.5,5.7,5.1,6.2,32,15,5,3.8,4.3,1,37.7,3,4,5,,3,4,5,,2,3,4,4,5,1,4,4,4,3,2,2,4,5,,4,,,,3,3,,3,2,2,3,,,,3,4,3,3,,4,4,5,,,,2,,5,,4,4,3,,4,3,0,0,0,1,0,0,0,0,,0,0,0,,,,,1,1,1,0,0,"B"
307,"S04","C015","South","vocational",23,-1.497,-0.375,15,10,"boy",1.036,2,5,"majority_language",0,0,7,7,6.3,7.3,7.9,2,2,0,7.6,1.5,4,57.4,5,4,3,4,5,,3,3,4,3,3,2,3,3,2,1,1,4,2,2,1,1,3,2,,,,2,3,2,2,1,1,3,3,2,1,4,4,4,3,2,4,3,4,2,,,4,4,4,5,4,3,2,2,4,3,1,1,1,1,1,1,0,0,0,0,0,0,0.918,0.854,71.6,60.6,0,1,1,0,0,"B"
308,"S04","C015","South","vocational",23,-1.497,-0.375,15.2,10,"girl",-1.66,1,1,"majority_language",1,0,4.9,,,5.1,6.1,1,,,5.8,2.6,3,40.8,3,2,5,3,2,,,,,,,,,,,3,3,3,4,3,1,,,,,,,,,,,,,3,2,1,,3,,,,,,,,,,,3,2,4,1,3,3,2,2,2,3,0,0,0,0,0,0,0,0,0,0,0,0,0.563,-1.143,36.9,49.2,1,1,1,1,1,"B"
309,"S04","C015","South","vocational",23,-1.497,-0.375,15.3,10,"girl",-0.678,1,3,"other_language",0,0,6,5.7,,7.1,5.1,5,2,,5.1,4.3,4,43,3,3,,2,4,5,4,,3,4,,,,,,3,3,2,2,4,1,2,3,4,,,,,,,,,,2,3,2,2,3,3,3,1,3,4,,,,,,5,5,4,4,5,2,3,2,3,2,0,1,0,0,0,0,0,0,0,0,0,0,0.892,-0.083,40.5,44.3,1,1,1,0,1,"B"
310,"S04","C015","South","vocational",23,-1.497,-0.375,16,10,"girl",-1.287,2,1,"majority_language",0,0,6.5,6.4,,5.2,6.4,9,1,,2.8,3,1,49.3,4,3,4,5,3,2,,4,4,5,,,,,,4,4,3,2,2,,3,2,2,1,1,1,,,,,,,4,2,2,3,4,5,5,5,4,5,,,,,,2,2,3,3,2,4,4,2,4,3,1,1,0,0,0,0,0,0,0,0,0,0,0.438,-0.499,50.2,40.8,1,1,1,0,1,"A"
311,"S04","C015","South","vocational",23,-1.497,-0.375,15.4,10,"girl",-1.459,1,2,"majority_language",1,0,5.9,5.5,,5.9,6.8,5,9,,5.1,2.9,2,54.1,2,2,4,2,3,2,2,3,2,3,,,,,,1,1,2,1,3,2,2,3,4,1,3,4,,,,,,,2,3,3,3,4,3,3,2,3,3,,,,,,2,3,2,3,2,2,,2,3,4,1,0,0,0,0,,0,0,0,0,0,0,0.816,-1.818,43.4,43.5,1,0,1,0,1,"A"
312,"S04","C015","South","vocational",23,-1.497,-0.375,15.3,10,"boy",0.077,3,1,"majority_language",0,0,6.3,5.7,6,6.7,6.8,3,3,4,7.6,2.8,3,50.7,4,4,3,3,,4,3,4,3,3,,4,3,2,4,3,3,2,1,1,2,3,3,2,3,1,1,3,3,1,,1,2,3,3,,2,,2,3,4,3,4,3,3,4,3,4,5,5,5,5,5,3,2,3,3,2,1,0,1,1,0,1,1,1,0,0,1,0,,,,,1,0,1,0,0,"A"
313,"S04","C015","South","vocational",23,-1.497,-0.375,15.8,10,"boy",-1.718,1,1,"other_language",0,0,4,,,6.8,7.9,8,,,0,2.5,1,43.1,2,2,3,4,3,,,,,,,,,,,5,5,3,3,5,4,,,,,,,,,,,,,3,3,2,4,4,,,,,,,,,,,2,2,,2,2,1,3,1,,4,1,1,1,0,1,1,0,1,0,0,0,0,0.386,-1.299,41.5,39.9,1,1,1,1,1,"C"
314,"S04","C015","South","vocational",23,-1.497,-0.375,16.2,10,"boy",-0.695,2,3,"majority_language",0,0,6,,,6.5,7.3,4,,,3,4.6,3,47.6,4,3,4,,4,,,,,,,,,,,2,4,2,1,4,3,,,,,,,,,,,,,5,4,4,5,4,,,,,,,,,,,3,3,3,,3,3,4,3,,3,0,0,0,1,1,0,,0,0,0,1,0,0.889,0.592,62.4,46.3,1,1,1,1,1,"A"
315,"S04","C015","South","vocational",23,-1.497,-0.375,16,10,"girl",0.622,4,2,"majority_language",0,0,6.9,7.2,7,6,7.2,8,0,6,10,3,3,46.7,2,2,2,1,1,5,3,4,4,4,5,4,3,,2,3,4,4,3,2,,5,5,5,3,2,5,4,3,3,1,2,2,4,4,5,3,4,4,4,4,3,4,5,5,4,5,5,4,4,4,5,3,4,2,4,4,3,,0,,1,1,0,0,1,0,0,1,0,0.943,1.112,55.7,59.7,1,0,1,0,0,"A"
316,"S04","C016","South","vocational",25,-1.497,-1.841,15.8,10,"girl",-0.96,3,1,"majority_language",1,1,7.2,7.5,,6.2,6.7,11,4,,5.7,4.4,4,51.7,4,4,4,3,2,4,4,5,,,,,,,,3,3,1,3,3,3,3,4,,2,1,,,,,,,,3,2,3,3,4,4,1,2,3,2,,,,,,5,5,4,5,4,,2,,3,3,1,1,,1,0,0,0,0,0,0,0,0,0.75,0.622,63,43.1,1,1,1,0,1,"C"
317,"S04","C016","South","vocational",25,-1.497,-1.841,15.7,10,"boy",-1.707,1,1,"other_language",0,0,5.8,,,6.7,5.9,2,,,7.3,3.9,2,49.1,5,5,5,5,4,,,,,,,,,,,2,,3,,2,3,,,,,,,,,,,,,3,3,3,3,3,,,,,,,,,,,3,3,3,2,2,2,3,1,2,2,0,0,1,0,0,1,0,0,1,0,0,0,0.398,-0.463,38.9,47.6,1,1,1,1,1,"C"
318,"S04","C016","South","vocational",25,-1.497,-1.841,15.6,10,"boy",-0.304,3,2,"other_language",0,0,6.4,5.7,5.9,7.1,6.4,8,5,4,7.8,2.1,4,44.9,5,5,5,4,5,4,4,2,4,3,4,3,4,2,4,2,2,,1,3,3,3,,2,,,,4,2,2,3,3,3,2,,2,3,4,4,4,4,3,4,3,3,1,,,3,4,3,5,2,2,2,3,1,2,1,0,0,1,1,0,,0,0,0,0,0,0.519,-1.573,51.9,38.7,1,1,1,0,0,"B"
319,"S04","C016","South","vocational",25,-1.497,-1.841,15.2,10,"girl",-1.622,1,1,"other_language",0,1,6.7,7.4,5.8,7,7.3,7,7,6,4.4,2.2,1,34.7,2,2,3,5,3,2,3,2,,,1,3,,3,1,2,3,1,3,4,2,3,4,3,3,4,4,4,3,,,,,2,,3,2,1,3,3,3,1,2,2,3,3,2,3,4,3,3,4,1,1,2,3,,,1,1,1,0,0,1,0,1,0,0,0,0,0.35,-0.685,27.3,37.1,1,1,1,0,0,"C"
320,"S04","C016","South","vocational",25,-1.497,-1.841,15.8,10,"girl",-2.084,1,2,"majority_language",0,0,6.4,6.5,6,6.6,6.4,1,5,14,2.9,2.5,1,42.6,2,,2,3,4,2,1,2,,,1,1,,2,2,3,1,4,,4,2,2,2,4,5,4,3,3,3,2,,,,3,3,2,2,4,2,,4,3,,2,4,5,5,4,2,4,1,5,4,2,3,3,2,1,1,1,0,0,,1,0,0,0,1,,0,0.864,0.015,52.9,39.6,1,1,1,0,0,"C"
321,"S04","C016","South","vocational",25,-1.497,-1.841,15.4,10,"boy",-1.543,1,1,"majority_language",0,0,7,6.8,,7.7,7.2,6,3,,1.7,2.8,5,53.6,4,4,4,4,4,,5,3,,,,,,,,1,3,3,2,3,3,4,5,4,5,3,2,,,,,,,2,3,2,3,1,4,2,4,4,4,,,,,,3,4,3,4,3,3,1,4,3,3,1,1,0,1,1,0,1,0,1,,1,0,0.744,0.268,47.8,49.4,1,1,1,0,1,"C"
322,"S04","C016","South","vocational",25,-1.497,-1.841,16.1,10,"girl",-0.201,2,4,"majority_language",0,0,6.4,6,,6.2,7.8,11,1,,2,5.4,1,41.5,3,4,,5,4,4,2,4,4,5,,,,,,1,4,3,2,4,2,4,4,5,3,4,2,,,,,,,2,3,1,3,4,4,2,2,2,2,,,,,,3,4,,1,2,4,3,3,4,2,1,0,0,,0,0,0,0,0,0,0,0,,,,,1,0,1,0,1,"A"
323,"S04","C016","South","vocational",25,-1.497,-1.841,15.7,10,"boy",-2.293,1,1,"majority_language",0,0,6.5,,,7.2,6.3,2,,,8,6.3,2,45,2,3,3,4,4,,,,,,,,,,,3,4,3,3,3,5,,,,,,,,,,,,,4,4,2,4,5,,,,,,,,,,,5,3,2,4,3,2,1,3,2,3,1,1,1,0,1,1,0,0,1,1,0,0,0.865,0.328,59.4,63,0,1,1,1,1,"C"
324,"S04","C016","South","vocational",25,-1.497,-1.841,15.3,10,"boy",-1.493,3,1,"majority_language",0,0,6,,,6.4,6.6,8,,,4.4,3.9,1,38.4,4,3,2,2,4,,,,,,,,,,,3,2,2,2,3,3,,,,,,,,,,,,,,4,1,2,1,,,,,,,,,,,4,,2,1,2,2,1,2,2,2,1,1,0,1,0,0,0,0,0,0,0,0,0.882,0.484,53.4,49,1,1,1,1,1,"A"
325,"S04","C016","South","vocational",25,-1.497,-1.841,15.4,10,"boy",-1.413,1,2,"majority_language",0,0,5.2,4.8,,5.2,6.2,13,11,,0,6,1,27.9,2,3,1,2,1,2,3,1,2,,,,,,,3,,4,4,,4,2,2,4,,,,,,,,,,2,3,2,,2,2,2,2,1,2,,,,,,2,4,2,2,3,3,,,,2,1,1,1,0,0,1,,0,1,0,0,1,0.646,-1.703,46.6,36.7,1,1,1,0,1,"B"
326,"S04","C016","South","vocational",25,-1.497,-1.841,15.3,10,"girl",1.284,5,3,"majority_language",1,0,7.4,7,,7.6,8.3,1,9,,6.2,1.4,3,58.8,5,5,5,5,4,3,5,3,5,4,,,,,,2,3,2,,3,,1,2,2,,,,,,,,,,3,3,4,4,4,3,4,2,1,3,,,,,,3,2,3,5,5,3,3,4,2,2,1,1,1,0,1,1,1,0,1,1,0,1,0.605,1.077,45.8,36.3,1,1,1,0,1,"B"
327,"S04","C016","South","vocational",25,-1.497,-1.841,15.4,10,"girl",0.409,3,4,"majority_language",0,0,5.8,6.3,6.3,5.9,6.5,7,9,3,4.1,2.3,1,36.9,1,4,4,2,,2,3,3,2,3,4,2,4,3,2,2,2,2,3,3,3,5,4,5,,,,4,,5,,2,2,,4,5,4,5,3,3,4,5,3,1,3,2,,,3,3,2,2,1,3,3,3,4,5,0,1,1,0,0,1,0,0,0,0,,0,0.763,-0.039,44.7,32.6,1,1,1,0,0,"B"
328,"S04","C016","South","vocational",25,-1.497,-1.841,15.4,10,"boy",-0.338,1,2,"majority_language",0,0,5.7,,,6.7,5.9,6,,,3.5,3.8,1,39.7,,3,1,3,4,,,,,,,,,,,5,4,,4,4,4,,,,,,,,,,,,,4,4,3,3,4,,,,,,,,,,,1,2,1,2,1,1,1,3,1,4,1,,1,0,1,1,0,0,1,1,,0,,,,,1,1,1,1,1,"B"
329,"S04","C016","South","vocational",25,-1.497,-1.841,16,10,"girl",-0.518,3,1,"majority_language",0,0,5.7,,,7.3,6.9,8,,,3.8,1.4,1,43.5,,3,3,4,3,,,,,,,,,,,3,2,3,3,4,4,,,,,,,,,,,,,1,,1,3,2,,,,,,,,,,,4,,3,2,1,1,2,2,3,2,0,0,0,1,0,0,0,0,0,1,0,,0.436,-1.308,37,23.5,1,1,1,1,1,"A"
330,"S04","C016","South","vocational",25,-1.497,-1.841,15.4,10,"girl",-0.518,2,5,"majority_language",0,0,6.5,6.4,5.7,7.3,6.7,0,5,1,3,4,1,36.7,3,4,2,2,3,5,,3,,,2,4,4,4,4,3,2,2,4,3,4,4,4,2,2,4,4,3,2,2,,,,3,5,1,3,4,3,2,2,3,5,2,3,1,3,4,2,4,2,4,4,2,2,,3,1,1,0,1,1,1,1,0,0,0,0,0,1,0.672,0.437,45,51.4,1,1,1,0,0,"C"
331,"S04","C016","South","vocational",25,-1.497,-1.841,15.6,10,"girl",0.491,2,3,"majority_language",0,0,5.7,6.4,5.8,5,6.7,5,20,9,6.4,3.6,2,48,4,3,3,2,4,1,3,4,4,4,2,2,3,1,2,2,,2,1,2,3,3,3,3,4,5,4,5,5,3,3,5,4,,3,3,2,3,4,3,2,3,3,4,3,4,2,3,5,4,,4,4,2,3,4,3,2,1,1,1,0,,0,0,0,0,0,0,0,0.387,0.266,33.2,37.8,1,0,0,0,0,"A"
332,"S04","C016","South","vocational",25,-1.497,-1.841,15.4,10,"boy",-1.534,1,1,"majority_language",1,0,5.4,5.6,,6.1,5.5,4,8,,2.5,2.7,1,30.7,1,,2,3,1,1,3,1,1,2,,,,,,4,2,4,4,2,3,2,3,,1,4,2,,,,,,,3,2,3,4,2,2,2,2,3,1,,,,,,4,3,2,3,2,1,,1,1,3,1,0,0,0,0,0,0,1,0,0,0,0,0.663,-1.865,34.9,44.3,1,1,1,0,1,"A"
333,"S04","C016","South","vocational",25,-1.497,-1.841,15.8,10,"girl",0.174,2,2,"majority_language",0,0,6.3,5.7,7.1,5.5,6.4,0,6,2,2.9,1.7,4,48.3,3,3,4,5,5,3,5,3,,,3,3,3,3,4,2,1,3,3,1,2,1,2,1,2,2,2,1,1,2,,,,5,4,2,5,4,5,5,2,4,2,4,4,3,3,3,3,2,4,,3,1,2,1,1,1,1,0,0,0,0,0,0,0,0,0,0,1,0.737,-2.122,28.4,24.2,1,1,1,0,0,"C"
334,"S04","C016","South","vocational",25,-1.497,-1.841,15.3,10,"boy",-1.231,1,2,"majority_language",0,0,5.3,,,7,7.3,22,,,0.8,2.1,2,43.3,4,4,4,4,,,,,,,,,,,,4,,4,3,,,,,,,,,,,,,,,4,2,3,3,4,,,,,,,,,,,1,4,2,3,4,1,3,2,3,2,1,1,0,0,0,0,0,0,0,0,0,0,0.609,0.781,42.6,40.9,1,1,1,1,1,"B"
335,"S04","C016","South","vocational",25,-1.497,-1.841,15.1,10,"girl",-0.878,2,4,"majority_language",0,0,5.7,5.4,,7.3,5.8,4,5,,6.8,2.2,2,48.7,2,2,2,1,3,1,3,5,3,4,,,,,,3,1,2,4,2,,3,4,,,,,,,,,,,4,4,1,5,4,3,4,1,5,,,,,,,3,4,4,3,4,3,2,3,3,1,1,0,0,0,0,0,1,0,0,0,0,0,0.705,0.667,52.2,66.3,1,1,1,0,1,"B"
336,"S04","C016","South","vocational",25,-1.497,-1.841,15.7,10,"girl",-0.885,1,1,"other_language",0,0,5.8,5.5,,6.4,5.4,11,24,,3,4.3,5,52.3,3,5,2,5,3,4,4,5,,,,,,,,2,2,1,4,2,2,4,4,,4,1,,,,,,,,,4,1,3,3,2,3,2,2,1,,,,,,2,3,2,2,3,3,3,3,5,2,1,1,0,1,0,0,0,0,0,0,0,0,0.687,-0.835,41.9,34,1,1,1,0,1,"C"
337,"S04","C016","South","vocational",25,-1.497,-1.841,15,10,"boy",-0.897,2,1,"majority_language",0,0,6.7,6,6,6.5,6.7,4,0,2,3.9,3.3,1,50.2,2,4,1,4,4,2,4,2,,,2,4,3,1,4,2,1,1,1,3,2,1,,1,1,2,3,2,1,1,,,,1,1,1,1,1,2,5,3,3,5,3,2,1,2,2,4,,4,4,2,2,3,,3,4,1,1,,1,1,0,0,0,0,0,0,1,0.774,-2.157,35.4,44.1,1,1,1,0,0,"C"
338,"S04","C016","South","vocational",25,-1.497,-1.841,15.4,10,"girl",-1.306,2,3,"majority_language",0,0,6.3,6,6.2,7.1,8,28,4,4,1.6,2.7,2,43.8,4,5,5,5,4,4,4,5,,3,2,3,4,5,4,3,3,3,,4,5,2,2,3,,,,2,3,4,3,3,3,1,2,2,2,3,,2,4,2,2,2,2,2,,,5,5,,4,3,2,2,3,3,,1,,1,0,0,0,1,0,1,0,0,0,0.745,-0.121,47.2,58.2,1,1,1,0,0,"B"
339,"S04","C016","South","vocational",25,-1.497,-1.841,15.5,10,"girl",-0.654,3,1,"other_language",0,0,6.8,7.3,7.7,7.4,7.6,2,1,23,4.5,7.4,2,54.1,3,1,3,1,4,2,2,1,,,2,,2,2,2,3,3,2,2,2,1,3,3,2,3,5,2,3,4,,,,,3,2,1,2,4,2,1,1,3,2,3,4,2,,2,1,2,5,,,1,2,2,,3,1,1,1,1,1,1,0,0,1,1,0,0,0.87,0.034,56.4,58,1,1,1,0,0,"C"
340,"S04","C016","South","vocational",25,-1.497,-1.841,15.5,10,"girl",0.448,4,3,"majority_language",0,0,6.5,6.4,6.9,7.7,6.2,5,6,1,8,2.6,1,43.3,4,2,2,3,5,3,2,5,5,2,3,1,4,4,4,4,3,4,2,1,,4,4,4,,,,3,2,3,3,3,2,2,3,3,2,2,2,4,3,4,,4,,1,,,3,3,3,4,3,2,3,2,2,2,0,1,1,0,1,1,1,0,0,0,1,0,0.604,-1.006,39.9,37.7,1,1,1,0,0,"B"
341,"S05","C017","Centre","vocational",19,0.249,-0.565,14.8,9,"girl",-0.997,2,2,"other_language",0,0,6.9,8.1,7.4,7.3,7.1,3,1,1,4.9,4.2,4,40.2,2,3,5,4,3,5,4,5,5,3,4,2,3,3,4,1,1,2,3,3,2,1,3,,,,,1,2,1,1,1,2,5,5,3,4,3,4,4,3,5,4,4,5,4,,,3,3,1,4,3,4,4,3,5,4,1,1,1,1,0,1,1,0,0,0,1,0,,,,,1,1,1,0,0,"B"
342,"S05","C017","Centre","vocational",19,0.249,-0.565,14.7,9,"girl",0.382,4,3,"majority_language",0,0,5,5.6,,5.7,6.7,7,0,,6.4,3.3,1,38.9,2,1,2,2,,1,1,2,2,2,,,,,,3,4,4,2,3,3,2,4,5,,,,,,,,,,3,1,1,2,4,3,1,2,3,3,,,,,,5,3,2,3,4,1,2,1,1,,0,1,,0,1,,1,0,0,0,0,0,,,,,1,1,1,0,1,"B"
343,"S05","C017","Centre","vocational",19,0.249,-0.565,14.7,9,"girl",0.137,,2,"majority_language",0,0,5.6,,,7,6.1,4,,,5.6,2.9,2,41.2,3,3,3,3,4,,,,,,,,,,,3,3,2,4,2,3,,,,,,,,,,,,,2,3,5,2,3,,,,,,,,,,,4,2,2,3,5,4,4,2,3,4,1,1,1,1,1,0,1,0,0,0,1,1,0.763,0.22,50.8,54.3,0,1,1,1,1,"C"
344,"S05","C017","Centre","vocational",19,0.249,-0.565,14.7,9,"boy",-0.234,3,3,"majority_language",0,0,6.8,6.8,6.9,6.3,5.6,9,5,6,3,2,2,52.5,5,3,3,2,4,4,3,3,,2,5,2,4,4,4,3,2,,,,3,3,3,3,,,,5,3,3,3,2,3,2,,2,3,4,4,,3,1,3,3,4,3,,,2,3,3,5,3,,3,3,3,1,1,1,1,0,1,0,0,0,0,0,0,0,0.601,-1.552,40.3,66.4,1,1,1,0,0,"B"
345,"S05","C017","Centre","vocational",19,0.249,-0.565,14.7,9,"boy",0.566,3,3,"majority_language",0,0,6.7,6.1,5.2,7.2,6.4,0,4,13,2.8,2.4,1,48.6,4,4,3,4,3,5,3,5,5,5,4,,4,,3,,3,3,3,4,3,3,4,4,3,3,3,2,4,3,2,3,4,2,3,4,3,1,2,2,2,3,4,2,1,3,3,1,3,4,4,3,2,4,1,,1,5,1,1,1,0,1,1,0,1,0,1,0,0,0.87,-0.009,43.1,38.6,1,0,1,0,0,"A"
346,"S05","C017","Centre","vocational",19,0.249,-0.565,14.2,9,"girl",1.648,5,5,"majority_language",0,0,7.7,8.1,8.3,8.4,7.1,5,11,0,9.3,2.3,3,53,4,3,4,5,5,5,5,5,5,5,3,4,3,5,4,2,2,,3,2,4,,2,4,3,3,3,2,2,3,2,3,4,3,,2,2,2,4,4,3,4,3,5,5,5,,5,5,5,5,3,5,3,3,4,3,3,,1,1,1,1,1,1,1,1,1,1,1,0.843,0.516,62.5,51.4,1,1,1,0,0,"A"
347,"S05","C017","Centre","vocational",19,0.249,-0.565,14.3,9,"boy",0.193,5,1,"other_language",1,0,7.6,7.7,8.7,6.6,6.7,1,1,3,4.4,2.5,4,49.8,5,5,4,3,5,5,5,5,5,4,4,2,3,5,4,2,2,1,2,2,1,1,1,1,1,1,1,2,2,,3,2,2,4,3,5,5,4,3,4,4,4,3,4,3,4,2,3,4,3,4,4,4,4,2,3,4,5,1,1,1,0,1,0,1,0,0,1,0,0,0.764,0.111,45.8,40.9,0,0,1,0,0,"A"
348,"S05","C017","Centre","vocational",19,0.249,-0.565,14.8,9,"boy",-1.543,3,2,"majority_language",0,0,6.1,,,5.3,6.2,15,,,6.5,3.3,4,53.4,5,4,5,5,2,,,,,,,,,,,1,,1,2,2,1,,,,,,,,,,,,,4,3,2,,,,,,,,,,,,,4,1,3,2,3,4,3,3,2,3,0,1,0,0,0,0,0,0,0,0,0,0,0.717,0.925,65.3,36.8,1,1,1,1,1,"B"
349,"S05","C017","Centre","vocational",19,0.249,-0.565,14.7,9,"boy",0.494,3,4,"majority_language",0,0,6.9,7,6.5,6.7,7.1,6,1,2,7.1,2.1,2,45.4,4,2,3,3,3,4,5,4,,,3,4,4,4,4,4,2,2,2,1,3,4,3,2,3,4,3,3,4,3,,,,4,5,1,5,5,5,5,3,3,4,3,5,3,3,3,4,5,4,4,4,3,4,3,4,2,1,1,1,1,1,1,1,0,0,0,0,0,0.615,-0.893,50,50,0,1,1,0,0,"C"
350,"S05","C017","Centre","vocational",19,0.249,-0.565,14.6,9,"boy",0.606,3,2,"other_language",0,0,7.4,7.4,5.9,7,7.5,4,7,0,5.5,1.3,3,52.8,3,4,3,3,4,2,2,2,,,3,3,3,2,3,4,3,1,4,2,4,4,4,2,3,2,2,4,3,4,,,,3,2,5,4,4,3,3,2,3,4,2,4,4,4,4,4,3,2,,,2,2,3,3,4,1,1,1,1,1,0,0,1,0,0,0,1,0.859,-0.782,59.8,66,1,1,1,0,0,"C"
351,"S05","C017","Centre","vocational",19,0.249,-0.565,14.3,9,"another_or_no_answer",-0.042,2,1,"majority_language",0,0,7.5,7.4,7.6,7.5,7.1,1,3,1,10.4,5.3,5,45.3,5,5,5,4,5,4,5,5,,,4,4,4,3,4,2,1,1,2,3,2,4,3,4,3,2,4,2,1,4,,,,2,3,3,4,4,2,4,2,2,2,4,2,2,4,4,2,2,4,4,3,3,1,1,1,2,1,1,1,1,0,1,0,1,0,1,0,0,0.776,-0.218,46.3,53.6,0,1,1,0,0,"C"
352,"S05","C017","Centre","vocational",19,0.249,-0.565,14.7,9,"boy",1.644,5,5,"majority_language",0,0,6.5,6.6,7.1,7.5,6.7,2,6,3,4.9,1.3,2,54.2,4,4,5,,2,2,4,4,4,2,3,2,3,3,2,2,3,2,4,3,5,1,1,,,,,1,2,1,2,1,1,2,3,3,,3,3,5,3,5,3,,3,4,,,2,3,1,3,2,2,4,4,3,5,1,1,0,0,0,0,0,0,0,0,0,0,0.822,0.039,54.6,44.5,1,1,1,0,0,"B"
353,"S05","C017","Centre","vocational",19,0.249,-0.565,14.8,9,"girl",2.406,5,5,"majority_language",0,0,7.9,7.1,8.1,5.8,7.4,2,3,6,8,1.7,5,59.3,5,5,5,5,5,3,5,5,4,5,4,4,5,5,5,1,1,1,3,3,2,1,1,3,,,,1,1,,2,1,2,2,2,2,5,3,4,4,4,4,3,3,2,3,,,4,4,3,3,5,3,2,3,2,2,1,,1,,1,1,1,,1,1,0,0,0.92,0.972,54.7,49.7,1,1,1,0,0,"B"
354,"S05","C017","Centre","vocational",19,0.249,-0.565,14.6,9,"girl",-0.529,3,2,"majority_language",0,0,6.4,,,6.2,7.1,12,,,3.6,2.1,1,46.8,3,2,3,2,3,,,,,,,,,,,4,2,3,4,3,1,,,,,,,,,,,,,4,4,,3,4,,,,,,,,,,,1,2,1,2,1,5,4,5,3,5,1,1,1,0,0,0,0,0,0,1,0,0,0.699,-0.718,40.5,33.9,1,1,1,1,1,"C"
355,"S05","C017","Centre","vocational",19,0.249,-0.565,14.9,9,"girl",0.642,5,4,"majority_language",0,0,7.6,7.3,6.3,7.4,6.2,4,0,10,9.7,2.5,5,57.9,5,5,5,4,5,4,3,5,4,3,2,1,3,3,2,1,2,1,1,1,1,,2,1,2,1,3,1,,1,1,4,1,5,4,5,5,5,3,3,5,3,2,4,5,3,5,2,5,4,4,4,4,4,3,3,3,5,1,1,1,0,1,0,0,1,1,0,0,0,0.773,1.081,53.3,45.1,0,1,1,0,0,"A"
356,"S05","C017","Centre","vocational",19,0.249,-0.565,14.4,9,"boy",-1.321,2,1,"other_language",1,0,6.6,,,6.6,8,0,,,6.8,6.6,4,42.2,5,4,4,4,4,,,,,,,,,,,2,2,2,2,5,1,,,,,,,,,,,,,3,3,2,,,,,,,,,,,,,4,3,5,3,5,3,2,4,3,3,1,1,1,1,0,0,1,0,0,0,0,0,0.763,0.372,37.3,40.6,1,1,1,1,1,"A"
357,"S05","C017","Centre","vocational",19,0.249,-0.565,14.7,9,"girl",-0.045,4,2,"majority_language",0,0,6.4,,,6.3,6,1,,,1.8,3.9,3,53.5,1,4,4,5,4,,,,,,,,,,,2,2,1,1,1,1,,,,,,,,,,,,,4,3,3,3,3,,,,,,,,,,,4,5,3,4,3,2,3,4,4,3,0,0,0,0,0,0,0,0,0,0,0,0,0.809,0.202,48,50.8,0,1,1,1,1,"C"
358,"S05","C017","Centre","vocational",19,0.249,-0.565,14.3,9,"girl",-0.26,2,3,"majority_language",0,0,7.1,5.9,5.2,7.2,6.2,2,14,6,2,3,1,42.8,4,2,3,2,4,3,3,3,,,2,2,3,3,2,2,4,2,4,2,4,3,2,3,3,3,2,1,2,3,,,,3,4,3,3,2,5,5,3,4,3,2,4,3,1,2,4,2,4,3,2,2,2,4,4,3,0,,0,1,0,0,0,1,0,0,0,0,0.752,-1.552,45.3,46,1,1,1,0,0,"C"
359,"S05","C017","Centre","vocational",19,0.249,-0.565,14.2,9,"boy",1.018,4,5,"majority_language",0,0,5.9,6.5,6.3,7.6,7.3,2,15,4,2.9,4.8,3,58.9,2,,5,3,4,3,5,4,4,4,4,5,2,,4,2,3,3,3,5,,2,2,2,4,2,4,4,3,4,3,3,3,5,4,5,3,3,4,5,4,3,2,4,2,2,3,2,3,3,4,2,4,,3,3,3,4,1,1,1,1,1,0,0,1,0,0,0,0,0.745,-1.953,33.7,31.6,1,0,1,0,0,"A"
360,"S05","C018","Centre","vocational",18,0.249,0.747,15.8,10,"girl",0.437,3,1,"majority_language",0,0,7.3,7.4,6.8,6.9,7.5,0,3,1,4.2,3.7,2,40,2,2,2,4,3,2,3,1,4,2,4,4,4,4,3,2,1,3,2,3,2,3,1,1,,,,1,1,2,1,2,1,4,4,4,4,5,3,3,4,4,4,3,4,5,,,3,3,4,3,4,4,3,4,3,5,1,1,1,0,1,1,0,0,0,0,0,0,0.816,-0.082,36,53.3,0,1,1,0,0,"B"
361,"S05","C018","Centre","vocational",18,0.249,0.747,15.5,10,"boy",1.14,5,4,"majority_language",0,0,7.8,8.5,7.4,8.4,8.8,3,3,1,7.2,2.6,5,64.8,4,5,4,5,5,5,4,4,4,4,5,4,4,5,4,3,2,1,3,2,2,,3,3,3,4,2,2,2,2,1,1,1,4,4,4,4,3,5,4,5,4,5,4,3,3,4,3,5,4,4,5,4,2,4,,,5,1,1,1,0,1,,1,1,0,1,0,1,0.53,0.382,45,44,1,1,0,0,0,"A"
362,"S05","C018","Centre","vocational",18,0.249,0.747,15.7,10,"girl",0.755,5,4,"majority_language",0,0,8.1,7.5,7.2,7.1,7.2,5,3,6,5.9,1.2,4,55.8,4,3,5,2,5,4,4,2,,,5,4,4,5,4,2,1,3,1,2,2,3,3,4,2,3,3,3,2,3,,,,5,3,4,4,2,1,3,2,,2,2,1,1,1,2,4,3,3,,5,5,5,4,4,5,1,1,0,0,1,1,0,1,1,0,0,1,0.843,-0.205,54,55.4,1,1,1,0,0,"C"
363,"S05","C018","Centre","vocational",18,0.249,0.747,15.9,10,"boy",1.066,4,5,"majority_language",0,0,6.3,6.4,6,5.9,8.8,1,1,3,7.4,4.6,4,53.9,3,4,4,3,5,4,3,4,2,2,4,4,3,4,5,2,4,3,3,4,2,2,2,3,,,,2,2,1,4,3,3,4,3,5,2,5,2,4,2,2,4,4,5,4,,,5,4,4,3,5,5,3,2,4,4,1,0,0,1,0,0,1,1,0,0,0,0,0.628,-0.189,42.8,37.8,0,1,1,0,0,"B"
364,"S05","C018","Centre","vocational",18,0.249,0.747,14.6,10,"boy",-1.211,1,2,"other_language",0,1,7.5,7.5,6.5,5.6,6.5,4,3,6,4.2,1.9,3,57.8,4,4,2,4,4,3,4,2,,,4,4,,2,4,3,3,2,2,3,,2,2,2,1,3,3,3,2,,,,,3,3,2,1,1,2,2,2,4,1,5,4,4,5,2,5,5,5,5,4,4,3,3,3,3,1,1,1,,0,0,0,0,0,0,0,0,0.832,0.305,60,50.9,1,1,1,0,0,"C"
365,"S05","C018","Centre","vocational",18,0.249,0.747,15.6,10,"girl",-0.51,4,3,"majority_language",0,0,6.5,7.7,8.4,6.7,7.5,7,0,3,5.4,5,2,41.7,2,5,4,3,5,1,4,3,4,3,2,2,2,4,2,2,3,2,1,,1,2,3,1,,5,2,1,2,1,1,1,1,4,4,4,5,5,5,5,5,4,5,5,5,5,4,4,4,4,4,5,3,4,4,3,4,4,1,1,1,1,1,1,,1,0,0,0,0,0.917,-0.15,46.7,42.4,1,1,0,0,0,"A"
366,"S05","C018","Centre","vocational",18,0.249,0.747,15.2,10,"boy",0.287,2,4,"majority_language",0,0,7.1,7.6,7.5,7.6,6.8,7,1,0,7.7,4.3,1,69,5,5,5,5,4,3,3,5,,,5,3,4,,4,1,1,1,1,3,3,1,1,1,1,1,1,,1,2,,,,5,5,5,4,5,5,5,4,4,5,5,5,3,4,5,4,5,3,4,4,3,4,4,5,4,1,1,0,,1,1,1,1,1,0,0,1,0.696,-0.261,50.2,53.7,1,1,1,0,0,"C"
367,"S05","C018","Centre","vocational",18,0.249,0.747,15.7,10,"girl",-0.409,1,2,"majority_language",0,0,7,6.3,7,7.5,8.2,1,5,2,11.9,1.6,5,54.9,5,5,5,5,5,5,5,4,,,5,4,4,5,5,1,1,2,1,3,2,2,1,1,1,2,,1,2,2,,,,5,4,5,4,4,5,5,5,4,5,5,5,5,5,5,5,5,4,3,5,5,5,5,5,5,1,1,1,0,1,0,0,1,1,0,0,0,0.646,-1.046,49.2,54.2,0,1,1,0,0,"C"
368,"S05","C018","Centre","vocational",18,0.249,0.747,15.6,10,"boy",0.583,5,3,"majority_language",0,0,8.5,7.6,6.4,7.7,6.6,1,1,1,6.7,3,4,54.6,5,5,5,5,4,4,5,5,5,2,4,5,5,3,3,1,3,1,3,2,2,1,1,1,1,2,1,3,3,1,3,1,2,3,3,3,3,3,5,4,4,5,5,5,5,5,5,5,5,4,5,5,5,3,4,4,5,4,1,1,1,1,1,1,1,0,1,1,1,0,0.749,0.116,55.7,57.5,0,0,0,0,0,"A"
369,"S05","C018","Centre","vocational",18,0.249,0.747,16.2,10,"girl",1.028,5,4,"majority_language",0,0,8,7.2,8,6.4,8.3,7,0,2,6.6,1.9,3,56.1,4,5,4,3,4,5,4,5,4,3,5,5,4,4,5,1,1,1,3,1,,1,1,1,1,3,2,2,1,2,2,1,1,3,4,4,,3,4,4,3,5,4,4,5,5,2,5,4,4,4,4,4,5,5,5,5,5,1,1,1,1,1,1,1,1,0,0,0,0,0.683,-0.178,34.8,50.3,1,0,0,0,0,"A"
370,"S05","C018","Centre","vocational",18,0.249,0.747,16.2,10,"girl",-0.197,2,3,"majority_language",0,0,6.9,,,5.8,6.9,0,,,4.7,1.6,2,58.3,5,5,4,3,,,,,,,,,,,,3,2,4,2,4,3,,,,,,,,,,,,,3,,4,3,4,,,,,,,,,,,4,5,5,3,5,4,4,5,4,3,1,1,1,1,0,0,0,0,0,0,0,0,0.86,0.489,54.1,54.6,1,1,1,1,1,"A"
371,"S05","C018","Centre","vocational",18,0.249,0.747,15.7,10,"boy",-0.854,1,2,"other_language",0,0,7.6,7.6,8.8,7.8,7.9,0,3,0,11.4,2.4,2,62.9,3,,4,5,5,5,5,5,5,3,5,4,5,5,4,2,3,2,1,,1,1,1,2,,,,1,1,2,1,1,1,4,5,5,5,5,4,5,5,4,,,5,4,,,4,4,5,5,4,5,5,4,5,4,1,1,1,1,1,1,1,1,0,0,0,1,0.486,-0.595,35.9,32.8,1,1,1,0,0,"B"
372,"S05","C018","Centre","vocational",18,0.249,0.747,15.4,10,"girl",0.603,4,5,"majority_language",0,0,7.9,7,6.1,6.8,7.1,9,2,1,6,4.6,4,49.3,5,5,3,,4,3,3,5,4,4,4,5,5,5,5,2,1,1,2,1,1,1,2,3,2,2,3,3,1,4,3,4,1,4,,4,4,5,4,5,4,5,3,4,5,3,4,5,2,2,3,3,2,3,3,3,,1,1,1,1,1,,1,1,0,0,0,0,0,0.895,1.324,46.9,49.6,1,0,0,0,0,"A"
373,"S05","C018","Centre","vocational",18,0.249,0.747,15.5,10,"girl",-0.293,3,1,"majority_language",0,1,6.9,6.7,7.1,7.5,8.7,4,8,6,4.3,4.1,1,47,2,3,1,2,2,5,5,4,,,2,4,3,,2,1,1,2,1,2,2,1,2,2,2,1,1,3,3,2,,,,3,4,4,2,5,3,4,3,2,4,4,5,2,4,4,4,3,4,4,5,2,5,4,3,3,1,0,1,1,1,1,0,0,0,0,0,0,0.833,-1.338,51.7,50.5,0,1,1,0,0,"C"
374,"S05","C018","Centre","vocational",18,0.249,0.747,15.8,10,"boy",0.996,4,5,"majority_language",0,0,7,7.8,7.3,7.5,6.8,2,2,1,10.5,1.3,2,53.1,3,4,3,3,5,2,4,5,4,4,5,4,5,4,4,2,1,1,1,2,2,2,4,3,1,2,1,1,2,1,1,1,1,5,,5,3,5,5,5,5,5,5,5,5,5,4,5,3,5,4,5,4,5,5,5,5,4,1,1,1,1,1,0,0,0,0,1,0,0,0.917,0.783,46.7,55.7,1,0,0,0,0,"A"
375,"S05","C018","Centre","vocational",18,0.249,0.747,15.1,10,"girl",-0.836,3,4,"majority_language",0,0,7,6.9,6.8,6.5,7.8,1,8,0,6.2,5.2,4,45.6,3,4,5,5,5,3,5,5,5,3,4,5,4,4,3,2,1,,2,1,3,2,1,1,4,1,2,2,,1,2,,1,5,4,5,4,4,5,5,4,4,3,4,,4,3,3,3,1,2,4,,3,5,4,4,4,0,0,0,1,0,0,0,0,1,0,0,0,0.785,2.333,68.8,53,1,0,1,0,0,"A"
376,"S05","C018","Centre","vocational",18,0.249,0.747,15,10,"boy",0.023,3,3,"majority_language",0,0,7,7.2,,7.4,7.8,1,7,,8.2,3.9,2,51.2,5,2,5,4,2,3,4,3,3,3,,,,,,1,1,1,1,1,1,1,1,1,1,2,1,,,,,,,4,5,5,3,4,5,5,4,4,4,,,,,,4,5,4,5,3,4,4,1,2,4,1,1,0,,1,1,0,1,1,0,0,1,0.808,0.112,55,57.6,1,0,1,0,1,"A"
377,"S05","C018","Centre","vocational",18,0.249,0.747,15.4,10,"girl",0.02,1,3,"majority_language",1,0,5.8,5.6,6.4,6.2,7.5,8,8,3,0,2.3,2,43.3,3,2,3,2,1,3,4,3,3,3,,3,5,3,5,3,1,2,,2,2,1,1,1,1,2,1,2,2,1,1,1,2,3,3,3,5,2,5,4,3,2,4,3,3,3,4,5,2,3,2,2,3,2,4,3,,2,1,0,0,0,0,0,0,0,0,0,1,0,0.652,0.45,56.2,59.8,1,0,1,0,0,"A"
378,"S05","C019","Centre","vocational",17,0.249,-0.892,17.2,12,"boy",-1.298,1,,"majority_language",0,0,5.9,5.5,6.5,6.5,5.9,4,7,11,3.1,4.5,2,40.7,1,4,2,3,1,1,3,2,,,2,1,1,3,2,3,2,1,3,,2,2,3,3,4,3,5,,5,4,,,,2,1,2,2,2,3,2,2,3,2,3,2,2,3,2,3,2,,2,3,1,1,2,1,1,1,0,0,,0,0,0,0,0,0,0,0,0.545,-1.8,38,37.3,1,1,1,0,0,"C"
379,"S05","C019","Centre","vocational",17,0.249,-0.892,17.1,12,"boy",0.507,5,3,"majority_language",0,1,7.1,7.6,7.6,7,7.5,6,0,2,6,1.1,4,48.9,3,3,4,2,2,3,3,4,5,4,4,3,4,2,,1,2,2,3,4,2,1,1,1,,,,3,5,1,3,2,4,3,5,4,4,5,4,3,4,4,3,4,5,4,,,3,5,4,4,4,5,4,4,4,5,1,1,1,1,1,1,1,1,0,,1,1,0.76,-0.049,48.2,54.5,1,1,1,0,0,"B"
380,"S05","C019","Centre","vocational",17,0.249,-0.892,17.3,12,"boy",0.084,4,4,"majority_language",0,0,7.9,,,7.9,7.4,5,,,7.7,3.7,3,40.2,3,3,4,3,3,,,,,,,,,,,3,3,2,3,1,4,,,,,,,,,,,,,2,2,1,2,4,,,,,,,,,,,2,3,4,2,2,3,4,3,4,4,1,1,1,0,1,1,0,0,1,1,0,,0.885,1.205,53.2,49.2,1,1,1,1,1,"C"
381,"S05","C019","Centre","vocational",17,0.249,-0.892,18.1,12,"boy",1.762,5,5,"majority_language",0,0,7.2,,,7.4,6.8,2,,,5,1,4,49.2,4,4,5,5,4,,,,,,,,,,,3,1,1,3,3,1,,,,,,,,,,,,,5,4,2,5,2,,,,,,,,,,,4,5,5,3,4,2,3,2,,2,1,1,1,1,0,1,1,0,0,0,0,0,0.491,-1.253,33.7,49.7,1,1,1,1,1,"A"
382,"S05","C019","Centre","vocational",17,0.249,-0.892,17.5,12,"boy",-0.395,1,2,"other_language",0,0,7.5,8.2,,7.7,5.8,7,0,,5.7,2.7,3,46.3,4,3,4,2,4,5,4,4,4,4,,,,,,3,1,1,2,2,2,3,3,4,3,,3,,,,,,,1,3,2,3,3,3,4,2,2,4,,,,,,4,4,4,4,5,3,2,4,3,4,0,1,1,0,1,1,0,0,1,,1,0,0.756,1.092,64.3,57.6,1,1,1,0,1,"A"
383,"S05","C019","Centre","vocational",17,0.249,-0.892,17.3,12,"girl",-0.043,3,2,"majority_language",0,0,5,5.5,5.3,5.4,6.4,4,14,8,3.9,2.8,2,42.9,4,5,3,1,4,3,3,4,,,2,3,3,2,3,3,3,4,3,3,,3,2,3,2,3,,2,3,3,,,,4,4,1,4,2,4,5,5,5,5,5,4,2,4,4,3,3,4,5,5,4,1,,3,2,1,1,0,0,0,1,0,0,0,0,0,0,0.61,-1.398,23.8,31.7,1,1,1,0,0,"C"
384,"S05","C019","Centre","vocational",17,0.249,-0.892,17.9,12,"boy",1.252,4,4,"majority_language",0,0,6.9,6.1,6.6,6.4,9.1,10,7,3,5.5,2.5,2,46.3,4,3,,3,3,4,,2,,,3,3,3,2,3,3,3,4,3,3,2,3,4,2,5,1,2,4,2,2,,,,2,3,3,1,3,5,4,4,2,3,5,4,4,4,3,3,2,2,3,4,3,,3,,2,1,1,1,1,1,0,0,0,0,0,1,0,0.763,0.001,58.5,57.3,1,1,1,0,0,"C"
385,"S05","C019","Centre","vocational",17,0.249,-0.892,16.6,12,"boy",0.788,3,4,"majority_language",0,0,6.6,5.7,,7.1,7.5,0,2,,9,1.3,3,46.8,5,3,3,5,4,2,2,3,1,4,,,,,,1,2,,2,3,3,1,,1,3,2,3,,,,,,,5,5,5,5,5,4,4,,5,4,,,,,,4,5,5,4,3,4,3,4,4,4,0,0,1,1,0,0,1,0,0,0,0,0,0.592,-0.768,33.1,41.9,1,1,1,0,1,"A"
386,"S05","C019","Centre","vocational",17,0.249,-0.892,17.6,12,"girl",-0.014,2,4,"majority_language",0,0,7,7.3,8,7.5,5.8,6,1,2,6.9,3.6,3,62.8,5,5,,3,5,5,3,4,5,4,5,3,3,4,4,3,3,1,2,2,1,1,1,1,,,,,3,4,4,2,3,5,4,5,5,4,5,5,3,5,,4,4,3,,,5,5,5,5,5,3,4,2,4,5,1,1,0,0,1,0,0,0,0,0,0,0,0.35,-0.412,37.5,27.1,1,1,1,0,0,"B"
387,"S05","C019","Centre","vocational",17,0.249,-0.892,17.2,12,"girl",-0.635,2,1,"majority_language",0,0,7.5,6.8,7,7,7.2,7,10,0,3.4,4,1,41.6,3,4,3,4,4,3,2,3,4,3,4,5,4,2,,2,4,2,3,3,3,3,2,3,,,,3,3,4,3,3,,2,2,1,2,,2,5,2,4,2,3,4,4,,,2,3,,2,3,2,2,1,1,3,1,1,1,1,1,0,1,0,1,0,1,0,,,,,1,1,1,0,0,"B"
388,"S05","C019","Centre","vocational",17,0.249,-0.892,17.8,12,"boy",0.519,4,5,"majority_language",1,0,7.6,7.2,5.9,8.3,8.1,2,0,5,8.1,2.7,2,50.5,3,2,2,1,5,3,4,2,2,4,,5,5,4,5,1,1,1,1,1,3,1,1,1,,,,2,1,3,3,3,2,3,3,2,5,3,2,2,4,3,5,2,3,2,,,3,5,3,5,5,5,4,2,4,4,0,1,1,0,0,1,0,0,0,0,0,0,0.759,0.734,41.9,48.9,0,1,1,0,0,"B"
389,"S05","C019","Centre","vocational",17,0.249,-0.892,17.5,12,"boy",0.68,4,3,"majority_language",0,0,7.5,6.1,6.4,7.8,7.8,2,2,1,7.2,2,5,62.8,3,5,4,5,5,4,3,1,,,4,4,,4,4,2,1,1,4,3,2,1,1,1,1,1,1,,2,1,,,,3,5,4,5,3,4,5,4,5,4,4,4,3,5,3,4,5,4,5,5,1,2,2,1,3,1,0,,1,1,1,1,1,,1,0,0,0.536,-0.89,31.8,40.9,1,1,1,0,0,"C"
390,"S05","C019","Centre","vocational",17,0.249,-0.892,17.6,12,"girl",0.596,2,4,"majority_language",0,0,7.6,,,6.8,6.8,7,,,7.6,1.8,3,54,4,5,5,3,4,,,,,,,,,,,1,1,1,2,1,2,,,,,,,,,,,,,2,1,1,3,1,,,,,,,,,,,5,,4,4,4,3,2,5,3,3,1,1,1,1,1,0,0,0,1,0,0,0,0.92,0.998,70.5,72.5,1,1,1,1,1,"C"
391,"S05","C019","Centre","vocational",17,0.249,-0.892,17.3,12,"girl",-0.072,4,2,"majority_language",0,0,6.4,7,7,5.1,6.4,1,7,0,8.3,1.7,2,48.6,2,4,4,3,4,4,4,4,2,4,5,3,5,4,5,1,1,1,1,2,1,2,1,1,,,,1,1,1,1,3,1,5,4,4,3,3,,3,4,2,2,2,3,3,,,4,4,2,3,3,3,4,5,4,5,1,1,0,1,0,0,0,0,0,0,0,1,0.45,-0.833,43.2,38.4,0,1,1,0,0,"B"
392,"S05","C019","Centre","vocational",17,0.249,-0.892,17.6,12,"girl",0.724,5,4,"majority_language",0,0,8.2,8,7.1,6.4,8.1,2,2,1,10.5,2.5,5,58.9,4,5,5,5,5,3,5,5,,3,,3,2,4,1,2,3,1,2,1,3,2,1,,2,3,2,3,3,1,2,2,2,5,4,3,2,3,3,,4,2,4,3,3,3,4,3,4,5,5,5,4,3,4,3,2,5,1,1,1,1,1,1,1,1,1,1,1,1,0.688,-1.043,56.3,57.6,0,1,1,0,0,"A"
393,"S05","C019","Centre","vocational",17,0.249,-0.892,17.5,12,"boy",1.171,5,4,"other_language",0,0,7,6.9,7.5,6.7,7,3,3,4,3.1,2.2,3,51,4,5,4,5,3,3,3,3,,,3,3,4,3,3,1,1,1,1,1,1,3,2,2,3,1,3,,4,3,,,,5,4,4,5,5,2,,3,3,2,1,3,2,1,3,4,4,5,4,5,2,1,4,3,4,1,1,1,0,1,1,0,0,1,1,1,0,0.487,-0.268,45.6,37.7,0,1,1,0,0,"C"
394,"S05","C019","Centre","vocational",17,0.249,-0.892,17.1,12,"boy",0.353,4,2,"majority_language",1,0,5.7,5.9,,8.3,7.1,17,8,,10.3,2.2,2,54.9,4,5,5,3,5,5,3,4,4,5,,,,,,1,2,2,3,2,2,4,1,,,4,4,,,,,,,4,4,3,4,2,2,4,4,2,2,,,,,,5,2,4,4,4,4,3,4,3,3,1,1,1,1,1,0,0,0,1,1,1,0,0.844,-0.267,44.7,48.1,0,1,1,0,1,"A"
395,"S05","C020","Centre","vocational",19,0.249,-0.022,17.5,12,"boy",-0.673,3,3,"majority_language",0,0,5.3,5.4,,6.2,5.5,9,4,,4.6,2.4,3,28.1,2,2,1,4,3,4,5,4,4,4,,,,,,3,2,2,3,3,2,1,2,3,,,,,,,,,,2,3,4,5,3,,4,3,3,4,,,,,,2,4,3,3,3,2,3,3,,1,1,1,1,0,1,0,0,1,0,0,1,0,0.737,0.386,36.3,53.4,1,1,1,0,1,"B"
396,"S05","C020","Centre","vocational",19,0.249,-0.022,17.5,12,"boy",-0.849,2,4,"other_language",0,0,5.6,,,4.9,7.7,6,,,5.2,4.6,1,42.5,5,5,4,4,5,,,,,,,,,,,4,4,3,2,2,3,,,,,,,,,,,,,2,2,4,2,3,,,,,,,,,,,2,4,2,2,2,4,4,,4,4,0,0,1,0,1,0,1,0,0,0,0,0,,,,,1,1,1,1,1,"A"
397,"S05","C020","Centre","vocational",19,0.249,-0.022,16.6,12,"girl",-0.221,5,4,"other_language",0,0,7.3,6.1,,8.3,6.5,4,3,,4.7,0.8,3,55,5,5,4,5,5,5,5,5,5,5,,,,,,1,1,1,2,1,1,4,2,1,1,2,3,,,,,,,4,2,4,4,5,3,5,4,5,3,,,,,,3,4,4,5,3,5,4,4,3,3,1,1,1,1,1,1,1,0,1,0,0,0,0.643,0.077,58.8,48.2,0,0,1,0,1,"A"
398,"S05","C020","Centre","vocational",19,0.249,-0.022,17.7,12,"girl",-1.318,1,2,"other_language",1,0,7.2,7.7,6.7,6.4,7.6,1,2,4,6.7,1.3,1,43.8,5,5,5,2,5,4,4,5,,5,2,3,4,3,2,4,2,2,1,3,3,,3,1,3,3,2,,3,1,1,1,3,4,4,4,,,4,4,5,3,4,3,5,3,4,3,5,4,5,4,4,3,4,4,3,4,0,1,1,1,1,0,1,0,,0,0,1,0.593,-1.428,53.4,42.3,1,1,1,0,0,"A"
399,"S05","C020","Centre","vocational",19,0.249,-0.022,17.5,12,"girl",0.849,4,5,"majority_language",0,0,6.6,6.3,6,5.8,6.7,0,10,1,5.2,3.3,3,48,,2,4,3,3,3,1,1,,,4,3,5,5,5,1,2,3,3,1,3,3,2,2,2,2,2,4,3,3,,,,3,2,5,4,3,3,,3,2,3,4,3,5,4,5,4,4,5,4,4,3,2,4,2,2,1,1,1,0,1,0,0,1,1,0,1,0,0.835,-0.754,51.3,39.9,1,1,1,0,0,"C"
400,"S05","C020","Centre","vocational",19,0.249,-0.022,17.6,12,"girl",0.184,5,3,"majority_language",1,0,7.1,6,6.6,7.8,8.3,1,3,2,8.4,2.6,3,56.4,3,3,3,5,2,4,3,2,,,4,3,3,4,3,2,3,2,2,1,1,4,1,1,1,2,2,2,3,1,,,,4,4,3,5,5,,5,2,4,4,3,3,5,5,5,5,4,5,,5,4,4,3,3,3,1,1,0,1,1,1,1,1,0,0,0,0,0.84,0.631,47,48.4,1,1,1,0,0,"C"
401,"S05","C020","Centre","vocational",19,0.249,-0.022,17.7,12,"girl",0.499,4,5,"majority_language",0,0,6.5,6.8,6.6,6.5,6.3,0,5,0,4.3,1.5,2,55.6,4,3,2,2,3,5,3,,5,3,2,3,3,4,2,1,,3,1,2,2,2,2,1,,,,1,2,2,2,2,2,3,3,3,5,3,2,3,2,2,1,,4,3,,,3,3,4,,4,3,4,3,3,4,0,1,1,1,0,1,0,1,0,0,0,0,,,,,1,1,1,0,0,"B"
402,"S05","C020","Centre","vocational",19,0.249,-0.022,17.5,12,"boy",0.507,4,4,"majority_language",0,0,7.9,8.1,8.1,7.1,6.5,4,1,7,3.2,1.6,3,53.1,4,5,5,3,5,5,,5,,,4,4,4,5,3,3,,3,2,3,4,2,1,3,2,1,2,1,1,2,,,,4,3,3,4,4,5,3,4,3,3,3,2,3,5,1,5,4,4,5,3,5,5,3,4,,1,1,1,1,1,1,0,0,1,0,0,0,0.82,0.773,44.5,73.9,1,1,1,0,0,"C"
403,"S05","C020","Centre","vocational",19,0.249,-0.022,17.3,12,"girl",-0.88,1,1,"majority_language",0,0,6.2,6,6.1,7.6,7.6,5,2,10,5.8,2.9,2,39,3,3,3,2,3,,4,3,,,2,2,1,2,1,3,3,2,2,4,3,1,1,1,3,2,3,3,3,3,,,,3,3,4,4,5,3,3,4,,,5,5,5,3,2,3,4,4,4,3,2,5,4,4,5,1,1,1,0,0,0,1,0,0,0,1,0,,,,,1,1,1,0,0,"C"
404,"S05","C020","Centre","vocational",19,0.249,-0.022,17.9,12,"girl",-0.131,3,1,"majority_language",0,0,6.9,,,9,7,6,,,6.3,2.5,3,52.9,5,3,3,5,4,,,,,,,,,,,3,1,3,2,4,2,,,,,,,,,,,,,4,2,3,2,3,,,,,,,,,,,5,5,3,4,3,2,5,3,2,4,1,1,1,1,1,1,1,0,0,0,1,1,0.907,0.249,54.2,47.1,0,1,1,1,1,"C"
405,"S05","C020","Centre","vocational",19,0.249,-0.022,17.1,12,"boy",-0.199,3,2,"majority_language",0,0,6.8,7.1,7.5,7.9,7.6,18,3,1,8.7,1.8,3,52.5,5,3,5,5,3,3,5,5,,,5,,5,4,5,3,2,3,,1,2,2,3,1,1,2,1,3,2,1,,,,5,3,3,3,2,,2,3,2,2,5,2,,3,3,5,4,3,5,4,5,2,4,3,4,1,1,1,0,0,1,0,0,0,1,,0,0.881,-0.251,49.6,41.1,1,1,1,0,0,"C"
406,"S05","C020","Centre","vocational",19,0.249,-0.022,17.9,12,"girl",-1.081,1,1,"other_language",0,0,6.1,6.5,,6.2,5.3,9,9,,2.3,3.2,2,46,1,3,3,2,1,3,4,5,4,4,,,,,,4,2,3,3,3,2,5,4,4,,,,,,,,,,3,2,3,,3,3,2,5,4,3,,,,,,1,4,2,,1,,3,5,5,5,,0,0,0,0,0,0,0,0,0,0,0,0.752,-0.884,43.2,41.6,1,1,1,0,1,"B"
407,"S05","C020","Centre","vocational",19,0.249,-0.022,17.1,12,"another_or_no_answer",0.62,5,5,"majority_language",0,0,5.9,6.6,,6.9,7.4,6,2,,6.5,1.3,2,39.2,3,,5,5,2,4,3,1,4,4,,,,,,2,2,3,2,1,2,2,2,2,1,4,3,,,,,,,3,5,4,3,4,4,4,3,4,5,,,,,,4,4,4,3,3,2,5,3,3,3,1,1,0,0,1,1,0,0,1,,0,0,0.716,-1.793,46.2,40.2,1,0,1,0,1,"A"
408,"S05","C020","Centre","vocational",19,0.249,-0.022,18.1,12,"boy",-0.279,4,1,"majority_language",0,0,6.9,6.9,7,6.9,7,7,9,7,10.4,1.3,1,42.6,2,4,3,4,5,3,2,4,,2,2,2,3,3,3,3,,4,,3,3,3,2,3,,,,5,3,2,4,3,4,3,4,3,4,2,,2,3,2,1,4,2,2,,,3,2,4,4,3,2,4,5,4,3,1,1,1,1,1,1,0,0,1,1,0,1,0.882,0.51,55.7,60.9,1,1,1,0,0,"B"
409,"S05","C020","Centre","vocational",19,0.249,-0.022,18,12,"girl",0.339,4,4,"other_language",0,0,6.7,6.9,6.5,7.6,7.9,5,3,5,7.1,3.2,2,42,4,5,4,2,4,2,3,2,,,2,2,3,3,2,3,3,3,3,2,4,3,2,4,5,,3,3,4,4,,,,1,4,3,,4,4,4,4,3,5,3,3,2,4,,3,2,4,3,3,3,2,1,4,3,1,1,0,,1,0,0,1,0,0,0,1,0.816,0.86,53.7,32.7,1,1,1,0,0,"C"
410,"S05","C020","Centre","vocational",19,0.249,-0.022,17.2,12,"boy",-0.253,2,1,"majority_language",0,0,6.6,5.8,,6,6.9,0,4,,4.1,4.8,2,46.5,4,4,3,3,3,4,,4,5,4,,,,,,2,4,3,,3,3,2,1,1,,,,,,,,,,5,5,5,5,5,5,5,4,5,5,,,,,,5,4,4,5,5,5,4,4,5,5,0,1,0,0,0,1,0,0,0,,0,0,0.683,-1.679,42.6,37.6,1,1,1,0,1,"B"
411,"S05","C020","Centre","vocational",19,0.249,-0.022,16.9,12,"boy",-0.697,2,2,"majority_language",0,0,7.6,7,7.1,6.2,6.8,1,1,0,3.3,3.8,2,55.3,3,5,5,5,3,4,4,5,,,4,5,4,5,4,3,,1,2,1,2,2,4,1,3,2,2,2,3,1,,,,1,3,5,4,5,4,3,5,5,5,5,5,4,5,5,2,2,2,2,2,4,2,3,4,3,1,0,1,1,0,0,1,0,0,0,0,0,0.455,-0.911,46.5,33.7,1,1,1,0,0,"C"
412,"S05","C020","Centre","vocational",19,0.249,-0.022,17.4,12,"boy",-0.06,2,4,"majority_language",0,0,6.3,6.5,6,7.5,7.5,4,7,10,4.9,5.3,1,48.8,5,5,3,2,2,3,5,5,3,2,4,5,5,,5,3,2,4,4,4,4,,4,3,2,2,3,,3,3,2,2,3,2,4,2,2,2,2,2,4,2,4,4,3,2,3,3,1,3,3,,3,3,3,3,1,2,1,1,1,1,1,1,1,1,0,0,1,1,0.784,-0.299,33.1,44.8,1,1,1,0,0,"A"
413,"S05","C020","Centre","vocational",19,0.249,-0.022,17.2,12,"girl",-0.592,1,1,"majority_language",0,0,7.4,6.4,6.7,8,6.7,7,5,9,4,2.3,2,45.1,2,4,4,3,3,4,5,4,,,3,4,5,3,4,3,3,4,3,4,1,1,2,2,1,2,3,3,3,3,,,,5,5,5,4,5,4,4,,5,3,2,4,4,4,4,3,4,2,1,1,2,2,4,2,2,1,1,1,1,0,0,1,,1,0,0,0,0.684,-0.958,37.4,65.9,1,1,1,0,0,"C"
414,"S06","C021","North","general",21,0.773,1.779,16.9,11,"girl",-0.698,2,1,"other_language",0,0,6.7,6.9,7.3,7,7.6,3,5,3,7.3,5.7,4,53.4,5,3,5,2,,4,4,5,5,3,3,5,5,5,5,1,1,1,1,3,1,2,3,3,,,,3,3,4,2,3,2,3,2,2,3,1,2,4,2,,1,4,1,1,,,3,3,5,3,5,2,2,3,2,2,1,1,1,1,0,1,1,1,1,0,,0,0.438,-2.349,36.5,60,1,1,1,0,0,"B"
415,"S06","C021","North","general",21,0.773,1.779,16.6,11,"girl",-0.279,4,3,"majority_language",0,0,6.7,7.5,6.6,6.4,8.5,1,0,2,5.7,3.9,3,54.8,4,5,4,,3,3,2,,3,5,4,5,5,4,3,1,2,3,2,2,1,2,3,3,3,2,1,1,1,3,1,3,1,5,,5,5,5,5,3,5,5,5,4,5,4,5,5,3,4,3,4,3,4,4,5,2,2,0,0,0,0,,0,0,0,0,1,0,0,0.525,-1.217,41.6,49.9,1,1,0,0,0,"A"
416,"S06","C021","North","general",21,0.773,1.779,16.3,11,"girl",1.377,5,5,"other_language",0,0,8.1,,,7.9,8.1,0,,,8.7,2.3,5,60.2,5,3,4,4,3,,,,,,,,,,,1,2,2,1,2,1,,,,,,,,,,,,,3,4,5,4,5,,,,,,,,,,,5,5,4,5,5,5,5,5,4,4,1,1,1,1,0,,1,0,1,1,1,0,0.872,2.114,54.4,68,1,1,1,1,1,"C"
417,"S06","C021","North","general",21,0.773,1.779,16.1,11,"girl",1.083,4,5,"other_language",0,0,7.4,6.9,6.9,7.5,7,1,3,0,3.8,3.8,1,51.3,3,4,2,3,3,5,3,5,4,3,5,5,5,4,4,3,2,3,3,2,3,4,1,1,,,,2,3,1,2,1,1,5,5,4,4,4,5,5,4,4,5,3,2,1,,,1,2,3,3,,4,3,5,,4,0,1,1,0,1,1,1,0,0,0,0,0,0.753,0.881,55.5,50.8,1,1,1,0,0,"B"
418,"S06","C021","North","general",21,0.773,1.779,16.6,11,"boy",0.978,5,4,"majority_language",0,0,7.7,7.6,7.7,7.2,7.9,0,0,0,9.8,1.7,5,59.5,5,5,5,5,5,5,4,5,,,5,5,5,5,4,1,1,1,1,1,,,1,1,1,1,1,1,1,1,,,,5,5,4,5,5,4,4,4,5,4,5,4,5,5,5,3,3,5,5,3,4,3,4,4,4,0,1,1,1,0,0,0,1,0,0,0,0,0.922,0.593,56.3,44.9,1,1,1,0,0,"C"
419,"S06","C021","North","general",21,0.773,1.779,16.3,11,"boy",3.166,5,5,"majority_language",0,0,8.4,9.1,7.9,8.3,8.7,2,6,4,10.8,1.1,5,64.4,4,5,5,5,5,5,5,4,,4,4,5,4,4,5,1,2,1,1,1,2,1,2,1,2,1,3,2,3,2,3,2,1,4,4,4,4,5,4,5,3,4,4,4,4,4,,4,5,5,5,5,5,5,4,4,5,5,1,1,1,1,1,1,1,1,0,0,1,0,0.833,1.966,71.2,71.8,0,1,1,0,0,"A"
420,"S06","C021","North","general",21,0.773,1.779,16.3,11,"girl",0.273,4,2,"majority_language",0,0,7.2,7.8,7.6,7.7,7.4,6,1,2,7.7,1.4,5,58.8,3,,4,3,4,4,5,5,4,4,5,3,4,3,5,1,1,2,2,2,1,3,2,2,,,,1,2,3,2,3,1,3,5,3,5,3,4,4,4,5,5,4,5,4,,,5,3,3,4,4,4,2,4,4,3,1,1,0,1,1,1,1,0,0,1,1,0,0.941,1.949,70.5,52.7,1,1,1,0,0,"B"
421,"S06","C021","North","general",21,0.773,1.779,16.4,11,"girl",0.271,5,4,"majority_language",0,0,7,6.7,7.7,7.5,6.2,2,1,0,2.5,1.9,1,49.3,1,4,3,3,3,3,4,3,2,2,,5,3,,3,3,2,2,2,4,2,4,3,3,2,4,3,4,3,3,1,3,2,4,3,3,3,4,5,4,4,4,3,4,4,5,3,4,3,3,4,4,2,4,4,4,5,4,1,1,0,0,,1,0,0,0,1,0,0,,,,,1,0,1,0,0,"A"
422,"S06","C021","North","general",21,0.773,1.779,16,11,"boy",1.749,5,4,"majority_language",0,0,7.5,7.8,7.6,7.9,8.8,3,1,0,7.8,1.2,3,54.4,,4,3,3,4,5,4,4,4,5,3,4,3,4,3,,2,1,2,1,3,1,2,2,,,,1,2,1,1,1,1,5,4,,3,2,4,3,5,4,5,5,5,3,,,5,5,5,4,5,4,4,3,3,4,1,1,1,1,0,1,0,0,1,1,1,1,0.917,0.38,65.2,45.5,1,1,1,0,0,"B"
423,"S06","C021","North","general",21,0.773,1.779,16.2,11,"boy",0.464,3,,"majority_language",0,0,7,7.2,7.6,7.2,6.4,3,1,1,2.7,1.6,2,49.6,4,4,4,4,3,5,4,5,4,4,5,5,5,5,5,1,2,2,2,3,2,1,2,1,3,1,2,1,1,1,3,1,1,4,5,5,4,3,5,5,5,5,4,4,5,3,5,4,2,3,3,4,3,4,5,4,4,4,1,0,1,1,0,0,0,0,0,0,0,0,0.821,-0.415,37.1,47.1,0,0,0,0,0,"A"
424,"S06","C021","North","general",21,0.773,1.779,16.1,11,"girl",0.019,4,3,"majority_language",0,0,7,8.2,8.3,7,6.8,2,2,1,8,1.4,5,48.8,4,5,4,5,5,3,3,4,2,3,3,3,2,5,4,1,1,1,1,2,1,2,1,2,,,,1,2,4,2,3,2,5,5,5,4,4,4,5,5,5,4,5,4,5,,,5,5,5,4,4,4,5,4,3,4,1,,1,1,1,1,0,0,1,1,1,1,0.611,-0.827,54,70.8,1,1,1,0,0,"B"
425,"S06","C021","North","general",21,0.773,1.779,16.7,11,"another_or_no_answer",2.721,5,5,"majority_language",0,0,9.3,8.5,8.5,8.1,7.2,0,0,4,12.6,1.1,5,59,5,5,5,5,4,5,4,5,5,5,4,4,5,5,5,1,1,1,1,1,2,1,1,1,1,2,,2,3,3,3,1,3,4,3,4,5,4,5,5,4,5,5,4,5,4,5,5,5,5,5,4,5,3,4,5,5,5,1,1,1,1,1,1,1,1,1,0,0,0,0.94,1.263,55.2,54.1,0,1,0,0,0,"A"
426,"S06","C021","North","general",21,0.773,1.779,15.7,11,"boy",0.972,4,5,"majority_language",0,0,7.6,7.4,7.3,8.6,7.7,7,5,1,4.3,2.1,4,53.6,3,2,2,2,3,2,4,3,,,,2,1,1,4,1,2,2,3,1,2,1,1,1,3,1,1,3,2,1,,,,3,4,4,4,4,4,3,3,4,3,3,5,5,,3,3,5,2,4,5,,4,4,4,5,1,1,,0,0,0,1,0,1,1,0,,0.876,-0.272,57.4,65,1,1,1,0,0,"C"
427,"S06","C021","North","general",21,0.773,1.779,16,11,"boy",0.342,2,4,"majority_language",0,0,7.3,8.4,7.8,6.7,7.6,0,0,1,6.1,0.9,3,51,5,4,4,4,3,3,3,3,,,5,4,4,5,4,1,3,2,1,2,2,4,2,2,2,2,1,1,,1,,,,4,4,3,5,4,4,5,4,5,5,4,4,4,5,4,2,4,4,2,5,3,5,5,4,5,1,1,1,1,0,1,0,0,0,1,0,0,0.833,-0.056,50.9,54.2,0,1,1,0,0,"C"
428,"S06","C021","North","general",21,0.773,1.779,15.8,11,"boy",1.537,5,4,"majority_language",0,0,8.2,8,8.8,8.7,6.8,0,5,3,12.7,1.6,5,64.1,5,5,5,5,5,5,5,5,4,4,2,2,4,3,3,1,1,1,1,,1,1,1,1,1,1,1,1,1,1,1,1,1,5,5,5,4,4,4,3,4,5,3,4,5,4,3,3,5,5,5,5,5,3,5,3,5,2,1,1,1,0,0,1,0,0,0,0,1,0,,,,,1,0,0,0,0,"A"
429,"S06","C021","North","general",21,0.773,1.779,16.5,11,"girl",1.635,5,5,"majority_language",0,0,9.6,8.9,7.7,7.7,9.5,0,0,2,8,0.7,5,65.5,4,5,4,5,5,5,4,3,,,4,5,3,5,4,1,1,1,1,1,1,1,1,1,1,1,1,3,3,2,,,,5,5,5,5,5,5,5,5,3,5,5,4,5,4,5,5,5,5,4,5,5,5,5,5,4,1,1,1,0,1,1,1,1,1,0,0,1,0.878,0.93,59.4,64.6,0,1,1,0,0,"C"
430,"S06","C021","North","general",21,0.773,1.779,17,11,"girl",1.011,4,4,"majority_language",0,0,7.6,8,8.2,8.4,7.2,1,2,2,9.3,1.3,4,57.5,5,4,5,4,4,5,5,5,5,,4,3,4,5,5,1,1,1,2,1,2,1,1,1,2,1,2,1,1,1,1,1,1,4,5,5,5,3,4,5,4,5,4,4,5,5,4,5,5,5,5,4,5,5,5,5,3,5,1,1,1,1,1,0,1,0,0,0,1,,0.623,0.623,65.9,58.2,1,1,0,0,0,"A"
431,"S06","C021","North","general",21,0.773,1.779,15.8,11,"girl",0.549,5,3,"majority_language",0,0,7.6,7.8,9.1,7.1,6.9,2,0,2,7.2,1.7,4,50.5,3,2,4,4,5,4,5,4,4,5,4,4,5,5,5,3,2,3,3,3,2,2,1,1,,,,1,,1,1,1,1,4,4,4,5,4,4,4,4,4,5,4,4,5,,,3,3,4,2,3,3,5,3,4,2,1,1,1,1,1,1,1,1,1,0,1,1,0.83,1.526,63.4,51.9,0,1,1,0,0,"B"
432,"S06","C021","North","general",21,0.773,1.779,16.6,11,"girl",0.993,5,4,"majority_language",0,0,6.1,6.5,6.7,7.1,6.4,9,2,6,10.9,3,3,55.3,5,4,4,5,4,4,4,4,4,4,4,4,3,4,4,5,2,3,2,2,2,3,4,3,2,3,1,2,2,3,2,2,3,5,3,4,4,4,4,3,4,3,4,5,3,2,3,4,5,4,5,5,4,3,5,4,,5,1,1,1,,1,1,1,1,1,1,0,1,0.899,-0.65,52,60.4,1,0,0,0,0,"A"
433,"S06","C021","North","general",21,0.773,1.779,16.4,11,"boy",1.798,5,5,"majority_language",0,0,8.1,8.1,8.3,8.1,7.3,0,0,4,11.6,1.2,5,66.6,4,3,4,5,5,4,4,4,3,5,5,5,3,5,5,1,1,1,1,1,3,1,1,1,,,,1,2,3,1,2,3,4,4,5,3,4,5,5,4,3,5,4,5,4,,,5,5,4,4,4,3,4,4,3,3,1,0,0,1,0,1,0,0,0,0,0,0,0.62,-0.121,45.8,61.3,0,1,1,0,0,"B"
434,"S06","C021","North","general",21,0.773,1.779,16.1,11,"boy",0.99,4,4,"majority_language",0,0,7.2,7.1,7.7,5.4,8.1,2,3,4,4.4,1.4,4,48.7,2,4,3,4,4,3,2,5,,,3,1,4,2,3,1,1,2,3,3,2,1,1,1,2,2,4,3,1,1,,,,4,3,3,3,2,3,4,2,1,3,5,5,,,5,5,4,3,4,5,4,3,2,5,4,0,1,1,1,0,0,0,1,0,0,0,0,0.569,-0.829,37.1,38.3,0,1,1,0,0,"C"
435,"S06","C022","North","general",21,0.773,0.258,15.3,10,"boy",1.742,4,4,"majority_language",0,0,8.9,7.9,8.1,8.4,7.3,1,2,5,4.9,1.8,5,60.3,4,4,4,3,2,4,,4,,,3,2,5,3,4,1,1,2,1,1,2,2,1,1,1,4,2,3,2,1,,,,4,3,4,4,2,4,4,5,3,3,3,3,5,2,2,5,5,4,4,5,2,2,2,5,2,1,1,1,1,0,1,1,1,1,1,0,1,0.909,0.901,57.1,58.2,0,1,1,0,0,"C"
436,"S06","C022","North","general",21,0.773,0.258,16.2,10,"girl",-0.56,1,3,"majority_language",0,0,6.6,7,6.4,7.2,7.1,11,1,5,4.2,6.9,3,48.9,5,5,5,5,5,4,5,4,,,5,3,,4,4,3,4,2,3,3,2,1,2,4,1,3,1,1,3,3,,,,2,2,2,2,3,2,3,3,2,1,4,4,3,4,4,2,5,4,,4,3,4,3,2,4,1,1,1,1,1,1,0,1,0,0,0,0,0.869,-0.334,57.5,57.2,1,1,1,0,0,"C"
437,"S06","C022","North","general",21,0.773,0.258,15.1,10,"boy",1.14,4,5,"other_language",0,0,7.9,8.6,8,8.4,7.1,2,5,0,8.7,1,5,50,4,4,4,4,5,5,5,5,5,5,5,5,5,5,3,2,1,1,2,3,1,1,1,1,,,,1,1,1,2,1,1,3,4,5,5,3,5,4,5,5,5,,5,4,,,4,5,5,5,5,4,5,3,1,3,1,0,1,1,0,1,1,1,0,0,1,0,0.806,0.631,50.8,56.3,0,1,1,0,0,"B"
438,"S06","C022","North","general",21,0.773,0.258,15.6,10,"boy",-1.065,2,1,"majority_language",0,0,8.1,7.1,,7.5,6.4,10,3,,5.8,2,2,55.5,4,3,2,2,3,5,2,3,,,,,,,,2,3,3,3,3,2,2,2,3,3,1,3,,,,,,,2,3,4,3,5,4,4,5,4,5,,,,,,,5,5,5,5,4,4,3,5,5,1,1,1,1,1,1,1,1,,0,1,0,0.829,1.579,61.5,54.2,1,1,1,0,1,"C"
439,"S06","C022","North","general",21,0.773,0.258,15,10,"boy",0.637,5,4,"other_language",1,0,7.4,7.4,7.6,8.9,6.3,2,1,2,8.3,2.7,5,54.1,5,4,,4,,4,3,4,3,4,5,5,5,5,3,1,1,2,1,1,3,,1,2,1,1,1,1,1,1,1,1,1,5,3,4,3,1,5,2,3,3,2,3,3,5,3,1,4,4,4,2,5,5,4,4,3,4,1,1,1,1,1,1,1,0,1,0,1,1,0.904,0.901,56.8,53,1,1,0,0,0,"A"
440,"S06","C022","North","general",21,0.773,0.258,15.5,10,"girl",1.115,4,5,"majority_language",0,0,6.7,6.4,6.6,6.5,6.9,5,3,2,6.5,8.1,2,53,3,4,2,2,2,5,,4,,,5,3,4,5,4,4,4,2,3,4,4,2,2,1,,3,1,4,3,2,,,,5,4,3,4,5,,5,3,5,3,3,2,5,3,4,,4,5,4,,3,3,4,2,2,1,1,1,1,1,1,1,1,1,1,1,1,0.779,0.309,57.9,42.5,1,1,1,0,0,"C"
441,"S06","C022","North","general",21,0.773,0.258,15.1,10,"boy",1.169,4,5,"majority_language",0,0,7.7,7.6,8.4,7.1,7.5,8,4,6,4,3.4,5,61.1,4,5,5,3,,5,5,4,,,4,5,,3,4,2,1,1,1,2,1,2,,1,3,3,2,1,1,2,,,,3,3,2,4,3,5,2,2,2,1,3,4,4,4,4,5,5,5,5,4,,4,3,3,3,1,1,1,1,0,1,0,,1,0,0,0,0.792,0.112,33.1,44.1,1,1,1,0,0,"C"
442,"S06","C022","North","general",21,0.773,0.258,15.2,10,"boy",-0.644,2,2,"majority_language",0,0,7.5,7.2,8,7.3,8,0,3,4,9.1,3.9,5,60.5,5,4,4,5,3,4,2,3,3,4,4,4,5,5,5,3,3,1,3,2,2,2,2,3,,,,3,3,3,3,1,2,4,,4,5,5,3,4,5,4,5,4,5,5,,,4,4,5,4,4,5,3,,5,4,1,1,1,1,1,1,1,0,1,1,0,0,,,,,1,1,1,0,0,"B"
443,"S06","C022","North","general",21,0.773,0.258,15.4,10,"girl",1.339,5,4,"majority_language",0,0,7.3,6.9,6.9,8,7.3,0,1,7,2.9,2.3,3,55.9,4,4,4,2,1,3,3,3,3,5,3,4,2,3,4,1,2,1,2,2,1,1,2,1,2,1,2,1,1,2,2,2,1,3,2,,3,4,3,3,2,4,,3,4,4,2,3,5,4,5,4,5,2,1,4,3,4,1,0,1,1,1,1,1,1,1,0,0,0,0.914,0.673,49.5,51.5,1,1,0,0,0,"A"
444,"S06","C022","North","general",21,0.773,0.258,15,10,"girl",0.188,3,3,"majority_language",0,0,6.7,7,6.6,7.8,6.7,5,1,15,2.1,4.4,2,42.5,4,3,,,2,1,2,2,3,4,3,4,3,3,4,3,2,2,3,3,4,1,3,3,3,3,,2,4,2,2,3,4,3,3,2,3,3,3,5,4,5,2,2,2,2,1,2,2,3,3,3,3,2,3,2,2,3,1,1,1,0,0,0,1,1,1,0,1,1,,,,,1,1,0,0,0,"A"
445,"S06","C022","North","general",21,0.773,0.258,15.7,10,"boy",0.668,4,1,"majority_language",0,0,6.4,6.5,7.3,7.3,6.9,13,2,1,9.1,6.1,2,56.7,5,5,5,5,5,5,4,5,3,5,4,5,5,5,5,2,1,2,2,1,2,1,4,3,,,,2,1,2,,1,3,4,5,5,4,3,1,2,4,2,1,3,5,3,,,5,4,4,4,,5,5,4,4,2,0,1,1,0,1,0,0,1,1,1,0,0,0.635,-1.134,50.3,52.7,1,1,1,0,0,"B"
446,"S06","C022","North","general",21,0.773,0.258,15.3,10,"boy",-0.451,2,1,"majority_language",1,0,6.6,6.7,,6.8,6.9,1,7,,8.7,2.4,4,48.3,3,4,4,3,4,3,5,4,,,,,,,,1,1,1,2,1,1,1,2,1,1,2,1,,,,,,,4,4,3,4,4,5,5,4,4,5,,,,,,3,3,2,4,3,2,5,,4,,0,1,0,0,0,0,1,1,0,0,1,0,0.884,-0.194,47.5,42.5,1,1,1,0,1,"C"
447,"S06","C022","North","general",21,0.773,0.258,15.5,10,"girl",1.616,5,5,"majority_language",0,0,9.6,9.4,8.4,7.7,7.3,2,1,0,8.4,1.3,2,60.5,5,4,4,5,4,3,5,3,,,3,5,4,5,5,1,1,2,1,2,1,1,1,1,2,1,1,,1,2,,,,5,,5,4,2,2,,4,3,4,2,4,3,3,3,3,4,4,1,3,3,4,2,3,1,1,1,1,1,0,1,1,1,0,1,0,,,,,,1,1,1,0,0,"C"
448,"S06","C022","North","general",21,0.773,0.258,14.9,10,"boy",0.796,3,4,"other_language",1,0,8.2,8.4,8.7,8.1,7.7,4,7,4,8.5,1.4,5,52.8,4,5,5,5,3,4,2,5,,,,4,5,4,5,1,1,1,1,1,1,3,1,2,1,2,1,1,1,3,,,,4,2,2,3,4,4,3,3,3,4,5,3,2,2,3,5,4,3,3,3,4,2,5,3,3,1,1,1,1,1,0,0,,1,1,1,0,0.918,1.574,57.1,70.3,1,1,1,0,0,"C"
449,"S06","C022","North","general",21,0.773,0.258,15.5,10,"girl",-1.213,4,3,"majority_language",0,0,6.8,6.8,6.9,6.2,7,1,1,4,9.3,2.8,2,46.5,4,2,2,4,,,2,2,2,3,2,3,2,3,3,2,1,2,1,3,2,1,2,2,2,3,3,1,2,1,3,2,2,5,5,5,3,,4,4,5,4,3,5,5,5,4,,4,4,3,3,3,5,4,4,3,4,0,1,1,1,0,0,1,1,0,0,1,0,0.63,1.101,61.9,51.6,1,1,1,0,0,"A"
450,"S06","C022","North","general",21,0.773,0.258,15.5,10,"girl",0.61,3,2,"majority_language",0,0,6.8,,,7.3,6.1,0,,,9.1,2,2,50.5,5,,5,4,5,,,,,,,,,,,1,3,1,3,4,3,,,,,,,,,,,,,3,2,2,4,2,,,,,,,,,,,3,5,2,3,4,4,2,5,3,2,1,1,1,1,1,1,0,1,1,0,0,0,0.937,-0.395,67.5,47.9,1,1,1,1,1,"A"
451,"S06","C022","North","general",21,0.773,0.258,15.4,10,"boy",1.227,5,3,"majority_language",0,0,6.4,6.9,6.3,7.8,7,11,7,5,6.4,5.5,2,45.2,5,3,3,4,4,4,4,3,5,5,5,2,4,4,4,3,4,4,2,4,4,3,3,3,,,,5,4,4,5,1,3,3,4,,5,4,2,2,,4,3,4,3,,,,4,5,3,5,3,,2,5,4,4,1,0,1,1,1,1,0,0,0,0,0,0,0.763,0.908,57.8,56.7,1,1,1,0,0,"B"
452,"S06","C022","North","general",21,0.773,0.258,15.7,10,"girl",1.769,4,5,"majority_language",0,0,9.7,8.8,7.8,8,7.7,2,2,2,10,2.7,4,62.2,5,5,3,5,,5,4,4,5,5,5,3,4,5,4,1,4,1,1,1,1,2,2,1,,,,1,1,1,2,1,1,5,5,5,5,5,4,5,5,5,4,5,5,5,,,5,5,5,5,5,5,5,5,5,5,1,1,1,1,1,1,1,1,1,0,1,1,0.934,2.394,63.9,51.1,1,1,1,0,0,"B"
453,"S06","C022","North","general",21,0.773,0.258,16.1,10,"girl",0.865,,3,"majority_language",0,0,8.4,8.7,8.1,7.8,7.6,2,8,0,6.1,1.9,5,43.9,5,5,5,5,5,5,4,5,5,3,5,5,4,4,5,1,2,3,3,2,2,1,2,2,,,,1,2,1,2,1,1,4,4,5,4,4,4,5,5,4,4,5,4,5,,,5,4,4,3,5,5,5,5,5,5,1,1,1,1,1,1,1,1,0,0,1,1,0.779,-0.631,41.7,52,0,1,1,0,0,"B"
454,"S06","C022","North","general",21,0.773,0.258,15.3,10,"another_or_no_answer",0.913,3,2,"majority_language",0,1,8,7.6,7.2,8.7,8.3,1,2,2,8.7,2.9,3,44.3,5,4,5,4,4,4,5,3,5,3,2,2,3,3,3,3,2,3,2,1,2,3,1,2,,,,1,1,1,3,1,3,4,3,2,2,3,3,,4,3,5,4,5,4,,,4,3,5,4,4,4,2,2,4,2,1,1,1,1,,1,1,0,1,1,0,0,0.892,2.185,43.8,57.1,1,1,1,0,0,"B"
455,"S06","C022","North","general",21,0.773,0.258,15.4,10,"boy",1.095,2,3,"majority_language",0,0,8.7,7.2,8,7.1,8.9,2,3,2,7.6,1.2,5,70.2,2,4,2,5,2,3,5,4,,,4,4,3,3,4,1,,1,1,1,1,1,1,1,2,1,1,1,1,1,,,,4,5,5,4,5,4,4,4,2,4,5,3,5,4,5,4,4,5,4,5,5,5,5,5,5,1,1,1,1,1,1,1,0,0,1,0,0,0.823,1.273,66.9,48.7,1,1,1,0,0,"C"
456,"S06","C023","North","general",18,0.773,1.826,16.4,11,"boy",0.376,2,3,"majority_language",0,1,7.2,8.1,7.7,5.6,7.4,6,0,4,5.9,2.9,4,52.5,5,5,5,4,5,5,4,4,3,4,4,5,4,4,4,3,3,2,1,2,1,3,2,2,,,,1,,3,1,1,2,5,4,2,3,2,3,5,2,2,5,2,4,3,,,5,4,5,5,5,4,4,4,4,3,1,0,1,1,0,1,0,1,0,0,0,,0.462,-0.071,42.3,44.9,1,1,1,0,0,"B"
457,"S06","C023","North","general",18,0.773,1.826,16.4,11,"boy",1.039,4,1,"majority_language",0,0,7.1,7.6,7,7.3,7.8,3,1,1,5.1,2.9,5,48,4,5,5,5,5,5,5,5,5,4,3,5,4,5,5,2,2,2,2,2,4,1,1,1,,,,1,1,1,1,1,1,5,4,5,5,5,5,5,4,5,5,5,5,5,,,3,2,4,2,4,5,5,5,5,5,1,0,1,0,0,1,1,0,0,0,0,0,0.739,0.105,48.2,53.7,0,1,1,0,0,"B"
458,"S06","C023","North","general",18,0.773,1.826,16.2,11,"boy",0.511,5,3,"majority_language",0,0,7.6,8.2,7.3,7.7,6.8,0,3,0,9.2,2.6,5,51.3,4,2,5,3,5,4,4,5,3,4,5,4,4,3,2,1,2,2,1,4,2,1,1,1,,,,2,1,1,1,1,1,5,5,5,5,5,5,5,4,5,5,4,5,4,,,5,5,5,5,5,5,5,4,4,5,1,1,1,1,1,0,1,1,0,1,1,0,0.85,-0.556,52.9,62.4,0,1,1,0,0,"B"
459,"S06","C023","North","general",18,0.773,1.826,15.7,11,"girl",1.769,5,5,"majority_language",0,0,8.8,9.5,8.6,7.7,6.5,2,1,0,8.4,0.8,3,53.8,5,5,3,5,5,,4,5,5,5,4,5,5,5,5,1,1,1,2,3,3,2,2,1,1,1,2,1,1,1,1,1,2,4,3,3,2,4,3,4,5,3,2,3,3,4,4,3,4,3,2,4,4,4,4,5,3,5,1,1,1,1,1,1,1,0,1,0,1,0,,,,,1,1,0,0,0,"A"
460,"S06","C023","North","general",18,0.773,1.826,16.3,11,"boy",0.661,2,4,"majority_language",0,0,8.9,7.3,8.1,8,6.9,4,0,1,4.8,1,4,65.1,4,4,5,3,3,4,4,5,5,3,5,,,5,4,3,2,1,,2,1,2,1,2,1,1,1,2,1,2,1,3,1,5,,4,5,4,5,4,4,,5,4,5,5,4,5,4,4,4,,5,5,4,5,4,3,1,1,1,1,0,0,1,0,0,0,0,0,0.83,0.965,48.4,46.3,1,1,1,0,0,"A"
461,"S06","C023","North","general",18,0.773,1.826,16.7,11,"boy",-0.329,4,2,"majority_language",0,0,6.3,6.3,6.7,6.7,5.9,1,3,2,7,1.4,3,47.4,5,2,4,5,3,4,2,4,4,4,3,3,3,3,2,2,1,3,1,2,2,2,3,1,2,2,,1,1,2,1,4,1,2,5,5,3,5,3,5,4,,4,4,4,5,4,,5,4,3,4,3,5,4,5,5,3,0,0,,1,0,1,0,0,0,0,0,0,0.48,-1.577,31.2,31.2,1,1,1,0,0,"A"
462,"S06","C023","North","general",18,0.773,1.826,16.2,11,"girl",0.509,5,3,"majority_language",0,0,6.5,7.1,7.5,6.7,7.7,7,2,1,3.7,1.6,1,57.5,4,3,4,2,4,5,3,5,4,4,5,5,5,5,5,3,3,4,1,3,2,1,2,4,3,3,3,1,2,5,3,2,4,4,3,3,3,4,5,4,3,4,4,4,4,4,4,4,5,4,4,2,,3,3,4,2,3,1,1,1,0,1,1,0,0,1,1,0,0,0.929,0.713,63.2,53.3,1,0,0,0,0,"A"
463,"S06","C023","North","general",18,0.773,1.826,16.4,11,"boy",-0.415,4,3,"other_language",1,0,6.8,8,7.8,6.6,5.9,2,2,2,5.5,1.8,2,57.7,5,4,3,3,,2,4,3,,,3,4,3,5,2,1,1,1,2,,1,2,1,1,1,3,2,3,3,3,,,,,5,4,5,4,4,4,5,5,5,3,5,5,3,5,2,4,2,3,4,5,4,5,5,5,1,1,0,0,1,1,0,0,0,0,0,,0.446,0.364,26.9,45.8,1,1,1,0,0,"C"
464,"S06","C023","North","general",18,0.773,1.826,16.4,11,"girl",0.843,3,3,"majority_language",0,0,7.9,7.5,7.3,6.4,7.3,0,1,1,11,3,4,49.1,5,5,4,4,3,4,4,3,,,2,3,2,,3,1,2,3,2,2,2,3,2,2,2,2,4,4,2,3,,,,5,5,5,3,5,4,5,5,4,4,4,4,5,4,5,5,5,4,4,3,4,5,5,3,4,1,,1,1,1,0,1,1,0,0,1,0,0.8,1.666,69.1,62.9,1,1,1,0,0,"C"
465,"S06","C023","North","general",18,0.773,1.826,16.4,11,"boy",0.914,5,3,"majority_language",0,0,8,8.3,7.7,6.9,7.3,0,6,1,10.4,1.6,5,56.6,4,5,5,5,4,5,5,5,5,5,5,5,5,5,5,1,1,1,1,1,1,2,2,2,3,2,3,1,3,1,2,1,2,5,5,5,,4,4,3,5,3,4,4,5,5,5,5,4,4,5,4,5,5,5,4,5,5,1,1,1,1,1,1,0,1,1,1,1,0,0.917,0.789,62.6,54.5,1,0,0,0,0,"A"
466,"S06","C023","North","general",18,0.773,1.826,16.4,11,"boy",2.471,5,5,"majority_language",0,0,7.5,7,7.9,6.5,6.2,2,4,3,4.5,1.9,3,48.5,5,3,5,5,5,4,5,4,4,4,4,3,5,4,2,3,2,1,1,2,2,1,1,1,,,,3,1,2,1,2,1,4,4,3,4,5,4,5,4,5,4,5,4,3,,,3,3,4,3,3,3,5,4,5,2,1,1,0,0,0,0,0,0,0,0,0,0,0.873,0.727,38.1,39.2,0,1,1,0,0,"B"
467,"S06","C023","North","general",18,0.773,1.826,16.9,11,"boy",-0.813,1,2,"majority_language",0,0,7.3,7.2,7.8,7.4,7.3,6,4,6,7.7,2.3,3,45.8,4,3,4,3,5,4,4,3,3,4,5,4,4,2,4,3,4,2,5,2,2,,2,2,2,3,3,2,2,3,2,3,2,5,,3,2,2,4,4,5,4,4,3,2,4,5,2,5,4,4,3,4,3,3,5,4,2,1,1,1,1,1,1,1,0,0,0,0,1,0.874,0.003,70,61.6,1,1,0,0,0,"A"
468,"S06","C023","North","general",18,0.773,1.826,15.7,11,"boy",0.723,3,5,"majority_language",0,0,7.8,8.4,7.7,7.8,7.6,2,1,4,5.5,2.5,5,49.1,5,5,4,5,5,3,4,5,5,4,4,5,4,4,4,2,2,1,2,1,2,2,2,1,,,,1,3,1,2,2,2,5,5,5,4,5,4,5,5,5,4,3,4,3,,,5,5,4,5,5,5,4,5,4,5,1,1,1,1,1,0,1,,1,,1,1,0.707,1.225,47.4,49.2,1,1,1,0,0,"B"
469,"S06","C023","North","general",18,0.773,1.826,16.3,11,"boy",-0.114,3,4,"majority_language",0,0,7.9,7.8,6.9,7.4,7.2,0,1,1,5.9,1.7,5,60.2,5,5,5,5,4,5,4,5,5,3,3,3,5,5,5,2,,1,1,1,1,1,1,1,,,,1,1,1,1,1,2,5,5,5,4,5,5,5,,5,5,5,5,5,,,5,5,5,5,,5,5,5,5,3,1,1,1,1,0,0,0,0,1,0,0,1,0.606,-0.395,57.8,54.6,1,1,1,0,0,"B"
470,"S06","C023","North","general",18,0.773,1.826,16.3,11,"boy",-0.161,3,2,"majority_language",1,0,7.7,7.5,7.2,7.5,6.3,3,7,2,1.7,2.2,3,53.3,4,2,2,4,2,5,4,4,5,,5,4,5,4,4,4,3,4,1,4,2,2,4,2,,,,2,4,3,1,2,3,2,4,5,5,5,4,5,5,5,5,3,4,3,,,4,3,2,4,3,3,5,5,5,5,1,1,0,1,1,0,1,0,1,0,0,0,0.837,-1.206,42.2,39.2,0,1,1,0,0,"B"
471,"S06","C023","North","general",18,0.773,1.826,15.5,11,"girl",0.524,4,3,"majority_language",0,0,7.4,7.5,7.8,7.8,8.4,0,0,2,4.3,2.2,4,51.1,4,5,5,4,5,5,5,5,5,4,4,5,5,4,5,1,1,1,1,,1,1,1,1,1,1,1,1,1,1,1,2,2,2,5,5,4,5,5,5,,5,5,4,4,4,4,4,4,3,2,3,2,3,4,5,4,4,1,1,0,1,0,0,1,0,0,1,0,0,0.444,-1.315,37.2,46.9,1,1,0,0,0,"A"
472,"S06","C023","North","general",18,0.773,1.826,16.6,11,"boy",0.994,3,5,"majority_language",0,0,8.3,7.2,6.9,6.1,7.8,4,1,4,8.4,2.8,3,46.3,3,4,4,4,5,5,5,5,,,4,5,4,5,3,,2,1,1,1,4,1,1,1,1,1,,2,1,1,,,,5,5,5,3,4,4,4,5,5,3,5,4,4,,4,4,3,4,3,2,4,5,4,4,4,1,1,1,1,1,1,1,1,1,1,0,1,0.801,0.446,60.9,66.1,1,1,1,0,0,"C"
473,"S06","C023","North","general",18,0.773,1.826,16.1,11,"girl",0.185,5,2,"majority_language",0,0,8.1,7.4,7.6,7.9,6.1,0,1,3,8.6,4,4,55.4,2,3,4,4,4,2,3,4,,,4,2,2,4,3,1,1,1,1,1,1,1,1,1,2,1,2,2,1,2,,,,5,4,5,5,5,5,,5,4,5,4,5,5,5,4,4,5,4,3,4,,5,5,4,3,0,1,1,0,1,0,0,0,0,0,0,0,0.912,1.519,68.6,55.1,1,1,1,0,0,"C"
474,"S06","C024","North","general",23,0.773,-0.115,13.8,9,"girl",0.154,3,4,"majority_language",0,1,8.8,,,7.9,9.3,6,,,6.6,3.7,5,59.8,5,5,4,5,5,,,,,,,,,,,1,1,2,4,2,2,,,,,,,,,,,,,5,5,3,5,3,,,,,,,,,,,4,4,5,5,5,2,3,3,3,4,1,1,1,1,1,1,1,1,0,1,1,0,0.895,-0.042,61.5,56.7,0,1,1,1,1,"C"
475,"S06","C024","North","general",23,0.773,-0.115,14.3,9,"girl",0.149,3,2,"majority_language",0,0,8.1,8.2,,7.3,8.1,2,1,,2.9,2.3,5,61,3,5,4,3,5,5,5,5,4,5,,,,,,1,2,2,2,2,2,2,1,1,,,2,,,,,,,3,4,3,3,4,4,5,5,4,3,,,,,,4,5,4,4,4,2,4,2,2,3,1,1,1,0,1,1,1,0,0,1,1,1,0.678,0.406,51.2,58.6,0,1,1,0,1,"A"
476,"S06","C024","North","general",23,0.773,-0.115,14.5,9,"boy",0.135,5,3,"other_language",0,0,7.1,7.9,7.3,7.8,7.4,1,15,0,2.4,6.8,2,46,4,4,,2,5,4,5,5,,,4,5,4,4,5,1,2,3,4,4,,3,2,1,3,4,4,3,3,3,,,,4,2,4,3,3,3,3,,4,3,4,3,2,5,5,2,4,4,3,4,4,2,5,4,3,0,1,1,0,0,0,0,0,0,0,1,0,0.525,-1.048,45.4,28.7,1,1,1,0,0,"C"
477,"S06","C024","North","general",23,0.773,-0.115,15.7,9,"girl",-0.039,5,3,"majority_language",0,0,7,7.4,7.9,7.8,7.2,1,6,6,2.3,1.4,5,47.7,3,5,3,3,5,3,3,5,2,4,3,5,3,4,2,1,2,1,3,1,1,3,2,2,3,1,3,3,2,4,2,2,3,3,3,5,3,4,2,2,4,4,3,4,4,3,4,4,4,4,,5,,4,4,4,5,3,1,0,1,1,1,1,1,1,0,0,1,1,0.905,-0.406,63.8,57.3,1,0,0,0,0,"A"
478,"S06","C024","North","general",23,0.773,-0.115,15.2,9,"boy",2.601,5,5,"majority_language",0,0,8.1,8.8,8.9,7.5,7.7,4,2,5,7.9,1.5,5,64,2,4,5,4,5,4,4,2,,,4,4,2,5,5,3,3,3,1,1,2,1,2,2,1,3,3,2,4,1,,,,1,1,2,3,2,1,3,2,4,2,3,4,2,2,1,4,4,5,5,5,3,1,3,4,3,1,1,1,1,0,1,1,1,1,1,1,1,,,,,1,1,1,0,0,"C"
479,"S06","C024","North","general",23,0.773,-0.115,14.7,9,"girl",1.243,2,5,"majority_language",1,0,8.1,9.3,8.2,6.9,8.2,1,3,1,10.3,1.5,4,47.3,5,4,3,5,5,5,5,5,,3,5,5,5,5,5,2,1,2,1,2,1,2,,3,,,,3,2,3,,1,2,4,3,3,3,3,3,3,2,3,,,4,4,,,3,4,2,4,3,3,3,3,4,5,1,1,1,1,1,1,1,1,1,1,1,0,0.895,1.837,56.8,54.7,0,1,1,0,0,"B"
480,"S06","C024","North","general",23,0.773,-0.115,14.5,9,"girl",0.386,2,3,"majority_language",1,0,7.7,7.6,6.9,6.5,6.2,1,2,0,8.3,2.3,3,55.9,5,3,4,3,5,4,3,3,4,3,5,5,5,5,5,1,1,2,2,1,1,1,1,2,,,,1,3,2,2,3,3,3,5,5,5,3,4,4,2,2,3,4,4,4,,,4,4,5,4,,5,4,,4,4,1,1,1,1,0,1,0,0,1,0,0,0,0.505,-1.742,45.2,43.8,1,1,1,0,0,"B"
481,"S06","C024","North","general",23,0.773,-0.115,14.5,9,"girl",0.416,3,3,"majority_language",0,0,8.1,8.2,7.3,7.5,8.1,1,4,3,6.5,1.8,3,56.5,4,4,4,4,,4,,5,5,4,5,5,4,5,4,2,2,2,2,4,3,2,2,1,3,2,3,2,3,2,1,3,1,3,4,2,1,4,3,3,2,4,4,4,3,3,4,3,5,2,4,,4,2,2,4,3,2,1,1,1,1,1,1,0,1,1,1,0,0,0.884,1.708,54,57.4,1,1,0,0,0,"A"
482,"S06","C024","North","general",23,0.773,-0.115,13.8,9,"girl",-0.124,2,3,"majority_language",0,0,8.3,7,8,7.6,8,0,5,9,2.6,2.5,2,41.7,5,5,4,2,3,3,5,5,3,4,5,5,4,5,5,2,2,2,2,1,2,1,3,2,,,,1,3,3,1,1,1,,4,4,3,3,3,2,2,3,2,4,3,4,,,4,3,3,3,4,4,4,3,3,5,1,,0,0,1,0,1,1,0,0,0,,0.942,1.218,53.7,47.8,1,1,1,0,0,"B"
483,"S06","C024","North","general",23,0.773,-0.115,14.2,9,"girl",-0.013,2,3,"majority_language",0,0,7.9,8.1,7.4,7.5,8.3,17,0,1,7.9,3.1,3,51.8,4,3,5,4,4,5,5,5,4,5,5,5,5,5,5,1,2,1,,2,3,2,1,3,1,3,2,1,1,1,2,1,2,3,2,5,4,4,3,3,4,4,4,4,2,5,2,,5,5,,5,4,2,,3,3,4,1,1,1,1,1,1,1,1,1,0,1,1,0.879,0.221,66.2,67.7,1,0,1,0,0,"A"
484,"S06","C024","North","general",23,0.773,-0.115,14.2,9,"girl",0.293,4,2,"other_language",0,0,8.5,7.8,8.1,7.8,6.8,0,1,2,7.8,5.2,4,58,5,5,5,5,3,5,5,5,,,5,5,5,5,5,2,1,1,1,2,1,2,3,1,3,1,1,1,1,1,,,,5,3,2,4,5,4,5,4,4,5,4,5,5,4,4,4,3,5,3,3,,5,3,3,4,1,1,1,1,1,1,1,1,1,0,0,0,0.912,-0.34,61.2,75.9,1,1,1,0,0,"C"
485,"S06","C024","North","general",23,0.773,-0.115,14.5,9,"boy",0.501,2,4,"majority_language",0,0,8,7.9,7.2,7.5,8,4,3,2,6.8,2.7,2,58.5,5,5,4,5,3,4,5,4,5,4,2,4,4,5,4,2,3,,2,1,4,2,3,1,,,,3,3,3,3,1,2,3,4,3,5,3,3,3,5,3,3,3,5,5,,,4,5,5,5,5,3,3,3,2,2,1,1,1,0,1,1,1,1,1,0,0,1,0.655,0.788,65.9,59.1,1,1,1,0,0,"B"
486,"S06","C024","North","general",23,0.773,-0.115,14.9,9,"girl",0.662,4,5,"other_language",0,0,7.4,7.3,,8,7.3,6,3,,4.6,2.7,3,51.1,2,5,4,5,3,,,5,,3,,,,,,2,1,3,1,2,3,3,2,,3,3,5,,,,,,,1,2,3,2,2,3,4,4,,5,,,,,,4,4,5,5,3,3,2,,3,4,1,1,1,1,1,1,1,1,1,0,0,0,0.819,1.31,48.8,52.3,1,1,1,0,1,"A"
487,"S06","C024","North","general",23,0.773,-0.115,14.8,9,"girl",-0.469,3,3,"majority_language",0,0,8.6,8.6,8.4,7,6.7,1,1,0,9.9,1.9,5,74.9,4,5,5,3,5,3,3,2,,,5,5,5,4,5,1,1,1,1,1,,1,1,1,1,1,1,1,2,1,,,,4,5,3,3,4,,5,3,4,5,4,4,5,4,5,5,,4,5,4,,3,1,4,3,0,1,1,0,0,0,1,0,1,0,1,0,0.881,0.468,62,68.9,1,1,1,0,0,"C"
488,"S06","C024","North","general",23,0.773,-0.115,14.5,9,"boy",0.401,5,4,"majority_language",0,0,8,7.7,7.9,7.8,8.9,2,1,3,9.2,1.2,4,62.8,4,5,,5,4,3,3,5,,,3,4,5,4,4,1,2,1,,2,2,2,2,1,1,1,3,3,2,1,,,,3,5,5,5,3,3,3,2,3,3,3,3,5,3,3,3,5,5,5,5,,4,5,3,5,1,1,1,1,1,1,1,1,1,1,0,0,0.931,1.222,56.5,50.5,1,1,1,0,0,"C"
489,"S06","C024","North","general",23,0.773,-0.115,14.5,9,"boy",0.469,4,4,"other_language",0,0,7.9,7.7,7.8,8.3,7.6,1,3,0,9.1,2.7,4,62.1,4,4,5,4,4,5,4,4,4,4,5,4,3,4,4,2,2,1,3,1,1,1,1,2,,,,1,1,1,2,1,1,4,3,5,5,5,5,5,2,3,4,4,5,3,,,5,5,4,5,5,,4,4,1,4,0,1,1,1,1,1,1,1,1,0,1,1,0.821,-0.087,57.6,42.5,1,1,1,0,0,"B"
490,"S06","C024","North","general",23,0.773,-0.115,14,9,"girl",-1.694,1,3,"other_language",1,0,5.3,,,6.1,5.4,3,,,1.6,2.5,2,39.1,3,3,2,2,4,,,,,,,,,,,3,,2,3,2,2,,,,,,,,,,,,,4,4,,2,4,,,,,,,,,,,,,4,4,5,2,3,2,2,1,1,0,0,0,0,0,0,0,0,0,0,0,0.523,-1.559,20,36.7,1,1,1,1,1,"C"
491,"S06","C024","North","general",23,0.773,-0.115,14.8,9,"boy",1.328,5,4,"majority_language",0,0,7.5,7.5,7.6,8.1,8.1,1,1,5,8.5,2.4,5,52.8,3,4,5,4,5,4,4,4,3,5,3,4,3,4,5,2,3,1,1,1,4,1,2,1,,3,1,2,3,1,2,2,2,5,5,5,5,4,4,4,4,3,5,4,5,5,5,4,4,4,3,3,3,4,3,3,4,3,1,1,1,1,1,1,1,1,1,1,0,1,0.968,1.031,58.4,73.2,0,1,0,0,0,"A"
492,"S06","C024","North","general",23,0.773,-0.115,14.4,9,"girl",0.571,4,3,"majority_language",0,0,8.3,8.1,7.4,6.9,7.2,0,0,3,7.2,1.9,2,56.2,3,4,1,3,4,5,5,3,,,5,3,5,5,4,2,2,1,3,4,3,1,1,1,1,2,2,1,2,1,,,,2,2,2,1,2,4,4,5,4,3,3,4,5,3,3,3,2,3,2,2,4,4,5,4,3,1,0,1,0,0,0,0,1,0,0,0,0,0.934,1.908,73.8,61,0,1,1,0,0,"C"
493,"S06","C024","North","general",23,0.773,-0.115,14.3,9,"girl",0.516,4,2,"majority_language",0,0,8.1,8.5,,8.3,7.6,1,2,,7.9,2.4,4,55.8,5,4,5,4,5,5,3,5,5,4,,,,,,2,2,3,2,2,2,1,1,1,1,2,3,,,,,,,5,4,4,5,2,4,5,5,4,4,,,,,,5,5,5,3,4,4,5,3,1,4,1,1,1,1,1,1,1,,0,1,1,0,0.535,-1.443,45.8,24.3,1,0,1,0,1,"A"
494,"S06","C024","North","general",23,0.773,-0.115,14.2,9,"girl",-1.247,1,1,"majority_language",0,0,7.1,7.2,,7.2,7.6,3,2,,4.8,3.5,2,45.3,3,3,3,4,3,5,3,5,5,5,,,,,,5,2,3,3,2,,3,1,1,,,,,,,,,,4,,3,3,4,4,3,,4,4,,,,,,4,5,3,3,3,5,5,5,2,,1,1,1,0,0,1,0,0,0,0,0,0,0.668,-0.132,43.5,51.8,1,1,1,0,1,"B"
495,"S06","C024","North","general",23,0.773,-0.115,14.1,9,"boy",-0.523,2,1,"other_language",1,0,6.3,5.5,,6.9,6.7,2,2,,5.7,3.1,2,54.8,4,2,2,2,3,3,3,4,2,4,,,,,,3,4,3,3,3,2,4,4,1,,,,,,,,,,5,4,2,3,4,4,5,4,4,5,,,,,,3,4,3,4,3,2,2,3,3,3,1,0,,1,1,,1,1,1,0,0,0,0.861,-0.448,41.2,47.5,1,1,1,0,1,"B"
496,"S06","C024","North","general",23,0.773,-0.115,14.4,9,"boy",-0.127,2,5,"majority_language",0,0,8.1,7.9,6.7,7.5,8.1,1,1,16,5.4,4.4,3,55.8,5,5,4,5,5,3,5,4,4,2,5,5,,5,5,3,1,3,3,2,3,3,2,1,,,,2,3,2,4,3,2,2,3,5,4,3,1,5,4,2,3,3,5,4,,,4,3,5,,5,4,5,2,1,3,1,1,1,1,,1,1,0,1,1,0,0,0.846,-0.963,37.9,44.7,1,1,1,0,0,"B"
497,"S07","C025","North","general",26,1.808,1.154,15.3,10,"girl",1.136,5,5,"majority_language",0,0,8,7.5,6.5,6,7.5,2,1,2,7.8,1.6,3,57.8,5,3,4,5,5,5,5,5,5,5,4,5,5,,5,4,2,3,4,1,3,2,2,2,,,,1,1,2,3,4,3,2,4,3,5,3,4,2,4,5,2,4,3,3,,,3,5,4,5,3,,4,5,4,3,1,1,1,1,0,1,1,0,1,0,0,1,0.546,-1.069,50.9,63.2,1,1,1,0,0,"B"
498,"S07","C025","North","general",26,1.808,1.154,15,10,"girl",0.263,3,5,"majority_language",0,0,7.5,7.3,7.7,7.8,7.2,4,1,1,6.7,2,5,47,,4,5,3,4,4,5,3,,,4,4,5,5,5,2,1,,2,4,1,2,2,2,,3,2,2,2,3,,,,5,5,5,5,5,4,5,5,,5,5,3,4,4,5,5,3,,4,4,5,5,5,5,5,1,1,1,1,1,1,1,1,1,0,0,1,0.841,1.662,58.6,53.2,1,1,1,0,0,"C"
499,"S07","C025","North","general",26,1.808,1.154,15.5,10,"girl",-0.453,2,1,"majority_language",0,0,7.4,7.3,,6.9,7.6,13,10,,6.8,3.7,3,52.2,3,5,5,4,2,4,4,4,5,4,,,,,,3,,3,,1,3,2,4,3,,,,,,,,,,3,,3,3,2,,1,2,4,2,,,,,,,3,3,4,2,2,4,5,4,4,1,1,1,0,1,1,0,0,0,0,1,1,,,,,1,1,1,0,1,"B"
500,"S07","C025","North","general",26,1.808,1.154,15.7,10,"girl",-0.799,2,2,"other_language",1,0,8,7.4,7,6.1,7,1,3,0,5.1,2.1,3,51.7,4,3,4,2,2,4,3,5,,,3,3,5,4,5,2,1,2,2,2,1,3,3,2,2,3,2,1,1,2,,,,,3,5,4,3,5,5,5,2,4,,4,5,5,5,5,5,5,4,3,5,5,5,5,5,1,1,1,1,0,,0,0,1,0,1,1,0.814,-1.055,52.5,44,1,1,1,0,0,"C"
501,"S07","C025","North","general",26,1.808,1.154,14.8,10,"girl",0.044,4,3,"majority_language",0,0,7,,,6.2,5.6,4,,,9.6,1.1,4,53.1,4,4,2,4,4,,,,,,,,,,,1,3,2,1,4,,,,,,,,,,,,,,4,5,5,2,4,,,,,,,,,,,3,4,3,5,5,4,2,3,4,5,1,1,0,0,1,1,0,1,0,1,0,1,0.741,-1.455,39.3,59.4,1,1,1,1,1,"C"
502,"S07","C025","North","general",26,1.808,1.154,15.7,10,"girl",-0.748,4,4,"majority_language",0,0,8,8.3,7.7,7.1,6,0,7,2,8.1,2.9,3,41.3,5,4,3,4,5,4,4,4,4,3,4,4,3,5,4,2,2,3,2,2,2,2,3,1,1,2,2,3,4,2,1,4,1,3,2,4,3,4,5,,5,5,4,3,5,5,5,5,3,5,3,3,2,,4,3,5,4,0,0,1,1,0,0,0,,0,0,1,0,0.808,-0.136,35.6,52.4,1,1,0,0,0,"A"
503,"S07","C025","North","general",26,1.808,1.154,15.6,10,"boy",0.006,3,3,"majority_language",0,0,7.1,7.6,6.7,7.4,6.1,2,6,0,6.3,2.9,2,45,3,4,4,3,4,3,5,4,,,4,2,3,3,2,,2,1,2,3,2,1,2,3,2,4,3,1,3,2,,,,4,4,4,4,2,5,3,5,3,,5,5,5,5,3,2,,1,3,3,2,4,4,3,4,1,1,1,1,0,0,0,0,1,1,0,0,0.648,-0.68,43,47.8,1,1,1,0,0,"C"
504,"S07","C025","North","general",26,1.808,1.154,15.2,10,"girl",1.554,5,3,"majority_language",0,0,8.1,7.7,8.3,5.5,7.3,1,4,2,7.7,1.2,3,60.2,5,4,5,,5,4,5,5,,,5,5,5,,5,2,1,1,1,1,2,3,,1,1,1,2,3,2,1,,,,5,5,5,4,5,5,5,4,5,4,5,4,4,4,5,5,2,4,4,4,4,5,5,4,4,1,1,1,1,1,0,0,0,0,0,1,1,0.752,0.649,52.3,55.2,1,1,1,0,0,"C"
505,"S07","C025","North","general",26,1.808,1.154,15.3,10,"boy",-0.045,3,3,"majority_language",0,0,8.7,8.3,8.6,7.8,7.1,1,4,0,5.5,1.1,5,59,4,5,4,5,4,5,4,5,5,5,4,5,5,5,5,2,1,1,2,1,3,2,3,3,,,,2,3,4,3,2,2,5,5,5,2,2,5,5,5,4,5,3,5,5,,,5,5,5,5,4,5,5,3,4,4,1,1,1,1,1,1,,1,1,1,0,0,0.952,2.164,63.6,67.8,1,1,1,0,0,"B"
506,"S07","C025","North","general",26,1.808,1.154,16.1,10,"boy",-0.775,4,2,"majority_language",0,0,6.7,7.2,6.4,6.3,6.3,8,0,3,3,3.4,2,40.3,4,4,5,4,5,4,3,4,4,2,5,2,4,,3,3,,2,3,3,2,2,,1,2,3,4,3,3,2,1,3,2,3,3,5,4,2,3,2,4,4,,2,3,,5,2,1,3,2,2,4,3,5,3,4,3,1,1,0,0,0,0,0,0,0,0,0,0,0.602,-0.984,42,56.5,1,1,1,0,0,"A"
507,"S07","C025","North","general",26,1.808,1.154,15.4,10,"girl",2.044,5,5,"majority_language",0,0,8.2,8,7.9,7.4,5.5,1,3,2,6.7,3.3,3,62.3,4,4,4,5,4,3,2,2,,,4,3,3,4,4,2,2,1,3,1,3,3,4,3,3,5,4,2,2,2,,,,5,5,4,4,2,4,4,5,3,2,5,5,5,4,3,4,4,4,5,,3,,3,5,4,1,1,1,1,1,0,1,1,,0,0,1,0.679,-0.038,66.9,53.8,1,1,1,0,0,"C"
508,"S07","C025","North","general",26,1.808,1.154,15.7,10,"girl",1.356,5,3,"majority_language",0,0,8.8,7.7,8.4,8.2,8.6,2,2,2,7.6,2.6,3,57.6,4,5,5,5,3,4,4,5,5,4,4,2,4,5,,3,2,2,1,1,1,1,2,3,2,3,3,2,1,3,1,2,3,5,5,5,,5,5,5,5,5,5,5,5,5,5,5,5,2,2,3,4,5,4,4,,4,1,1,1,1,1,1,,1,1,0,0,0,0.683,0.473,50.9,65.1,1,0,1,0,0,"A"
509,"S07","C025","North","general",26,1.808,1.154,15.2,10,"boy",0.688,,3,"majority_language",0,0,7.1,7,8.1,6.9,7.5,8,2,4,6.2,3,1,59.6,4,4,3,4,4,4,4,4,,,2,4,5,2,5,4,2,3,3,1,2,4,3,3,5,3,2,1,3,1,,,,3,5,4,4,2,4,5,5,5,4,3,5,3,5,5,4,2,5,4,3,,5,,4,4,1,0,1,1,1,1,0,1,0,1,0,0,0.606,0.543,46.4,45.9,1,1,1,0,0,"C"
510,"S07","C025","North","general",26,1.808,1.154,15.8,10,"girl",0.335,3,4,"majority_language",0,0,8.8,8.9,9,8.8,8.1,2,3,1,8.3,1.8,5,48.8,5,4,5,5,5,5,5,5,,,5,5,4,5,4,1,2,1,3,1,1,1,1,1,2,1,2,2,2,2,,,,5,4,5,3,5,4,5,5,4,5,4,5,,5,5,5,2,4,5,3,5,5,3,4,5,,1,1,1,1,1,1,1,1,1,1,0,0.621,-0.369,41.7,63.2,1,1,1,0,0,"C"
511,"S07","C025","North","general",26,1.808,1.154,15.2,10,"girl",1.052,4,3,"majority_language",0,0,8.2,8.7,8.1,7.5,7.9,0,6,1,5.6,1.9,5,63.3,5,5,4,5,5,5,5,5,,,4,5,4,5,5,1,2,2,1,1,2,4,1,2,3,3,1,1,4,3,,,,4,5,5,4,5,3,4,4,4,2,3,5,5,4,3,5,5,5,3,4,5,4,4,5,5,0,1,1,1,1,,0,1,1,1,1,0,0.918,2.237,65.3,65.1,1,1,1,0,0,"C"
512,"S07","C025","North","general",26,1.808,1.154,15.5,10,"girl",1.295,5,5,"other_language",1,0,7.7,7.5,8.6,7.6,7,1,0,0,10.6,2,4,47.2,5,5,3,5,5,5,4,5,4,,5,4,4,2,4,1,1,1,1,2,2,1,2,1,,,,2,2,2,1,1,2,5,,4,4,4,5,4,4,4,5,4,,4,,,2,3,4,3,4,3,3,5,4,5,1,1,1,1,0,1,0,1,1,1,1,0,0.77,-0.06,54.3,52.7,1,1,1,0,0,"B"
513,"S07","C025","North","general",26,1.808,1.154,15,10,"boy",-0.858,2,3,"other_language",1,0,6.6,7.3,6.9,6.4,7,2,1,3,9.2,2.5,2,41.8,3,,3,5,3,2,4,5,4,4,3,5,3,4,2,1,1,1,1,2,1,1,1,1,1,3,3,3,3,2,1,4,2,5,5,5,5,4,4,3,5,4,3,3,3,5,4,5,2,3,1,2,2,3,4,5,3,5,1,0,0,1,1,0,1,1,0,0,0,1,0.551,-1.179,39.6,28.6,1,0,0,0,0,"A"
514,"S07","C025","North","general",26,1.808,1.154,15.6,10,"girl",0.616,4,5,"majority_language",0,0,7.8,8.3,8,5.6,7.2,1,8,4,6.1,3.1,3,49.7,4,3,4,5,5,5,5,4,5,3,3,4,4,4,4,1,3,2,1,3,1,1,3,4,4,2,2,3,3,3,1,1,2,3,3,5,3,5,3,4,4,5,4,2,4,2,3,3,4,4,5,5,4,5,5,4,2,4,0,1,1,0,1,1,0,0,1,0,0,1,0.783,-0.736,52,49.5,0,0,0,0,0,"A"
515,"S07","C025","North","general",26,1.808,1.154,15.6,10,"girl",0.966,3,4,"majority_language",0,0,9,8.5,8.7,8.3,8.9,1,0,2,9,2.4,4,63.5,5,5,5,5,4,5,,5,4,5,5,5,5,5,3,1,1,2,1,3,2,3,2,3,3,1,2,1,1,1,1,1,1,5,5,5,5,5,4,5,5,4,5,4,4,4,3,5,5,5,5,4,3,4,4,3,5,3,1,1,1,0,1,1,0,1,0,1,1,1,0.721,0.544,55.6,69.2,0,1,0,0,0,"A"
516,"S07","C025","North","general",26,1.808,1.154,16,10,"girl",0.554,3,3,"majority_language",0,0,7.7,7.3,7.5,7.3,8.1,5,8,5,4.1,0.8,5,57.4,3,5,4,,4,5,5,3,,,3,5,4,5,4,3,2,3,2,3,4,1,4,1,,2,2,2,4,2,,,,4,5,5,2,5,3,4,2,3,4,3,4,5,3,3,5,4,,3,4,4,5,4,4,4,1,1,1,1,0,1,0,0,,0,0,0,0.765,-1.255,49.9,44.2,1,1,1,0,0,"C"
517,"S07","C025","North","general",26,1.808,1.154,15.1,10,"boy",-0.011,,4,"majority_language",0,0,7.6,8,7.9,7.6,7.8,9,1,3,4.6,6,3,57.1,4,3,3,4,5,4,5,3,4,5,3,3,4,5,2,1,3,1,1,2,2,2,2,2,,,,3,4,2,4,3,3,4,4,5,4,3,3,3,5,5,4,3,3,3,,,5,3,3,3,5,3,5,4,3,,1,0,1,1,,1,1,1,0,1,0,0,0.817,-0.089,46.5,61.7,1,1,1,0,0,"B"
518,"S07","C025","North","general",26,1.808,1.154,15.4,10,"boy",2.502,4,5,"majority_language",0,0,10,,,9.2,8.7,4,,,10.5,0.9,5,75,5,,5,5,5,,,,,,,,,,,3,2,2,1,2,1,,,,,,,,,,,,,4,4,4,5,4,,,,,,,,,,,5,5,5,5,5,3,2,3,3,4,1,1,1,1,0,1,1,1,1,1,,1,0.857,1.425,53.6,58.7,1,1,1,1,1,"C"
519,"S07","C025","North","general",26,1.808,1.154,15.6,10,"girl",0.633,5,4,"majority_language",0,0,7.2,7.3,8.4,6.9,6.4,1,9,3,6,1.2,4,38.1,3,4,3,3,4,5,5,4,,5,5,4,3,5,4,2,2,2,1,2,1,4,5,2,,,,3,3,,2,3,3,3,4,3,5,3,,4,4,4,2,4,5,5,,,5,3,3,4,4,3,,5,4,4,1,1,1,1,1,1,0,0,1,1,0,0,0.665,-1.256,50.3,48.9,1,1,1,0,0,"B"
520,"S07","C025","North","general",26,1.808,1.154,15.2,10,"girl",1.84,5,5,"majority_language",0,0,7.3,7.1,7.4,7.1,8.5,1,3,5,6.9,1.1,3,56.8,3,4,5,5,4,4,5,5,,,5,4,5,5,5,3,4,3,1,4,1,2,3,3,2,2,2,3,2,3,,,,4,3,4,4,3,5,5,5,5,4,5,5,3,5,3,5,4,4,3,5,4,4,4,5,4,1,1,1,1,0,1,1,1,0,0,0,0,0.978,1.154,80,71.1,0,1,1,0,0,"C"
521,"S07","C025","North","general",26,1.808,1.154,15.9,10,"boy",1.22,5,5,"majority_language",0,0,8.6,7.9,8.3,7.5,7.5,5,1,0,6.7,2.1,5,50.2,3,5,4,4,3,5,4,5,,,5,5,5,5,3,4,3,2,2,3,2,2,3,1,1,2,1,2,2,1,,,,5,3,4,4,5,2,5,3,4,3,5,5,5,5,5,5,4,4,5,4,5,4,5,4,5,1,1,1,1,1,1,1,1,1,1,1,0,0.951,1.527,68.6,55.7,0,1,1,0,0,"C"
522,"S07","C025","North","general",26,1.808,1.154,15.6,10,"girl",-0.132,1,3,"majority_language",0,0,6.9,7.2,,6.3,6.5,6,2,,10.5,2.8,3,50.4,5,5,,5,5,4,2,4,,,,,,,,2,,2,1,2,4,1,1,3,2,,1,,,,,,,4,4,3,3,4,4,4,3,3,2,,,,,,2,2,3,3,4,5,2,3,5,3,,0,1,1,0,0,1,0,0,,0,0,0.637,-0.411,50.3,34,1,1,1,0,1,"C"
523,"S07","C026","North","general",19,1.808,0.778,16.6,11,"girl",1.552,5,3,"majority_language",0,0,8.2,8,7,6.7,8.2,0,3,7,8,5.6,5,55.1,5,5,5,5,4,5,5,4,,,5,3,4,3,3,2,2,3,3,3,1,2,3,2,2,1,2,1,2,3,,,,4,4,5,5,4,5,4,3,5,4,4,5,5,5,3,,5,5,4,4,5,4,5,3,4,1,1,1,0,1,0,1,1,1,0,0,0,0.633,-0.146,43.1,47.4,1,1,1,0,0,"C"
524,"S07","C026","North","general",19,1.808,0.778,16.2,11,"girl",2.472,5,5,"majority_language",0,0,8.3,8.1,8.1,8.9,7.7,1,2,2,8.2,2.6,3,67.2,5,4,3,4,4,3,5,3,,,4,3,3,1,3,1,2,4,2,2,3,2,2,3,3,2,4,2,4,4,,,,4,5,5,3,3,4,2,4,2,3,2,2,4,4,4,4,5,5,5,2,3,5,3,3,2,1,1,1,1,1,1,1,1,1,1,1,1,0.98,2.93,80,80,0,1,1,0,0,"C"
525,"S07","C026","North","general",19,1.808,0.778,16.3,11,"boy",-0.041,3,2,"majority_language",0,0,7.6,7.3,7.5,6.5,7.9,1,4,5,5.3,4.8,4,47.1,2,4,1,4,3,2,3,4,,,3,3,2,4,5,1,2,1,2,2,3,2,2,3,2,2,1,1,1,3,,,,2,3,3,4,4,3,2,4,,5,4,4,5,5,4,3,3,4,2,4,4,,3,2,1,1,1,1,1,1,1,1,1,0,0,0,0,0.944,1.74,75.9,68.8,1,1,1,0,0,"C"
526,"S07","C026","North","general",19,1.808,0.778,16.1,11,"girl",-0.89,1,1,"majority_language",0,0,5.5,5.6,,6,6.4,3,7,,7.6,6.3,5,38.8,3,2,2,1,3,4,4,4,3,3,,,,,,2,2,,3,4,,2,2,1,1,1,1,,,,,,,3,4,4,3,5,4,,4,2,5,,,,,,4,2,2,1,4,4,4,4,3,5,1,0,0,0,0,0,0,0,0,0,0,0,0.448,-0.491,49.6,29.4,1,1,1,0,1,"A"
527,"S07","C026","North","general",19,1.808,0.778,16.4,11,"girl",0.989,4,5,"majority_language",0,0,7,7,7.7,7.8,7.3,1,2,2,5.3,1.4,2,51.7,5,4,3,5,4,5,5,4,,,4,,4,5,5,2,2,2,2,3,3,1,2,1,,1,2,2,1,1,,,,2,3,3,2,3,4,4,5,5,,5,5,3,4,2,5,5,4,3,4,4,5,4,4,4,0,1,1,1,1,1,1,1,1,1,1,1,0.848,0.33,53.9,55.4,0,1,1,0,0,"C"
528,"S07","C026","North","general",19,1.808,0.778,16.6,11,"girl",1.167,5,5,"majority_language",0,0,7.8,8.1,8.4,8.2,7.9,4,6,0,12.8,0.9,5,56,4,4,4,5,,5,4,5,5,5,4,3,3,5,3,1,2,2,1,1,2,2,2,2,2,1,2,1,1,1,1,4,1,4,,4,4,4,4,5,5,5,5,5,5,4,,5,5,,5,5,5,4,3,4,4,5,1,1,1,1,1,1,1,,1,1,0,0,0.787,0.252,47.4,42.7,1,0,1,0,0,"A"
529,"S07","C026","North","general",19,1.808,0.778,17,11,"boy",0.744,3,3,"majority_language",0,0,8.2,8.4,8,6.9,6.3,1,2,1,9,1.7,2,49.3,5,3,3,5,5,4,4,5,5,5,3,4,5,3,3,1,2,3,2,3,2,1,3,1,,,,1,3,1,2,2,3,5,5,4,5,3,5,4,5,4,5,4,4,5,,,2,3,5,3,3,4,4,4,5,,1,1,1,1,1,1,1,,0,1,0,1,0.848,0.316,62.1,52.6,1,1,1,0,0,"B"
530,"S07","C026","North","general",19,1.808,0.778,16.3,11,"boy",1.822,5,4,"majority_language",0,0,7.8,8.4,8.3,7.1,7.4,1,3,1,9.2,2.1,5,62.6,4,5,4,,4,4,3,4,3,4,4,5,3,4,3,2,1,1,2,1,1,1,2,3,,,,2,2,2,3,3,2,5,4,5,5,5,4,4,5,5,4,5,4,3,,,4,,5,5,5,5,4,4,4,4,1,0,1,1,1,0,1,1,0,,1,0,0.798,-1.366,38.9,47.5,1,1,1,0,0,"B"
531,"S07","C026","North","general",19,1.808,0.778,16.8,11,"boy",0.217,3,4,"majority_language",1,0,7.2,7.8,7.3,8.7,7.6,3,5,4,5.4,2.3,3,45.1,4,5,4,4,5,4,5,4,,,5,5,5,,3,1,1,2,,2,1,1,2,1,1,3,3,2,1,1,,,,3,3,3,4,4,3,4,5,5,5,4,4,5,5,5,4,4,3,3,2,5,4,5,4,3,1,1,0,1,1,1,1,0,1,0,1,0,0.947,-0.337,58.5,49,1,1,1,0,0,"C"
532,"S07","C026","North","general",19,1.808,0.778,16.8,11,"girl",1.003,5,4,"majority_language",0,0,8.1,8.6,9,7.4,7.9,1,8,2,8.1,1.4,4,54.7,,5,4,4,4,5,4,4,4,3,3,5,4,4,3,2,,1,,1,2,3,3,3,2,2,1,3,2,2,3,1,3,3,4,4,3,3,4,5,5,4,4,3,3,4,3,4,5,5,5,5,4,5,5,5,5,4,,1,1,1,1,1,1,1,1,1,1,1,0.876,-1.176,43.6,47.3,1,0,0,0,0,"A"
533,"S07","C026","North","general",19,1.808,0.778,16.4,11,"girl",1.45,4,5,"majority_language",1,0,7.4,7.6,8.3,6.9,6.8,2,2,3,6.3,2,5,59,5,3,4,5,2,,5,4,,,5,4,4,5,3,1,2,1,3,1,2,1,1,3,3,3,2,4,1,3,,,,4,5,3,3,3,4,,4,3,4,,5,5,4,5,,5,4,5,4,5,4,4,5,4,1,1,1,0,1,0,0,1,0,0,1,0,0.569,-0.527,36.4,45.6,1,1,1,0,0,"C"
534,"S07","C026","North","general",19,1.808,0.778,15.7,11,"boy",1.432,4,4,"majority_language",0,0,7.7,7.7,8.2,7.7,6.8,3,2,0,3.1,1.4,3,52.4,2,3,,1,1,4,4,3,4,5,5,5,5,5,5,4,1,2,1,2,2,4,2,3,3,2,2,2,1,1,2,1,2,4,5,3,,4,3,5,2,3,2,3,5,4,4,3,5,4,4,4,3,5,3,4,2,4,1,1,1,1,1,1,0,0,0,1,1,0,0.91,0.771,70.3,52.2,1,0,0,0,0,"A"
535,"S07","C026","North","general",19,1.808,0.778,16.7,11,"boy",0.517,4,3,"majority_language",0,0,8.3,8.1,8.8,7.2,6.5,1,4,3,9.7,1.1,3,59.2,4,5,5,4,4,2,4,4,4,4,4,5,5,3,4,1,1,1,1,1,1,2,1,1,1,2,1,1,1,1,1,1,1,5,5,5,5,,5,5,5,4,5,5,4,4,3,5,4,5,3,5,3,3,,3,5,2,1,1,1,1,1,1,1,1,1,0,0,0,0.673,-0.099,54.3,60.3,1,0,0,0,0,"A"
536,"S07","C026","North","general",19,1.808,0.778,16.4,11,"boy",0.341,4,5,"other_language",1,0,8.1,7.1,8.2,6.8,7.8,0,0,2,5,3.8,4,54.7,5,5,5,4,5,5,4,5,5,4,5,4,5,5,5,2,4,3,3,4,4,1,3,1,,,,2,2,1,1,1,1,5,3,4,3,4,3,3,2,4,4,3,5,4,,,5,5,4,4,5,5,5,4,4,3,1,1,1,0,1,1,1,1,0,0,0,0,0.954,0.681,66.8,54.7,0,1,1,0,0,"B"
537,"S07","C026","North","general",19,1.808,0.778,16.4,11,"boy",0.218,3,2,"majority_language",0,0,9.1,8.9,8.6,7.2,6.6,3,0,1,4.3,1,1,67.3,5,4,2,5,2,2,,2,3,5,3,2,2,4,3,1,1,1,1,2,1,,1,1,,,,1,1,1,1,1,1,4,5,3,5,4,5,4,4,4,4,5,5,5,,,3,4,4,4,5,4,4,4,4,3,1,1,0,1,1,,1,0,0,1,0,0,0.782,0.88,41.9,46.1,1,1,1,0,0,"B"
538,"S07","C026","North","general",19,1.808,0.778,16,11,"girl",0.398,2,3,"majority_language",0,0,7.7,8.5,8.1,7.9,6.3,5,1,2,6.5,2.3,4,52.6,4,3,4,3,4,4,2,4,2,3,3,5,3,4,5,2,3,,3,2,2,2,2,2,,,,3,3,3,3,4,3,3,3,1,4,2,2,4,2,5,1,2,2,2,,,2,2,1,4,3,3,3,4,2,5,1,1,1,1,,1,0,1,1,1,0,0,0.925,1.56,62.1,63.8,1,1,1,0,0,"B"
539,"S07","C026","North","general",19,1.808,0.778,16.7,11,"girl",0.596,3,4,"majority_language",1,0,7.6,8,7.3,7.2,8,8,2,1,11.7,2.1,5,59.2,5,5,5,5,5,5,5,3,,,5,5,4,5,5,1,2,1,1,1,2,1,2,2,1,3,3,2,2,1,,,,4,5,4,5,3,5,5,5,2,4,4,4,3,2,4,5,4,5,4,4,5,5,4,5,5,1,0,1,1,0,0,0,1,0,0,0,0,0.708,-1.614,49.1,43.7,0,1,1,0,0,"C"
540,"S07","C026","North","general",19,1.808,0.778,15.7,11,"boy",0.248,3,1,"majority_language",0,0,7,7.4,8.3,7.7,6.3,3,4,3,3,3.2,1,45.3,4,5,3,5,2,4,3,4,5,5,5,4,5,5,4,1,2,2,1,2,1,2,1,1,,,,2,1,1,2,2,3,2,2,5,3,3,3,4,5,5,4,,4,5,,,4,4,4,2,4,5,5,,5,4,,1,0,1,0,1,0,0,0,0,0,0,0.785,0.535,61.7,61.9,1,1,1,0,0,"B"
541,"S07","C026","North","general",19,1.808,0.778,17,11,"girl",1.004,4,5,"majority_language",0,0,7.7,8.3,8.5,7.9,6.8,2,3,1,6.4,1.8,5,58.9,,5,5,3,4,5,5,5,5,5,5,4,5,5,5,1,2,1,2,1,2,1,,3,,,,2,1,1,2,1,1,4,,5,4,5,4,5,5,4,5,2,5,3,,,5,5,5,5,5,5,4,3,5,5,1,1,1,1,1,1,1,1,0,0,1,0,0.843,0.152,52.3,78.9,1,1,1,0,0,"B"
542,"S07","C027","North","general",21,1.808,1.801,16.3,11,"girl",0.584,2,2,"other_language",1,0,7.7,8.2,8.2,8.4,7.8,2,5,0,5.9,2.6,3,55.5,3,3,3,4,2,4,4,3,5,,5,4,4,5,2,3,1,2,,3,1,2,1,2,3,1,1,1,1,2,1,1,2,4,4,4,3,4,3,4,4,2,3,5,5,5,5,5,,3,5,5,3,5,4,5,,4,1,1,0,1,0,1,0,1,1,0,1,0,0.761,-0.319,57.5,45,1,1,0,0,0,"A"
543,"S07","C027","North","general",21,1.808,1.801,16.6,11,"boy",-0.225,2,3,"majority_language",1,0,7.3,6.8,,6.9,7,1,2,,13.8,4,2,48.8,4,3,4,4,4,5,4,4,,,,,,,,4,4,4,5,3,2,3,3,4,2,3,,,,,,,,4,3,4,3,5,4,5,4,3,5,,,,,,5,5,5,5,5,4,4,5,4,4,1,1,1,1,0,1,0,0,1,1,0,1,0.897,1.74,61.8,51.7,0,1,1,0,1,"C"
544,"S07","C027","North","general",21,1.808,1.801,16.2,11,"boy",0.556,3,5,"majority_language",0,0,9.2,8.3,8.5,8.9,8.5,3,1,0,6.2,2.6,4,44.4,4,5,3,4,4,2,4,3,3,5,5,4,4,4,5,1,1,1,2,1,3,3,2,2,,,,,1,2,1,1,1,5,5,5,5,4,5,5,4,5,3,5,5,5,,,5,3,4,5,4,4,5,5,5,5,1,1,1,1,1,1,1,1,0,1,0,0,0.901,0.124,47.6,62.1,0,1,1,0,0,"B"
545,"S07","C027","North","general",21,1.808,1.801,16.6,11,"boy",1.021,3,4,"majority_language",0,0,8.8,8.1,7,7.4,6.9,6,4,2,5.1,1,5,49.1,5,3,5,5,4,5,4,4,5,3,4,4,5,4,5,2,2,2,3,3,1,3,,4,,,,3,1,1,2,2,1,5,3,5,5,5,5,4,4,5,5,4,5,4,,,4,4,2,3,3,3,4,4,2,3,1,1,1,0,1,1,1,0,0,0,0,0,0.953,0.152,66.7,60.1,0,1,1,0,0,"B"
546,"S07","C027","North","general",21,1.808,1.801,16,11,"boy",1.66,4,4,"majority_language",0,0,8.5,8.6,8.7,7.9,8.4,2,1,0,12.2,1.5,5,72.8,5,5,5,5,5,5,5,5,5,5,5,5,5,5,5,1,2,1,2,1,2,2,1,1,2,2,2,2,2,2,1,1,2,3,5,5,4,4,5,4,5,3,4,4,5,5,4,4,5,5,5,5,5,5,5,5,5,3,1,1,,1,1,1,1,1,1,1,0,0,0.791,0.454,63,45.1,1,0,0,0,0,"A"
547,"S07","C027","North","general",21,1.808,1.801,16.2,11,"boy",2.833,5,5,"majority_language",0,0,9.2,9.1,8.1,9.4,8.2,0,0,0,10.1,1.1,5,65.5,5,5,5,5,5,4,5,5,5,5,5,5,4,5,4,2,1,1,1,1,1,2,1,1,,,,1,1,3,2,,1,4,5,5,5,5,5,5,5,5,5,2,5,5,,,5,5,4,5,3,4,3,,5,4,1,1,1,0,1,0,1,1,0,1,1,1,0.948,0.898,60.4,56.2,1,1,1,0,0,"B"
548,"S07","C027","North","general",21,1.808,1.801,16.7,11,"girl",0.418,4,3,"other_language",1,0,7.3,7.7,7.6,6.8,6.3,2,0,3,6,1.6,3,43.2,4,4,5,3,3,4,4,3,4,5,3,4,4,3,2,2,3,5,3,2,3,2,3,2,,,,3,1,3,2,2,2,3,3,1,4,2,4,4,4,3,2,3,3,2,,,3,5,5,,,3,4,2,5,5,,0,1,0,0,1,1,0,0,1,0,0,0.729,-0.229,43,33.3,1,1,1,0,0,"B"
549,"S07","C027","North","general",21,1.808,1.801,16.2,11,"girl",-0.386,2,2,"majority_language",0,0,6.6,7,7.7,6.4,7,1,5,13,4.5,1.5,5,52,4,5,4,5,5,4,3,4,4,3,3,3,2,2,3,3,2,3,2,1,3,3,3,3,2,5,1,,2,2,3,2,1,3,2,3,5,4,,4,3,3,3,3,3,3,5,4,5,4,5,4,4,5,5,5,5,5,0,1,1,1,0,0,1,1,1,,0,0,0.554,-1.265,38.5,40.8,1,1,1,0,0,"A"
550,"S07","C027","North","general",21,1.808,1.801,16.2,11,"boy",-0.125,2,3,"majority_language",0,0,7.4,8.2,8.6,7,6.9,3,8,2,4.3,1.3,3,52.7,4,5,3,3,3,4,4,4,,,5,5,5,5,5,3,3,2,3,1,1,3,3,1,3,1,2,2,2,1,,,,3,5,5,4,4,4,5,3,4,3,5,5,4,4,5,5,4,,3,5,5,5,4,4,4,1,1,1,1,1,1,1,1,1,1,1,1,0.861,1.742,68.2,65.8,1,1,1,0,0,"C"
551,"S07","C027","North","general",21,1.808,1.801,16.7,11,"girl",-0.665,2,2,"majority_language",1,0,7.2,7,7.4,7.1,6.9,0,4,0,11,1.9,5,60.9,5,4,4,3,3,5,5,5,5,5,2,4,3,4,4,2,2,1,3,1,2,1,2,1,2,1,2,2,3,1,2,2,1,4,3,4,4,4,5,5,5,,4,5,5,5,5,4,5,5,5,5,5,4,5,5,4,4,0,1,0,1,1,0,0,0,0,0,1,0,0.728,1.037,54.2,60.7,0,1,0,0,0,"A"
552,"S07","C027","North","general",21,1.808,1.801,16.8,11,"boy",0.346,5,2,"majority_language",0,0,7.2,6.7,6.6,6.3,6.6,2,1,6,5,1.7,3,64.9,4,5,3,5,5,5,4,4,3,5,5,5,5,5,4,2,4,2,3,1,3,5,2,2,4,3,4,4,4,3,3,2,5,2,4,3,4,3,2,5,3,3,4,3,2,3,1,2,5,5,5,5,4,4,5,5,4,5,1,1,1,1,1,1,1,0,1,0,,1,0.763,-0.874,52,40,1,0,0,0,0,"A"
553,"S07","C027","North","general",21,1.808,1.801,16.3,11,"girl",-0.149,3,4,"majority_language",0,0,7.6,8.1,7.9,6.4,6.2,2,4,0,5.3,3.8,3,49,4,5,4,3,4,3,4,5,5,3,5,5,4,5,5,1,1,2,2,1,2,,2,3,1,,1,2,2,2,2,3,4,4,5,5,5,4,5,2,4,3,2,3,5,5,4,4,4,5,4,5,4,4,5,5,5,4,0,1,1,0,0,1,0,1,0,0,0,,0.77,-0.054,37.1,45.4,1,1,0,0,0,"A"
554,"S07","C027","North","general",21,1.808,1.801,16.3,11,"boy",0.875,4,4,"other_language",0,0,8.4,7.8,7.1,8,8.3,0,3,1,4.6,1.4,4,50.7,4,4,5,4,4,5,4,5,,,4,5,5,4,3,3,4,1,2,3,1,3,3,3,3,2,3,3,2,2,,,,5,5,5,5,5,5,4,5,5,5,5,5,4,4,4,4,5,5,5,5,5,5,4,5,3,1,1,1,1,1,1,1,1,1,1,0,1,0.889,0.779,65.6,53.6,0,1,1,0,0,"C"
555,"S07","C027","North","general",21,1.808,1.801,16.2,11,"boy",1.853,5,4,"majority_language",0,0,7.1,8.1,8.3,6.8,8.5,1,1,1,4.9,2.4,2,43.2,5,5,4,5,3,5,5,5,5,5,5,5,5,5,5,2,3,2,1,4,2,1,2,2,3,2,2,2,1,1,2,2,1,5,5,,3,5,5,5,5,5,5,4,5,5,5,5,5,5,5,2,4,4,5,5,5,4,1,1,1,1,1,1,,1,1,1,1,0,0.882,0.507,52.4,64.2,1,0,0,0,0,"A"
556,"S07","C027","North","general",21,1.808,1.801,16.8,11,"girl",1.501,5,5,"other_language",1,0,8.6,7.3,7.8,7.9,7.5,6,3,1,8.8,1.9,1,57.8,5,5,5,3,4,5,4,5,4,4,2,2,2,3,2,3,4,4,4,3,3,2,1,2,,,,1,2,2,1,1,,2,3,,2,4,4,3,5,3,4,4,3,3,,,4,5,4,4,5,4,,4,4,5,1,1,1,1,1,0,0,0,0,0,1,0,0.918,1.73,68,60.5,1,1,1,0,0,"B"
557,"S07","C027","North","general",21,1.808,1.801,16.8,11,"boy",1.965,5,5,"majority_language",0,0,8.3,7.8,8.1,7.5,7.1,2,0,3,7.7,2.9,3,60.7,3,5,4,3,4,4,5,3,4,5,3,4,3,2,4,2,2,2,2,2,1,1,1,2,1,1,1,1,3,1,1,1,1,4,5,5,5,5,5,5,5,5,5,5,5,5,5,4,4,4,5,4,4,5,5,5,4,5,1,1,1,1,1,1,1,1,1,0,0,0,0.966,2.557,74,72,0,0,0,0,0,"A"
558,"S07","C027","North","general",21,1.808,1.801,16.8,11,"boy",0.705,3,3,"majority_language",0,0,7.1,7.4,6.6,6.7,7.2,0,5,4,6.1,2.5,2,51.5,2,3,4,4,3,5,5,4,4,4,4,4,5,5,4,1,2,2,2,1,1,2,2,2,2,,2,2,2,1,2,1,2,5,4,5,4,5,5,5,5,5,5,5,5,5,4,5,1,4,4,4,3,4,5,5,5,5,1,0,1,1,1,1,,0,0,1,0,0,0.35,-0.919,32.7,44.7,1,1,0,0,0,"A"
559,"S07","C027","North","general",21,1.808,1.801,15.7,11,"girl",0.803,5,5,"majority_language",0,0,7.7,8.1,7.8,7,6.8,0,1,5,9.1,1.8,5,56.8,5,4,4,4,4,3,4,4,5,5,3,5,3,4,3,1,1,2,1,2,2,2,1,1,,,,2,1,1,3,3,2,5,5,4,5,4,3,4,4,4,4,5,4,5,,,5,5,4,5,4,5,5,5,5,5,0,1,0,0,0,1,0,0,0,0,0,0,0.385,-0.656,34.4,54.8,0,1,1,0,0,"B"
560,"S07","C027","North","general",21,1.808,1.801,16.4,11,"boy",-1.311,2,3,"other_language",0,0,7.5,6.8,,5.6,5.4,4,0,,2.7,4.6,2,50.3,2,2,1,2,2,,3,,2,2,,,,,,2,2,3,2,3,1,2,3,2,,1,1,,,,,,,4,4,2,4,3,4,2,2,2,2,,,,,,4,2,5,,4,3,2,5,4,5,0,0,0,0,0,0,0,0,0,1,0,,0.439,-1.837,46.7,31.8,1,1,1,0,1,"A"
561,"S07","C027","North","general",21,1.808,1.801,16.6,11,"boy",1.577,5,5,"majority_language",0,0,9.1,9.2,8.6,7.4,8.7,0,1,1,11.6,3.8,4,55,4,4,4,5,5,5,5,3,,,4,4,4,4,3,4,2,1,2,3,2,1,2,1,1,2,2,2,1,1,,,,2,4,2,2,3,3,4,4,4,3,5,5,5,4,4,5,5,5,5,5,,2,4,5,5,1,1,1,1,1,1,1,1,1,1,0,1,0.842,2.764,73.2,66.1,1,1,1,0,0,"C"
562,"S07","C027","North","general",21,1.808,1.801,16.5,11,"boy",1.53,5,5,"majority_language",0,0,8.1,8.4,8.2,8.2,7.8,1,6,1,11.2,4.3,4,47.3,4,4,5,3,4,4,5,3,2,4,5,4,5,5,5,1,3,1,3,1,1,1,3,1,,,,2,,3,3,3,4,5,5,5,4,4,4,4,4,5,4,5,3,4,,,5,4,5,5,5,3,4,4,5,3,1,1,1,0,1,1,1,1,1,1,1,0,0.887,0.713,55.4,68,0,1,1,0,0,"B"
563,"S07","C028","North","general",19,1.808,0.828,15.2,10,"girl",0.141,3,3,"majority_language",0,0,6.1,7.1,,7.4,7.2,1,2,,6.6,3.6,1,40.3,4,3,1,4,2,5,,3,,3,,,,,,2,3,2,3,3,2,2,2,4,,,,,,,,,,5,5,5,5,2,1,4,4,3,,,,,,,1,2,,5,5,5,4,5,5,4,1,1,1,1,1,0,1,0,0,1,0,0,0.878,-0.184,46.4,49.2,1,1,1,0,1,"B"
564,"S07","C028","North","general",19,1.808,0.828,15.2,10,"boy",0.767,4,4,"majority_language",0,0,8.3,8.4,7.5,8.3,7.7,7,1,2,11.1,4.3,3,62.7,5,4,5,2,5,5,5,5,4,5,5,4,5,4,5,2,1,,2,1,1,3,2,3,,,,3,3,2,3,3,3,5,4,5,4,3,5,5,4,4,3,5,3,5,,,5,3,,5,3,3,4,4,5,5,1,1,1,1,1,1,1,1,,0,1,0,0.905,1.181,67.9,62.3,1,1,1,0,0,"B"
565,"S07","C028","North","general",19,1.808,0.828,15.1,10,"girl",0.738,3,4,"majority_language",0,0,7.9,8.1,8.4,8.3,7.6,4,3,6,7.2,1.5,3,66.5,5,5,5,5,5,5,5,5,5,5,5,5,5,4,3,1,1,,3,1,2,1,1,1,,,,1,1,3,1,1,4,4,,3,4,4,4,3,4,4,3,2,3,5,,,5,5,,4,5,5,5,5,5,5,1,1,1,1,0,1,1,0,0,0,1,0,,,,,1,1,1,0,0,"B"
566,"S07","C028","North","general",19,1.808,0.828,15.5,10,"boy",1.868,5,5,"majority_language",0,0,8.6,8.2,8,8.3,7.5,0,5,0,7.5,1.5,4,54.2,5,5,5,5,5,3,5,4,5,5,4,5,4,5,4,2,1,1,2,1,1,2,1,1,,,,1,1,1,1,1,1,4,4,4,4,3,4,3,5,4,2,3,5,5,,,3,4,5,4,5,4,5,4,5,5,1,1,1,1,1,1,1,1,1,1,0,0,0.985,1.727,68.5,70.9,0,1,1,0,0,"B"
567,"S07","C028","North","general",19,1.808,0.828,15.3,10,"boy",1.767,4,5,"majority_language",0,0,8.8,7.8,8.1,8.8,8.5,1,3,1,10.5,1.3,4,52.2,5,5,5,5,5,5,5,5,,,5,5,5,4,2,1,1,3,1,1,2,1,1,1,1,1,2,2,2,1,,,,4,4,4,3,3,4,4,3,5,5,4,5,5,4,,4,4,5,5,4,5,5,5,4,3,1,1,1,1,1,1,1,1,1,0,0,1,0.916,0.982,76.6,71.3,0,1,1,0,0,"C"
568,"S07","C028","North","general",19,1.808,0.828,15.4,10,"girl",1.664,4,4,"majority_language",0,0,7.6,7.4,8.2,7.1,5.9,2,10,1,7.8,1.8,5,65.5,5,5,5,5,4,5,4,5,,,5,,5,4,4,2,1,3,1,2,2,2,1,4,3,2,2,3,4,3,,,,5,3,3,2,2,2,4,4,3,4,5,5,,4,3,5,5,5,5,5,5,4,5,3,4,1,,1,0,1,0,0,0,0,0,0,1,0.917,0.887,56.7,51.8,1,1,1,0,0,"C"
569,"S07","C028","North","general",19,1.808,0.828,15.4,10,"boy",1.842,5,5,"majority_language",1,0,8.6,8.3,8.5,7.6,7.9,1,0,1,5,0.9,3,48.5,5,5,4,5,5,4,5,5,,,4,5,5,5,,1,1,3,4,1,2,1,2,2,2,1,2,2,2,1,,,,4,5,5,4,3,4,5,4,3,3,5,4,5,5,3,5,4,5,4,5,4,5,4,2,5,1,1,1,1,0,1,1,1,0,0,0,0,0.914,1.816,76.6,63,0,1,1,0,0,"C"
570,"S07","C028","North","general",19,1.808,0.828,15.8,10,"boy",0.485,5,5,"majority_language",0,0,7.3,7.7,,7.7,7.2,2,4,,10.7,2.3,2,62.3,3,5,5,4,4,4,3,3,4,5,,,,,,2,2,1,1,1,3,1,2,1,,,,,,,,,,5,4,5,5,4,3,,5,3,4,,,,,,5,5,5,5,4,4,4,,4,3,1,1,1,1,1,1,1,0,0,0,1,0,,,,,1,1,1,0,1,"B"
571,"S07","C028","North","general",19,1.808,0.828,15.2,10,"girl",-0.142,3,3,"majority_language",0,0,7.9,8.6,8.4,8.7,6.8,2,2,0,7,3.1,3,59.7,5,4,4,3,5,,5,4,5,4,5,4,4,5,5,1,1,2,1,1,2,1,1,2,,,,1,1,1,1,1,1,4,5,4,4,4,4,4,3,4,5,5,3,3,,,5,3,5,5,5,5,5,5,5,5,1,1,1,1,0,1,0,1,0,1,0,0,0.814,0.323,53,51.1,0,1,1,0,0,"B"
572,"S07","C028","North","general",19,1.808,0.828,15.3,10,"boy",0.206,3,1,"majority_language",0,0,5.5,6,6.3,5.4,7.7,2,7,3,9.2,5.1,4,36,,2,2,2,3,3,3,3,3,3,2,1,1,2,3,3,3,2,3,2,1,3,1,1,,,,4,4,2,2,4,2,5,5,3,3,4,4,5,5,5,3,4,4,5,,,2,4,4,,2,4,,3,4,5,,0,0,1,0,0,0,0,0,0,0,0,0.394,-1.152,40.6,48.9,1,1,1,0,0,"B"
573,"S07","C028","North","general",19,1.808,0.828,15.5,10,"girl",0.493,4,3,"majority_language",0,0,7.4,5.9,7,7.2,7.2,2,1,2,5.6,1.3,3,49.7,4,4,4,4,4,3,3,3,,,5,3,4,5,5,2,2,1,2,3,1,2,3,2,2,4,2,2,1,1,,,,,4,3,4,5,4,3,3,4,5,4,4,4,3,3,3,4,3,2,1,3,2,3,5,5,1,1,1,1,0,1,1,1,1,1,0,0,0.7,1.353,54.6,59.7,1,1,1,0,0,"C"
574,"S07","C028","North","general",19,1.808,0.828,15.2,10,"girl",-0.802,3,1,"majority_language",0,0,6.3,6.1,5.9,5.6,7.5,6,3,0,5.7,1.7,3,41.3,3,2,3,1,1,2,4,4,,,4,4,,4,4,3,3,3,2,4,1,2,4,2,3,2,1,,2,3,,,,4,5,5,5,5,4,4,3,5,5,4,,4,5,5,5,4,4,5,4,4,5,3,3,5,1,0,1,1,0,0,0,0,0,0,0,0,,,,,1,1,1,0,0,"C"
575,"S07","C028","North","general",19,1.808,0.828,15.5,10,"girl",1.826,5,5,"majority_language",0,0,8.9,9,8.7,8.1,7.5,0,3,0,7.4,1.7,5,66.9,5,5,5,,5,5,5,5,5,5,5,5,5,5,5,1,2,1,1,1,1,1,3,1,1,2,3,2,1,2,2,1,1,5,4,4,5,,5,4,3,4,5,4,5,5,4,4,5,3,5,5,4,5,4,3,5,4,1,1,1,1,1,1,1,1,1,0,1,1,0.96,2.296,77.7,59.8,1,0,0,0,0,"A"
576,"S07","C028","North","general",19,1.808,0.828,16.2,10,"girl",1.073,3,3,"other_language",0,0,7.9,6.9,8.1,8.5,7.3,2,6,9,5.6,2.8,2,59.4,4,5,,4,4,4,5,5,5,5,4,5,4,3,3,4,5,2,4,4,3,3,2,3,,3,2,4,2,1,4,2,5,2,4,5,5,5,5,5,4,2,4,4,4,3,4,4,5,5,5,5,5,3,,,5,3,1,1,1,1,1,1,0,1,0,0,0,0,0.933,1.01,64.8,67.1,1,1,0,0,0,"A"
577,"S07","C028","North","general",19,1.808,0.828,15.8,10,"girl",1.729,5,5,"majority_language",0,0,7.3,7.1,7.8,6.8,6.3,4,2,6,7.9,1.3,5,55.1,3,4,5,5,3,3,5,5,5,,4,3,4,4,3,2,1,1,1,1,1,1,1,3,1,2,1,2,3,4,,1,1,3,3,4,3,4,5,3,2,4,3,4,4,2,4,2,5,4,4,5,5,3,4,,3,4,1,1,1,1,1,1,1,1,0,1,0,0,0.875,0.142,60.1,71.2,1,1,1,0,0,"A"
578,"S07","C028","North","general",19,1.808,0.828,15.9,10,"girl",0.513,3,3,"majority_language",0,0,6.8,6.9,7.4,6,6.6,2,0,3,5.2,3.2,2,54.3,4,5,4,5,3,3,3,3,,,4,4,2,3,3,1,4,2,4,1,2,1,1,1,1,3,1,1,1,2,,,,2,,3,5,3,3,5,4,4,5,,4,5,5,,2,4,4,4,4,4,5,5,5,4,0,1,0,1,0,1,0,1,1,0,0,1,0.691,-1.142,47.1,56.3,1,1,1,0,0,"C"
579,"S07","C028","North","general",19,1.808,0.828,15.7,10,"girl",0.738,4,2,"majority_language",0,0,7.2,7.8,6.9,6.6,7,3,0,2,11.6,2.1,5,56,5,5,5,4,5,4,5,5,,,2,5,4,4,5,1,1,1,1,1,1,1,1,1,1,1,1,2,1,1,,,,4,2,5,3,4,5,5,4,4,4,4,4,4,4,3,4,5,4,4,5,4,4,5,4,5,1,1,0,1,1,1,1,1,1,0,1,0,0.784,1.173,63.8,46.2,0,1,1,0,0,"C"
580,"S07","C028","North","general",19,1.808,0.828,15.9,10,"girl",0.996,3,4,"majority_language",0,0,7.8,,,7.7,8,2,,,6.8,2.4,5,54.6,4,5,4,5,5,,,,,,,,,,,2,1,2,2,1,4,,,,,,,,,,,,,5,5,5,5,5,,,,,,,,,,,4,4,5,3,3,,5,5,5,3,0,1,1,1,1,0,1,1,1,0,0,1,0.7,-0.766,57.9,52.4,1,1,1,1,1,"B"
581,"S07","C028","North","general",19,1.808,0.828,14.6,10,"boy",0.576,4,4,"other_language",0,0,6.8,5.9,6.1,7.4,7.6,20,10,16,7.1,5.5,3,50.2,5,5,4,5,4,4,3,4,4,3,3,4,5,3,,5,5,3,3,4,4,5,3,4,,,,5,5,3,4,2,3,3,4,1,1,3,3,4,3,2,2,4,4,2,,,5,5,3,5,5,3,2,2,3,2,1,1,,1,1,,0,0,0,0,0,0,,,,,1,1,1,0,0,"B"
582,"S08","C029","North","general",27,1.283,1.275,15.6,10,"girl",1.42,5,5,"majority_language",0,0,7.2,7.6,8,7.7,6.3,5,3,2,8.7,2.5,5,51.1,3,5,5,4,4,4,4,5,4,5,4,,5,3,4,3,2,1,2,2,1,1,2,1,,,,1,1,2,2,1,2,,3,3,3,5,4,3,2,3,3,4,5,4,,,4,4,4,3,5,1,2,2,2,4,1,1,1,1,1,1,1,1,1,0,1,1,0.677,0.898,52.4,58.5,1,1,1,0,0,"B"
583,"S08","C029","North","general",27,1.283,1.275,15.5,10,"boy",2.767,5,5,"majority_language",0,0,9.1,8.8,7.4,8.5,8.6,1,1,2,8.3,2.4,4,62.2,5,5,5,5,4,4,5,4,5,3,5,5,5,5,5,1,1,2,1,1,1,2,2,1,2,1,1,2,1,1,1,1,1,5,4,5,4,,4,2,5,5,3,4,5,4,4,4,4,3,5,4,4,3,5,4,5,5,0,1,1,1,0,1,0,1,0,1,0,0,0.905,0.64,53.1,58.6,1,0,0,0,0,"A"
584,"S08","C029","North","general",27,1.283,1.275,16.3,10,"boy",0.199,3,3,"majority_language",0,0,7.8,,,8.4,6.9,3,,,6.5,1.2,4,55.5,4,3,3,5,5,,,,,,,,,,,1,1,1,3,3,2,,,,,,,,,,,,,4,4,4,,5,,,,,,,,,,,3,4,5,4,4,2,4,4,5,5,1,1,1,1,1,1,1,1,1,1,0,1,0.859,0.206,60.3,49.9,1,1,1,1,1,"A"
585,"S08","C029","North","general",27,1.283,1.275,15.7,10,"girl",0.367,3,3,"majority_language",0,0,7.3,7.7,8.9,7.1,8.3,0,1,3,6.7,1.5,2,52.1,4,2,5,3,,5,5,5,4,3,5,5,5,5,4,2,2,1,2,1,1,1,3,1,1,1,2,2,1,1,2,1,2,5,3,5,5,5,5,4,5,4,3,5,5,5,5,5,4,3,3,3,3,5,5,5,4,5,1,1,1,1,1,0,0,0,1,0,0,1,,,,,1,0,0,0,0,"A"
586,"S08","C029","North","general",27,1.283,1.275,15.2,10,"boy",0.359,5,2,"other_language",0,1,8.2,8.2,8.1,6.4,7.8,8,1,0,7.8,2.5,4,50.1,5,5,4,5,5,3,4,2,,5,,5,4,5,4,2,1,2,2,1,3,2,2,2,,,,3,3,3,1,2,3,5,4,5,4,3,5,5,4,5,4,5,5,5,,,,4,5,4,3,5,5,5,5,3,1,1,1,0,0,0,0,0,0,,1,0,0.81,0.934,51.5,61.4,1,1,1,0,0,"B"
587,"S08","C029","North","general",27,1.283,1.275,16.1,10,"boy",0.726,5,5,"majority_language",0,0,7.3,7,8,7,7.5,0,1,5,6.5,1.8,4,42.6,5,5,5,5,4,5,5,3,4,5,5,5,5,5,5,1,2,2,,1,2,2,1,1,,,,1,2,1,2,,2,4,4,5,5,5,5,5,4,5,4,,4,4,,,3,3,4,3,5,4,5,4,3,4,1,1,0,1,1,1,1,0,1,1,0,1,0.831,0.542,54.7,77.4,1,1,1,0,0,"B"
588,"S08","C029","North","general",27,1.283,1.275,15.2,10,"girl",0.862,5,4,"other_language",0,0,7.2,,,7.6,6.6,1,,,6.9,1.5,3,53.3,4,2,4,4,,,,,,,,,,,,2,2,2,2,3,1,,,,,,,,,,,,,5,3,4,4,3,,,,,,,,,,,4,5,5,5,4,4,4,4,4,5,0,1,0,0,0,0,0,1,1,0,0,0,0.716,0.167,50.6,57,1,1,1,1,1,"A"
589,"S08","C029","North","general",27,1.283,1.275,16,10,"girl",0.667,3,3,"majority_language",0,0,6.9,6.2,6.9,7.1,8.3,8,1,4,6.5,2.7,5,43.7,3,3,4,4,4,2,4,3,,,2,3,3,1,5,1,2,,2,1,2,,1,1,2,2,3,2,1,2,,,,4,2,4,4,5,4,5,4,4,5,5,4,4,5,5,5,4,5,3,3,3,,3,4,3,0,1,1,0,1,0,0,0,1,0,0,0,0.811,-0.605,50.6,57.7,1,1,1,0,0,"C"
590,"S08","C029","North","general",27,1.283,1.275,15.8,10,"girl",0.504,3,4,"majority_language",0,0,7.7,7.4,7.2,7.1,6.4,6,1,6,8.2,3.5,3,52.3,4,4,4,5,5,5,4,4,,,5,3,2,3,2,2,3,2,4,1,3,,2,1,2,2,4,3,2,2,,,,5,4,4,5,3,3,4,5,4,3,4,4,4,3,3,4,4,2,4,2,3,4,4,4,3,1,1,1,1,1,,0,0,0,0,0,,0.812,-0.61,48.7,54.7,1,1,1,0,0,"C"
591,"S08","C029","North","general",27,1.283,1.275,15.6,10,"girl",0.479,3,5,"majority_language",0,0,7.6,8,7.6,6.6,6.5,4,3,4,6.6,1,2,51.4,5,5,5,5,5,5,5,5,5,4,3,4,4,4,4,,3,2,1,1,1,2,2,1,2,2,2,1,3,1,2,2,3,5,5,5,3,4,5,5,5,,5,4,5,4,5,4,4,2,3,5,4,4,5,5,4,3,1,1,1,0,0,0,1,1,1,0,1,1,0.532,-0.894,53,51.9,1,1,0,0,0,"A"
592,"S08","C029","North","general",27,1.283,1.275,15.7,10,"boy",2.092,4,5,"majority_language",0,0,9.2,8.4,7.9,8.6,7.8,1,6,1,8.2,1.2,3,71,5,5,5,5,4,3,4,4,,,4,5,5,4,5,2,3,2,3,2,2,2,2,2,1,2,2,1,2,1,,,,5,4,5,4,4,5,4,1,4,2,4,4,,4,4,5,4,5,2,3,4,4,3,4,3,1,0,1,1,1,,1,1,1,1,1,1,0.921,1.617,66.3,69.4,1,1,1,0,0,"C"
593,"S08","C029","North","general",27,1.283,1.275,15.7,10,"girl",1.302,5,5,"other_language",0,0,8.1,7.9,8.7,7.8,6.8,1,0,3,9.1,3.1,5,59.1,5,5,5,5,5,5,5,3,,,4,4,5,5,,1,1,2,1,1,1,2,1,2,1,3,,1,2,3,,,,4,5,3,3,5,2,4,3,3,3,3,4,3,2,4,5,5,4,5,5,5,5,5,4,5,1,1,1,1,0,1,1,1,1,0,1,0,0.808,0.759,60.5,57,0,1,1,0,0,"C"
594,"S08","C029","North","general",27,1.283,1.275,16,10,"boy",1.1,5,2,"other_language",0,0,8.6,8.6,8.3,8.1,7.8,1,5,4,7.9,2,5,59.8,5,5,5,5,5,5,5,5,5,5,5,5,5,5,4,1,1,1,1,1,1,1,2,1,,,,2,1,3,2,2,1,4,4,3,3,4,3,5,3,4,4,5,5,4,,,4,5,5,5,5,5,4,4,5,4,1,1,1,1,1,1,0,1,0,1,0,1,,,,,1,1,1,0,0,"B"
595,"S08","C029","North","general",27,1.283,1.275,16,10,"girl",1.291,5,5,"majority_language",0,0,8.9,8.9,8.3,7.7,7.5,1,0,2,11,3.9,3,60.6,5,5,5,5,5,4,4,5,5,5,5,5,5,3,4,1,1,1,1,1,1,1,1,1,1,2,1,1,1,1,2,1,1,5,5,4,4,4,5,3,3,5,4,4,5,3,5,4,5,3,3,4,4,4,4,5,,4,1,1,1,1,1,1,1,1,1,1,1,1,0.975,1.803,73.3,60.7,1,0,0,0,0,"A"
596,"S08","C029","North","general",27,1.283,1.275,15.8,10,"boy",-0.227,3,1,"majority_language",0,0,7,7.3,7.5,5.2,7,1,0,7,2.8,6.5,2,47.2,4,3,4,4,3,4,5,4,5,5,5,4,5,5,3,1,1,2,1,2,2,2,2,2,,,,2,1,2,4,3,1,5,5,5,5,5,,5,5,3,4,5,5,5,,,4,3,3,5,3,4,2,4,3,4,1,1,1,1,0,,0,0,0,0,0,0,,,,,1,1,1,0,0,"B"
597,"S08","C029","North","general",27,1.283,1.275,15.3,10,"boy",2.015,5,3,"majority_language",0,0,8.1,7.6,7.3,6.8,9,2,0,0,7.2,1.1,3,57.1,5,4,4,5,4,4,4,5,5,5,4,4,4,3,5,1,,2,1,1,1,1,1,2,2,1,1,1,1,2,1,1,3,4,5,5,5,5,5,5,5,3,5,4,5,4,5,5,4,4,4,4,4,2,3,5,5,3,1,1,1,1,1,1,1,1,0,0,0,0,0.86,0.559,51.9,56,1,0,0,0,0,"A"
598,"S08","C029","North","general",27,1.283,1.275,15.7,10,"boy",0.751,3,3,"majority_language",0,0,8.2,7.7,,7.5,8.9,4,2,,5.8,1.6,5,60.3,5,5,5,5,5,5,5,4,4,4,,,,,,1,1,1,1,1,1,1,1,1,,,,,,,,,,5,5,5,4,3,5,5,5,5,5,,,,,,3,4,2,4,4,5,5,5,5,4,1,0,1,1,1,1,1,1,1,1,1,1,0.738,-0.061,46.5,56.8,0,1,1,0,1,"B"
599,"S08","C029","North","general",27,1.283,1.275,15.5,10,"girl",0.943,2,4,"majority_language",1,0,7.9,7.3,7.3,7.7,6.2,0,1,5,7.5,0.8,5,56.9,5,4,3,5,4,5,4,5,5,3,3,5,5,4,4,2,1,2,2,1,2,1,1,,,,,4,3,2,4,1,1,2,1,2,4,4,4,3,3,2,5,4,4,5,,,3,3,5,4,5,5,3,4,2,2,1,1,0,1,1,1,1,1,0,1,0,1,0.942,0.557,57,65.7,0,1,1,0,0,"B"
600,"S08","C029","North","general",27,1.283,1.275,15,10,"girl",1.429,4,5,"majority_language",0,0,7.2,7.7,7.4,7,7.4,2,12,0,5.2,2.3,5,54.2,2,5,4,5,3,3,2,3,3,2,5,4,4,4,5,1,1,2,1,1,1,2,2,3,3,1,4,2,3,3,4,2,3,4,4,4,4,5,3,3,2,3,4,4,2,4,4,4,5,5,5,4,5,4,5,4,4,3,1,1,1,1,,1,1,,0,0,0,0,0.841,1.693,54.7,56,1,0,0,0,0,"A"
601,"S08","C029","North","general",27,1.283,1.275,15.4,10,"boy",0.338,5,5,"majority_language",0,0,8.5,7.8,8.5,7.6,7.9,7,8,2,5.7,3.2,3,51.3,4,4,5,5,4,3,2,3,5,3,3,3,,2,2,2,1,2,1,2,1,2,3,1,,,,1,1,1,2,4,1,4,5,5,5,5,3,2,4,4,4,4,3,4,,,4,3,3,3,5,5,3,4,5,5,1,1,1,,1,1,1,1,0,1,0,0,0.622,-0.011,39.6,46.9,1,1,1,0,0,"B"
602,"S08","C029","North","general",27,1.283,1.275,15.1,10,"boy",1.565,5,5,"majority_language",0,0,7.6,8.6,8.8,6.7,8.2,4,2,1,10.6,1.8,3,48.6,4,,3,2,5,3,4,5,,,4,,3,4,3,2,2,2,3,2,3,1,1,1,2,1,2,2,3,2,,,,3,4,4,5,4,5,5,5,4,5,5,5,5,5,5,4,3,4,4,4,4,5,5,5,5,1,1,1,1,0,0,0,1,1,1,0,1,0.76,-0.972,48,54.7,1,1,1,0,0,"C"
603,"S08","C029","North","general",27,1.283,1.275,14.9,10,"boy",0.335,3,5,"majority_language",0,0,6.8,8,8.4,7.1,8.4,1,2,2,8.7,1.7,5,52.2,4,4,2,5,3,5,5,5,4,5,3,3,4,5,5,1,1,1,1,1,2,1,1,3,,,,1,1,,,1,1,3,4,4,1,4,5,5,5,3,4,4,5,5,,,5,4,3,4,5,5,5,5,4,5,0,,1,1,1,1,1,1,0,1,0,0,0.72,0.073,40.9,53.6,1,1,1,0,0,"B"
604,"S08","C029","North","general",27,1.283,1.275,15.4,10,"girl",1.187,2,5,"majority_language",0,0,7.7,7.6,7.7,7.1,5.8,4,0,6,3.5,2.7,1,67.4,5,4,5,4,3,5,5,5,,,4,5,5,5,4,2,2,2,2,1,2,3,1,2,3,1,2,3,4,2,,,,3,4,4,3,3,4,4,5,2,4,4,4,3,4,4,2,4,4,5,4,5,4,4,5,3,1,1,1,0,1,1,,1,,1,0,0,0.711,-0.091,56,49.7,1,1,1,0,0,"C"
605,"S08","C029","North","general",27,1.283,1.275,15.9,10,"boy",-0.74,1,3,"majority_language",0,0,8.1,8.7,8,6.9,6.8,3,2,8,13,3.2,5,63.5,5,5,5,4,5,5,5,5,4,3,5,5,5,4,4,2,,1,2,1,3,1,1,1,,,,3,2,2,,2,3,5,4,5,4,4,3,2,4,4,4,5,5,4,,,5,4,2,4,5,4,4,3,4,5,1,1,0,1,0,0,1,0,1,0,0,0,0.736,0.024,56.8,48.6,1,1,1,0,0,"B"
606,"S08","C029","North","general",27,1.283,1.275,15.1,10,"another_or_no_answer",0.153,2,2,"majority_language",0,0,6.5,7,7.2,6.9,8.4,4,1,5,6.2,1.8,4,53.9,3,4,4,,5,2,4,3,3,2,4,4,4,4,5,1,3,3,1,1,,3,3,2,,,,2,2,3,3,1,2,4,5,2,4,3,,5,4,4,4,5,,4,,,3,4,4,4,3,5,5,4,4,3,1,1,0,0,0,1,1,1,0,,0,0,0.872,-0.802,43.9,51.3,1,1,1,0,0,"B"
607,"S08","C029","North","general",27,1.283,1.275,15.3,10,"girl",0.601,4,4,"majority_language",0,0,8.3,7.9,8.6,7.9,6.5,1,2,2,10.6,3.4,2,48.7,4,,4,4,4,3,4,3,5,3,4,4,5,5,4,1,,1,1,1,1,1,1,1,1,1,2,1,2,1,1,1,2,3,4,5,5,5,4,5,4,4,3,5,3,4,3,,4,5,5,5,3,5,4,4,4,5,1,1,1,0,,0,1,1,1,0,0,0,0.757,0.209,48.6,56.5,1,0,1,0,0,"A"
608,"S08","C029","North","general",27,1.283,1.275,15.5,10,"boy",0.137,3,2,"majority_language",0,0,7.8,8.4,7.8,6.7,8.5,1,0,1,4.7,2.2,2,53.4,5,5,5,5,4,4,3,5,4,3,3,3,3,4,2,1,2,1,3,1,1,2,1,1,,,,1,1,1,1,1,1,5,5,5,5,5,5,5,5,5,5,3,5,5,,,4,3,4,4,4,4,5,5,5,,,1,1,1,1,1,0,0,0,0,0,0,0.561,0.175,31.9,38.7,1,1,1,0,0,"B"
609,"S08","C030","North","general",14,1.283,-0.746,17.5,12,"girl",2.293,5,5,"majority_language",0,0,8.3,8.2,8.6,7.1,7.3,1,0,4,8.5,2,4,62.3,4,4,5,4,4,4,5,5,4,3,3,5,3,5,2,1,1,1,1,1,1,2,1,2,3,2,1,1,1,1,1,1,1,4,4,5,5,,3,4,3,2,3,2,5,4,3,4,4,2,5,5,5,2,3,2,1,4,1,1,1,0,1,1,1,0,1,1,1,0,0.851,0.057,51.3,55.4,1,0,0,0,0,"A"
610,"S08","C030","North","general",14,1.283,-0.746,17.3,12,"girl",1.066,5,3,"majority_language",0,0,8,7.5,7.1,7,7.4,2,10,4,7.4,2.3,4,46,5,4,5,5,4,5,5,5,,,5,4,5,5,5,1,3,3,2,1,1,3,3,2,3,1,3,2,4,2,,,,3,3,2,3,4,4,4,4,2,4,5,5,5,3,5,3,3,2,3,3,3,2,1,2,4,1,1,1,1,1,0,1,0,0,0,1,0,0.889,0.501,57.9,55.5,0,1,1,0,0,"C"
611,"S08","C030","North","general",14,1.283,-0.746,17.9,12,"boy",-1.078,5,2,"majority_language",0,0,7,7.3,7.5,8.2,9.2,0,9,1,7,6.5,2,57.5,5,3,5,5,2,4,5,3,4,3,2,2,3,2,3,,2,3,3,2,2,2,2,1,,,,1,3,2,2,2,1,4,5,5,5,4,3,5,,5,5,5,5,4,,,,3,5,5,2,3,3,2,3,3,1,1,,1,1,1,0,1,1,1,1,,0.719,0.853,63.3,77.8,1,1,1,0,0,"B"
612,"S08","C030","North","general",14,1.283,-0.746,17.6,12,"boy",0.582,4,5,"other_language",0,0,6.6,7.1,7.7,8.1,8.6,1,1,1,6.3,2.4,3,49.9,3,2,2,4,4,5,5,3,3,5,3,4,3,4,3,2,1,3,4,1,3,3,2,1,,,,2,2,2,1,1,1,3,2,4,5,4,4,4,4,3,5,4,5,5,,,4,5,5,4,5,4,5,3,4,5,1,,1,1,1,1,1,1,0,1,0,1,0.744,0.701,49.8,53.2,1,1,1,0,0,"B"
613,"S08","C030","North","general",14,1.283,-0.746,17.6,12,"girl",0.495,3,1,"majority_language",0,0,8.3,7.8,7.6,7,6.1,1,1,5,8.7,1.4,5,54.6,5,3,3,3,4,4,3,1,,,4,3,4,2,3,1,2,1,2,2,1,1,1,2,1,1,2,1,1,1,,,,3,1,3,5,,4,4,1,4,4,2,,1,5,4,5,5,4,5,3,2,,3,4,4,1,0,1,1,1,1,1,1,0,1,0,0,0.873,0.573,48.8,52.6,1,1,1,0,0,"C"
614,"S08","C030","North","general",14,1.283,-0.746,17.7,12,"boy",-0.732,2,2,"other_language",1,0,5.7,7.9,7.5,6.3,5.5,3,3,1,4.7,3.3,1,38.1,2,2,3,4,3,2,2,4,4,3,5,3,4,3,4,3,2,1,2,2,3,2,4,1,3,2,2,2,3,3,2,1,3,3,1,3,2,4,3,3,2,,2,4,,5,4,3,3,,,3,2,3,3,2,3,2,1,1,1,0,0,0,0,0,0,0,0,,0.857,0.926,37.3,61.5,1,1,1,0,0,"A"
615,"S08","C030","North","general",14,1.283,-0.746,17.5,12,"boy",0.518,4,3,"majority_language",0,0,6.2,6.2,6.5,6.8,8.5,3,2,3,6.6,5.2,1,41,3,,4,4,2,2,2,3,3,3,3,3,3,3,2,3,3,3,2,5,2,2,3,2,3,3,1,3,,3,3,4,3,4,2,5,5,2,3,4,3,5,4,4,4,3,5,4,5,4,4,1,,5,5,4,3,2,1,1,1,1,0,0,1,1,1,0,0,1,0.791,0.072,52,44.5,1,0,1,0,0,"A"
616,"S08","C030","North","general",14,1.283,-0.746,16.9,12,"boy",2.549,5,5,"majority_language",0,0,9,8.7,8.4,8,8.4,4,0,0,9.3,1.3,5,73.5,5,5,5,5,5,5,3,2,4,5,5,4,3,4,5,1,1,1,1,1,2,1,1,1,,,,1,1,1,2,1,1,5,4,5,5,5,5,4,5,5,5,4,4,4,,,5,4,5,5,5,3,5,3,2,3,1,1,1,1,1,1,1,1,1,1,0,1,0.854,0.779,58.3,64.3,0,1,1,0,0,"B"
617,"S08","C030","North","general",14,1.283,-0.746,17.7,12,"boy",-0.003,4,4,"majority_language",0,0,6.7,6.8,,6,7.1,3,4,,4.1,5,1,42.7,2,2,3,3,2,3,4,2,2,2,,,,,,4,2,3,3,3,3,2,3,2,3,2,2,,,,,,,3,3,3,4,2,4,4,3,,,,,,,,2,2,3,2,2,2,3,1,2,3,1,1,1,1,1,1,1,1,0,0,1,1,0.707,-0.647,54.5,41.9,0,1,1,0,1,"A"
618,"S08","C030","North","general",14,1.283,-0.746,17.8,12,"boy",-0.076,2,1,"majority_language",0,0,7.7,7.4,6.8,8.2,7.1,3,1,10,5,1.4,2,47,5,3,4,4,5,1,3,3,,,1,1,3,2,3,1,1,1,2,2,2,2,2,2,1,3,2,4,1,4,,,,4,3,,2,4,2,3,2,4,4,3,2,3,4,3,5,4,5,5,4,2,2,1,2,2,1,1,1,0,0,1,1,1,1,1,1,1,0.909,0.336,67.3,69.8,1,1,1,0,0,"C"
619,"S08","C030","North","general",14,1.283,-0.746,17.3,12,"boy",0.779,5,3,"majority_language",0,0,8.7,8.2,,6.8,7.1,3,1,,9.1,2.7,2,58.2,3,3,4,5,3,5,5,5,,,,,,,,3,4,1,2,3,3,3,2,2,3,3,,,,,,,,3,4,3,2,2,4,5,4,5,5,,,,,,3,4,5,5,4,5,3,3,5,3,1,1,1,1,1,1,1,1,1,1,0,1,0.838,-0.055,56.3,54.7,0,1,1,0,1,"C"
620,"S08","C030","North","general",14,1.283,-0.746,17.3,12,"girl",-0.316,3,5,"other_language",0,0,6.6,6.4,6.4,6.8,6.5,3,6,3,0,3.3,1,51,3,1,2,1,1,4,5,5,3,2,5,4,,4,2,4,4,,3,,4,3,1,3,,,,4,3,2,3,4,3,4,2,2,2,4,2,3,1,4,4,3,4,3,,,3,3,5,3,3,,2,2,3,4,1,1,1,0,0,1,0,0,0,1,0,0,0.685,0.836,55.1,46.3,1,1,1,0,0,"B"
621,"S08","C030","North","general",14,1.283,-0.746,17.5,12,"girl",-0.098,3,5,"majority_language",0,0,7.6,8.1,,6.8,6.6,0,3,,7.5,2.8,4,49.2,2,5,,4,5,3,3,4,4,4,,,,,,1,2,1,3,1,2,1,3,3,,,,,,,,,,3,2,4,5,3,3,2,3,5,3,,,,,,3,3,4,4,4,4,2,5,2,4,1,1,1,1,1,1,1,0,1,1,1,0,0.964,0.748,61,57.3,1,1,1,0,1,"B"
622,"S08","C030","North","general",14,1.283,-0.746,17.6,12,"boy",0.673,4,5,"majority_language",0,0,7.3,7.7,8.1,5.4,6.6,1,1,2,6.4,3.3,4,53.8,4,4,3,5,3,4,5,5,3,4,5,5,5,5,4,2,2,1,3,1,2,1,2,1,,,,1,1,,1,1,1,4,3,3,4,5,4,3,1,3,3,4,3,4,,,5,4,5,3,3,2,2,2,5,2,1,1,1,0,1,0,0,1,0,0,1,0,0.608,-0.188,42.6,62.6,0,1,1,0,0,"B"
623,"S08","C031","North","general",19,1.283,1.298,16.1,11,"boy",1.095,2,5,"majority_language",0,0,7.5,7.7,7.3,7.6,8.4,3,2,2,6.3,1.3,5,50.7,5,4,4,5,4,4,2,3,,,4,4,5,5,5,1,1,1,2,2,,1,1,1,2,1,2,1,1,1,,,,4,4,5,2,5,5,5,5,4,5,5,5,5,5,5,5,4,4,5,4,5,5,4,4,5,1,0,1,1,0,0,1,0,1,1,0,1,0.706,1.873,48.1,54,1,1,1,0,0,"C"
624,"S08","C031","North","general",19,1.283,1.298,16.6,11,"boy",0.777,2,4,"majority_language",1,0,7.4,7.5,7.8,7.1,7.9,1,0,4,9.8,1.1,3,62.7,5,4,5,5,,3,3,4,,,4,4,4,3,3,2,1,2,2,,3,2,2,2,1,2,3,4,3,2,,,,4,4,5,5,5,5,4,4,5,4,4,4,4,5,5,4,3,4,4,3,5,5,3,4,5,1,1,1,1,0,1,1,0,0,0,1,0,0.897,0.368,40.9,43.2,1,1,1,0,0,"C"
625,"S08","C031","North","general",19,1.283,1.298,16.7,11,"girl",2.88,5,5,"majority_language",0,0,8.8,8.1,7.8,8.9,8.5,0,1,2,10.9,1.5,3,49.9,5,5,5,5,5,5,4,4,5,5,5,5,,5,5,1,,1,2,1,4,3,1,1,,,,2,2,2,2,1,4,5,5,5,5,5,5,4,4,5,5,5,3,5,,,5,3,4,5,4,4,4,4,4,5,1,1,1,1,1,1,1,1,1,1,0,1,0.948,1.256,70,73.8,1,1,1,0,0,"B"
626,"S08","C031","North","general",19,1.283,1.298,16.4,11,"boy",0.896,4,5,"majority_language",0,0,7.6,8.4,8.5,7.5,6.2,0,2,0,6.2,0.7,4,54.8,4,4,5,4,4,5,4,4,5,4,5,4,4,4,5,1,1,1,1,1,2,1,1,1,2,1,1,1,1,1,1,1,1,5,5,5,5,5,5,5,5,5,5,3,4,5,4,5,5,5,5,4,5,4,5,5,5,5,1,1,1,1,1,1,1,0,1,0,0,0,0.967,2.953,65.7,51.8,0,0,0,0,0,"A"
627,"S08","C031","North","general",19,1.283,1.298,16.9,11,"girl",0.128,3,3,"majority_language",0,0,6.8,5.8,6.7,7.1,7.7,8,3,3,8.9,3.8,3,43.3,3,3,4,4,2,3,5,4,3,4,4,3,2,2,3,3,2,2,2,2,2,3,4,1,3,2,3,2,3,,2,3,1,5,5,5,3,4,1,5,4,5,3,4,4,2,4,5,3,4,4,5,5,5,4,4,5,4,1,1,1,0,1,,1,0,1,0,0,0,0.723,0.647,67.7,47.4,1,0,1,0,0,"A"
628,"S08","C031","North","general",19,1.283,1.298,16.4,11,"boy",-0.31,2,3,"other_language",1,0,6.7,6.9,6.8,6.8,6.5,0,2,2,6.8,1.9,3,38.9,4,2,3,4,4,4,4,5,4,3,5,4,4,4,4,2,3,1,3,2,2,2,3,1,,,,2,4,1,3,2,2,5,4,5,5,,5,5,5,3,4,4,3,4,,,5,5,4,5,3,5,5,5,4,5,1,0,0,1,1,1,1,0,0,0,0,0,0.821,1.378,57.8,51.6,1,1,1,0,0,"B"
629,"S08","C031","North","general",19,1.283,1.298,16.3,11,"girl",0.522,3,4,"other_language",0,0,7.2,7,7.6,7.8,9.3,0,1,0,4.4,1.1,4,42.5,2,2,,4,2,4,4,5,4,5,4,3,3,3,2,1,1,2,1,1,1,2,1,1,1,1,1,1,1,1,3,2,2,4,4,5,3,4,3,4,5,2,5,5,5,2,5,4,4,2,2,4,3,5,5,4,4,4,1,1,1,1,0,1,1,0,1,1,0,0,0.537,-0.653,51.3,42.8,1,0,0,0,0,"A"
630,"S08","C031","North","general",19,1.283,1.298,16.4,11,"girl",0.373,2,5,"majority_language",0,0,8.7,9,7.9,8.4,7.2,2,7,0,11,4.4,5,62.3,5,5,4,5,5,5,,5,5,5,4,5,3,5,3,1,2,1,2,3,2,3,2,2,1,1,3,1,2,1,2,1,3,2,2,3,2,5,2,5,4,3,4,4,5,2,4,4,5,5,5,5,4,5,4,4,4,3,1,1,1,1,0,1,1,0,0,1,1,0,0.81,-0.261,52.4,65.6,0,1,0,0,0,"A"
631,"S08","C031","North","general",19,1.283,1.298,16.7,11,"girl",0.705,3,,"majority_language",0,0,7.9,7.7,6.8,7.3,7.8,5,3,3,6.7,1.5,5,55.3,5,5,4,5,4,5,5,5,,,3,3,5,4,2,1,1,2,2,1,1,2,1,1,1,1,1,2,1,2,,,,4,3,5,5,4,4,4,4,4,5,2,5,5,5,5,5,5,2,5,5,4,5,5,5,5,1,1,1,1,1,1,1,1,1,0,0,0,0.82,0.164,53,56.1,0,1,1,0,0,"C"
632,"S08","C031","North","general",19,1.283,1.298,16.2,11,"boy",-0.54,3,2,"other_language",1,0,8.1,8.2,7.2,5.9,7.4,3,1,3,6.9,1.6,4,62.9,4,5,3,5,3,5,5,5,,,4,5,5,5,5,1,1,1,1,1,4,2,,1,1,2,4,1,2,1,,,,,5,,3,5,3,5,,5,4,3,5,4,4,5,4,,4,5,,4,4,2,5,5,1,1,1,1,1,1,1,1,0,1,1,1,0.867,-0.675,43.5,50.4,1,1,1,0,0,"C"
633,"S08","C031","North","general",19,1.283,1.298,16.4,11,"boy",1.759,5,5,"other_language",0,0,9.3,9.3,8.8,8.9,7.7,4,2,0,11.1,2.2,3,61.2,5,5,5,5,5,5,5,5,5,5,5,5,5,5,5,1,1,1,1,1,1,1,1,1,1,1,1,1,1,1,1,1,1,5,5,5,5,5,5,5,5,5,5,5,5,5,5,5,4,5,5,3,5,5,5,4,5,5,1,1,,1,1,1,1,1,1,0,1,1,0.725,0.195,55.2,43.8,1,0,0,0,0,"A"
634,"S08","C031","North","general",19,1.283,1.298,16,11,"girl",-0.428,4,2,"majority_language",0,0,6.6,5.5,6,7.2,5.9,6,10,3,5.6,2.3,3,44.9,,5,5,2,3,5,4,2,3,4,3,3,3,4,2,3,2,,3,3,3,2,3,1,2,2,2,2,4,2,3,1,1,4,4,2,3,2,4,,4,2,3,2,1,2,2,3,4,3,2,4,4,3,2,3,4,3,1,1,1,1,1,1,1,0,0,1,0,1,0.708,-0.083,38.5,45,1,1,0,0,0,"A"
635,"S08","C031","North","general",19,1.283,1.298,16.4,11,"boy",1.329,4,5,"majority_language",0,0,8.3,7.4,7.7,7.7,7.7,0,4,0,8,2.7,4,60.7,5,5,5,5,5,4,3,4,,,4,5,4,,5,3,3,3,2,2,1,1,2,3,2,1,1,1,1,2,,,,4,5,5,3,5,5,5,5,5,4,4,5,5,2,,3,3,2,5,3,5,5,5,5,5,1,0,1,1,1,1,1,1,1,0,0,0,0.879,0.255,65.2,57.1,0,1,1,0,0,"C"
636,"S08","C031","North","general",19,1.283,1.298,16.4,11,"boy",-0.566,2,2,"majority_language",0,0,6.5,,,7.4,6.8,4,,,6.1,3,2,50.4,4,3,5,4,3,,,,,,,,,,,3,2,2,1,2,3,,,,,,,,,,,,,4,4,4,2,5,,,,,,,,,,,5,3,4,4,3,,5,4,4,4,1,1,1,0,1,1,1,1,1,1,0,0,0.778,0.827,56.1,62.1,1,1,1,1,1,"A"
637,"S08","C031","North","general",19,1.283,1.298,16.4,11,"girl",1.515,3,4,"majority_language",1,0,9.1,9.2,8.7,7.6,7.9,0,0,0,10.7,2.3,4,54.7,5,5,5,5,5,5,5,5,,,5,5,5,5,5,1,1,1,1,1,1,1,1,1,1,1,2,1,1,1,,,,5,5,5,5,5,5,5,4,5,4,4,3,4,5,4,5,4,4,4,4,5,5,5,4,5,1,1,0,1,,1,0,0,1,1,0,0,0.881,0.391,69.2,60.8,1,1,1,0,0,"C"
638,"S08","C031","North","general",19,1.283,1.298,16.3,11,"girl",1.832,5,5,"majority_language",0,0,8,8.7,7.7,6.4,8.3,0,3,1,9.3,0.9,4,51,,5,5,4,5,3,5,4,,5,5,5,5,4,5,1,1,1,1,1,2,3,1,3,3,1,3,1,2,2,1,1,3,5,5,5,5,5,5,4,5,3,4,,5,5,4,2,5,5,5,5,5,3,4,4,4,4,1,1,1,1,1,1,0,1,1,0,0,1,0.911,0.054,72,61,1,1,1,0,0,"A"
639,"S08","C031","North","general",19,1.283,1.298,17,11,"boy",-0.198,3,4,"majority_language",0,0,7.3,7.9,8.1,7.2,7.7,5,1,0,8.7,1.7,5,60.3,,5,4,5,3,3,5,3,,,4,3,5,5,3,1,1,1,2,1,1,,1,1,3,1,2,,2,1,,,,4,4,3,3,5,4,,4,5,5,5,4,5,5,5,,5,4,5,,3,3,4,3,,1,1,1,0,0,1,1,0,0,0,0,0,0.844,-0.767,56.7,36.4,1,1,1,0,0,"C"
640,"S08","C031","North","general",19,1.283,1.298,16.4,11,"girl",1.867,5,5,"majority_language",0,0,9.2,8.9,7.7,7,9.1,1,2,1,10,3.1,5,67.5,5,5,5,5,5,5,5,5,4,5,3,3,3,4,3,1,1,1,1,1,2,1,1,1,1,1,1,1,2,1,1,2,1,4,4,5,5,4,4,5,4,4,4,4,5,5,5,4,5,4,3,5,4,4,4,3,3,4,1,1,1,1,1,1,1,1,1,1,1,1,0.944,1.16,71.7,70.5,0,0,0,0,0,"A"
641,"S08","C031","North","general",19,1.283,1.298,16.2,11,"girl",1.33,,2,"majority_language",0,0,8.2,7.6,7.1,7.5,6.7,2,5,2,12.4,1.5,5,73.3,4,4,5,5,,5,5,5,4,5,4,5,5,4,3,3,2,2,3,1,1,2,1,1,1,1,1,3,2,1,2,2,2,,3,4,,5,3,5,3,4,3,5,5,5,5,3,4,5,4,5,5,5,4,4,4,5,1,1,1,1,1,1,1,1,0,1,1,0,0.89,-0.385,39.7,56,1,0,0,0,0,"A"
642,"S08","C032","North","general",17,1.283,1.267,14.7,9,"boy",1.557,4,5,"majority_language",0,0,7.7,8.3,7.3,6.8,8,1,0,1,9.6,2.8,5,59.6,5,5,5,5,5,4,5,3,5,5,5,2,,5,,2,2,2,1,1,1,1,1,3,,,,1,1,2,1,1,1,5,5,5,5,4,5,5,5,5,4,5,5,5,,,3,4,5,4,4,5,5,5,5,5,0,1,0,1,0,,0,1,1,1,0,0,0.886,-0.192,41.8,53.6,1,1,1,0,0,"B"
643,"S08","C032","North","general",17,1.283,1.267,14.2,9,"girl",1.677,5,5,"majority_language",0,1,9.1,,,9.3,7.9,2,,,10.8,1.4,5,63.6,5,5,5,5,5,,,,,,,,,,,1,1,1,1,2,2,,,,,,,,,,,,,4,5,5,,5,,,,,,,,,,,5,4,5,5,5,5,5,5,3,3,1,1,1,1,1,1,1,1,1,1,1,1,0.939,0.69,63.8,73.6,1,1,1,1,1,"A"
644,"S08","C032","North","general",17,1.283,1.267,14.1,9,"girl",2.612,5,5,"majority_language",0,0,8.6,8.4,8.9,7,7.5,0,0,0,12.2,2.8,5,70,5,5,5,5,5,5,5,5,5,5,5,5,5,4,5,1,1,1,1,1,1,1,1,2,,,,1,1,2,2,2,2,5,5,5,3,4,4,4,5,3,5,3,4,3,,,5,5,5,5,5,5,4,4,2,5,1,1,1,1,1,1,0,1,1,1,0,1,,,,,1,1,1,0,0,"B"
645,"S08","C032","North","general",17,1.283,1.267,14.4,9,"boy",1.639,3,5,"majority_language",0,0,8.7,7.8,8.1,7.7,7.7,0,1,1,8.1,5.2,5,73.1,5,5,5,5,4,5,5,5,,,5,5,5,5,5,2,1,1,2,1,1,3,1,2,2,1,2,3,1,1,,,,5,5,5,4,5,5,5,4,4,4,5,4,5,4,4,5,5,5,,5,4,4,5,4,3,1,1,1,1,1,1,1,1,1,1,0,0,0.9,0.704,49.5,58,1,1,1,0,0,"C"
646,"S08","C032","North","general",17,1.283,1.267,15,9,"girl",0.273,4,3,"majority_language",0,0,8,7.7,7.7,6.7,6.6,7,2,0,4.1,2,2,58.9,5,5,4,5,5,5,5,4,4,4,1,4,4,5,,3,3,1,2,2,2,,1,4,1,1,2,1,1,1,2,2,2,4,3,5,4,5,4,4,5,5,5,4,5,5,3,3,3,4,4,4,4,4,4,5,3,5,1,1,1,1,1,1,1,1,1,0,0,0,0.819,0.668,60.8,52.3,0,1,1,0,0,"A"
647,"S08","C032","North","general",17,1.283,1.267,14.6,9,"boy",0.246,2,5,"other_language",1,0,6.3,6.7,6.9,7.1,5.9,1,3,2,8.5,2.4,3,46.7,4,5,5,4,5,3,4,4,5,,4,5,4,5,5,3,2,2,3,,1,2,2,3,,,,4,3,3,,2,4,5,3,5,5,5,5,,5,5,4,5,5,4,,,4,3,5,4,4,5,3,5,5,4,1,1,1,1,0,1,1,0,1,0,0,1,0.919,1.29,65.5,66.4,1,1,1,0,0,"B"
648,"S08","C032","North","general",17,1.283,1.267,14,9,"boy",0.771,3,5,"majority_language",0,0,7.2,7.5,7.2,6.1,7,0,3,2,6.2,1.4,3,55.8,5,3,5,4,,4,4,3,3,5,5,5,5,5,5,4,3,3,3,,3,3,3,2,,,,4,3,3,3,2,4,3,3,3,2,3,4,5,5,4,,4,5,5,,,4,3,5,3,3,5,5,5,4,3,1,,1,1,1,0,0,0,0,0,0,0,0.695,1.139,48.5,58.3,1,1,1,0,0,"B"
649,"S08","C032","North","general",17,1.283,1.267,14.9,9,"boy",1.239,4,5,"majority_language",0,0,8,7.3,7.1,7.2,7.1,3,2,3,7.5,1.1,3,48.3,,3,5,4,5,,3,,5,5,4,1,3,2,3,3,4,2,2,3,2,3,3,1,,,,2,1,3,1,3,2,3,3,4,3,3,5,,5,4,4,5,5,5,,,5,4,4,4,,3,4,4,4,5,1,1,1,1,,1,1,0,0,0,1,1,0.904,1.811,68.7,44.5,1,1,1,0,0,"B"
650,"S08","C032","North","general",17,1.283,1.267,14.5,9,"boy",1.456,5,5,"majority_language",0,0,8,8.9,8.8,7.1,8.6,1,1,1,8.2,1.3,5,68.7,4,5,5,4,5,,5,4,3,5,4,5,5,5,5,2,2,1,1,1,2,1,1,2,2,1,3,1,1,1,1,1,1,5,5,4,5,5,5,5,5,5,5,4,5,5,4,5,5,5,5,4,4,4,4,4,4,2,1,1,1,1,1,1,1,1,0,1,0,,0.893,2.184,64.5,53,1,1,0,0,0,"A"
651,"S08","C032","North","general",17,1.283,1.267,14.2,9,"boy",-0.856,2,4,"majority_language",0,0,6.6,6.9,7.5,6.9,8.2,2,2,5,6.3,3.3,2,51.4,1,4,3,4,3,3,4,4,4,2,3,2,3,3,3,3,3,,4,3,3,,2,3,,,,3,3,1,3,1,3,4,,5,5,5,5,,4,4,5,4,,2,,,3,4,,,3,3,4,4,4,4,1,0,,1,1,0,0,0,0,0,0,1,0.359,-1.412,54.2,48,1,1,1,0,0,"B"
652,"S08","C032","North","general",17,1.283,1.267,14.9,9,"girl",0.322,4,4,"majority_language",0,0,7.7,7.6,8.2,7,6.9,4,1,0,8.4,2.2,5,57,3,3,3,5,4,4,3,4,,,5,4,5,5,4,2,1,2,1,2,2,1,1,2,2,1,2,2,1,,,,,4,4,5,3,4,4,3,5,4,5,3,3,,3,5,3,4,5,5,4,5,5,4,4,3,1,1,0,1,1,1,0,0,1,1,0,1,0.801,0.839,58.8,58.8,0,1,1,0,0,"C"
653,"S08","C032","North","general",17,1.283,1.267,14.8,9,"girl",0.014,4,2,"majority_language",0,0,8.5,8.2,7.4,6.4,7.5,4,3,4,7,1.8,5,51.6,4,5,4,5,5,5,3,3,,,3,5,4,3,,,1,1,3,2,1,3,1,3,2,1,2,2,3,3,,,,3,3,5,3,3,3,5,5,4,3,,5,4,3,5,4,3,2,2,5,2,4,5,5,5,1,,1,1,1,1,0,1,1,1,1,1,,,,,1,1,1,0,0,"C"
654,"S08","C032","North","general",17,1.283,1.267,15.2,9,"girl",0.698,3,5,"majority_language",0,0,7.6,8,7.5,8.4,7.2,0,2,6,6.8,1.2,5,59.7,5,4,,5,5,3,3,3,4,4,5,3,5,3,4,2,2,1,1,1,1,1,2,1,1,1,,1,1,2,,1,2,3,5,,3,2,3,2,4,3,5,4,4,4,4,4,4,5,5,5,5,4,2,2,4,3,1,,1,1,1,1,0,0,1,1,1,1,0.863,-0.612,46.5,47.2,1,1,1,0,0,"A"
655,"S08","C032","North","general",17,1.283,1.267,14.7,9,"girl",0.843,2,2,"majority_language",0,0,7.9,7.5,7.3,6.2,8.1,0,2,1,7,3.5,5,45.4,4,4,5,5,5,5,5,5,,,3,3,4,3,2,3,3,2,2,2,3,4,3,,,4,5,3,3,2,,,,5,5,5,5,5,5,5,5,5,5,5,5,5,5,5,3,5,5,5,3,5,5,4,5,4,1,1,1,1,0,1,0,1,1,1,0,0,0.808,1.056,57.1,72.8,0,1,1,0,0,"C"
656,"S08","C032","North","general",17,1.283,1.267,14.7,9,"boy",0.452,3,4,"majority_language",0,0,7.7,6.9,7.5,7.6,6.9,4,13,7,8.1,2.4,4,52.9,4,5,,4,4,5,4,5,5,4,3,3,3,3,3,3,3,3,4,3,4,3,1,2,,,,1,2,1,1,1,4,4,,4,4,4,3,4,1,1,3,5,4,5,,,4,5,5,2,4,4,4,3,2,1,1,1,1,1,1,1,1,1,1,1,0,0,0.869,-0.399,55.5,44.7,1,1,1,0,0,"B"
657,"S08","C032","North","general",17,1.283,1.267,14.6,9,"girl",1.414,4,4,"majority_language",0,0,7.7,7.3,6.9,6.7,7.9,0,2,1,7.1,2.3,5,53.8,3,5,5,,4,3,4,5,,,5,,5,5,5,4,3,2,2,2,2,3,4,1,2,3,,2,3,,,,,5,5,3,2,3,,4,4,4,4,5,5,5,5,5,5,,5,5,2,3,4,4,4,4,1,0,1,1,1,1,1,1,0,0,0,0,0.804,0.557,56.5,57.2,1,1,1,0,0,"C"
658,"S08","C032","North","general",17,1.283,1.267,15,9,"boy",0.892,4,5,"majority_language",0,0,8.5,7.2,6.8,7,8.3,2,2,3,6.3,1.4,5,54.8,2,4,3,4,3,5,5,5,4,5,5,5,5,5,5,2,2,1,2,3,3,3,2,1,,,,1,1,1,2,2,1,3,4,4,2,4,2,5,4,3,2,2,2,4,,,3,3,4,4,,2,5,3,3,,1,1,1,1,1,1,1,1,1,1,0,1,0.88,0.382,65.4,80,1,1,1,0,0,"B"
659,"S09","C033","South","general",25,1.043,0.071,15.4,10,"girl",1.085,4,5,"majority_language",0,0,7.4,7,7.9,7,6.9,1,2,5,5.9,3.7,1,45.2,3,3,3,4,5,4,3,4,,,5,5,5,4,5,3,2,2,2,1,2,3,3,,2,3,2,3,3,2,,,,3,4,3,3,3,4,2,3,4,,3,2,1,2,3,3,2,4,4,4,3,3,3,3,3,1,1,1,1,0,1,0,1,0,0,0,0,0.686,0.373,55.5,56.8,0,1,1,0,0,"C"
660,"S09","C033","South","general",25,1.043,0.071,15.5,10,"girl",-0.648,3,1,"majority_language",0,0,6.9,6.8,6.6,6.9,8.3,5,6,1,5,3.4,3,59.2,4,4,3,5,4,4,4,3,3,2,4,4,,2,2,3,2,2,1,,1,2,1,1,,,,3,3,2,3,2,3,2,5,3,4,2,4,4,4,4,4,2,4,3,,,5,5,4,2,3,4,3,2,3,3,1,1,1,0,1,1,0,0,0,0,1,0,0.844,1.296,53.7,45.5,1,1,1,0,0,"B"
661,"S09","C033","South","general",25,1.043,0.071,15.7,10,"boy",-0.054,1,2,"majority_language",0,0,6.9,,,6.2,7.5,15,,,7.4,4.1,3,43,3,2,4,4,3,,,,,,,,,,,2,1,2,1,2,3,,,,,,,,,,,,,2,3,3,2,3,,,,,,,,,,,3,5,4,4,5,3,4,1,1,3,1,1,1,0,0,1,0,1,1,0,,0,,,,,1,1,1,1,1,"B"
662,"S09","C033","South","general",25,1.043,0.071,15.1,10,"another_or_no_answer",0.312,3,5,"majority_language",1,0,8.1,8.6,8.7,6.9,5.8,1,1,1,3.5,1.7,5,52.1,4,3,4,5,2,5,4,4,,,4,4,5,5,5,1,1,1,1,1,1,1,1,1,1,1,1,2,1,1,,,,5,5,5,,4,3,5,3,4,3,,5,4,5,5,4,3,3,3,4,4,4,5,4,5,1,1,1,1,0,1,0,0,0,0,1,0,0.765,-0.849,37.6,62.8,1,1,1,0,0,"C"
663,"S09","C033","South","general",25,1.043,0.071,15.1,10,"another_or_no_answer",-0.438,5,3,"majority_language",0,0,6.8,8.1,7.3,6.2,7.2,5,1,4,6.2,4.5,3,48.3,4,,5,4,3,4,4,3,4,3,3,4,,,3,1,2,2,5,2,3,2,1,2,1,1,4,3,2,,3,2,2,3,3,2,3,2,3,2,2,2,5,4,5,1,3,3,4,5,4,5,4,4,1,3,,4,1,1,1,1,1,0,0,0,1,0,0,0,0.511,-1.742,44,44.9,1,0,1,0,0,"A"
664,"S09","C033","South","general",25,1.043,0.071,15.2,10,"boy",0.993,5,,"majority_language",0,0,8,7.6,7.5,7.8,8.6,0,1,7,4.4,3.2,3,50.2,5,4,5,5,4,5,4,3,,,5,5,5,4,5,3,1,2,2,3,1,2,3,2,2,2,1,2,2,3,,,,5,4,5,5,5,2,3,2,3,3,2,4,2,3,3,4,5,4,3,4,3,3,2,2,4,1,1,1,1,1,0,0,1,0,0,0,0,0.837,0.297,63.8,57,0,1,1,0,0,"C"
665,"S09","C033","South","general",25,1.043,0.071,15.5,10,"girl",0.735,5,4,"majority_language",0,0,7.9,,,7.1,7.2,1,,,4.9,2.1,3,47.8,5,5,5,5,5,,,,,,,,,,,1,1,2,1,2,,,,,,,,,,,,,,5,3,5,3,4,,,,,,,,,,,4,5,4,4,4,5,5,3,4,4,1,1,1,0,1,0,1,1,0,,1,0,0.923,1.258,71.3,70.5,1,1,1,1,1,"A"
666,"S09","C033","South","general",25,1.043,0.071,15.4,10,"girl",-0.723,2,1,"majority_language",0,0,8.6,7.6,6.9,6.9,5.9,8,4,2,7.4,10,3,49.9,4,4,4,4,,2,5,3,,,2,4,2,2,2,3,4,5,2,4,3,3,2,3,2,1,2,2,,3,,,,3,4,5,3,,4,4,5,4,,5,5,5,5,5,4,4,5,5,5,3,4,5,4,3,1,1,1,0,0,0,1,1,1,0,0,,0.78,1.373,51.8,61.4,1,1,1,0,0,"C"
667,"S09","C033","South","general",25,1.043,0.071,15.5,10,"girl",1.626,4,5,"majority_language",0,0,6.9,6.9,7.4,6.9,8.1,1,2,5,5.1,1.4,2,57.4,5,4,4,3,5,5,5,4,5,2,4,2,3,3,5,3,3,3,3,3,2,2,3,3,,,,4,1,2,1,2,3,4,1,3,5,4,4,4,3,5,4,3,5,4,,,3,3,2,3,4,4,2,4,4,5,1,0,1,0,,0,0,0,0,0,0,0,0.874,-0.179,66.7,64.7,1,1,1,0,0,"B"
668,"S09","C033","South","general",25,1.043,0.071,15.6,10,"girl",0.284,3,5,"other_language",0,0,7.6,7.8,7.5,8.3,7.6,3,1,3,5.9,4.9,2,52,3,3,1,,4,2,3,4,,,3,3,2,4,3,2,2,1,1,2,2,1,1,2,2,2,3,1,1,2,,,,5,5,4,3,5,5,5,5,3,5,4,5,4,4,5,2,2,4,,4,2,4,5,4,2,1,1,1,1,1,1,1,1,1,1,1,0,,,,,1,1,1,0,0,"C"
669,"S09","C033","South","general",25,1.043,0.071,15.1,10,"girl",-1.196,1,1,"majority_language",0,0,5.6,,,6.2,6.7,22,,,1.8,2,2,29.7,1,,4,,3,,,,,,,,,,,3,3,5,5,5,4,,,,,,,,,,,,,2,3,4,3,,,,,,,,,,,,4,4,4,5,5,4,3,3,3,4,0,,1,1,0,0,0,1,0,0,0,0,0.715,-1.103,47.9,43.7,1,1,1,1,1,"B"
670,"S09","C033","South","general",25,1.043,0.071,15.1,10,"boy",-1.073,1,1,"majority_language",1,1,6.3,6.3,6.3,6.3,6.6,16,2,9,3.3,4,1,50.9,3,5,4,4,4,3,5,3,,,3,4,4,3,4,,4,,3,4,3,4,4,3,,2,4,4,3,3,,,,4,2,2,4,4,,3,2,,4,,2,3,3,3,2,3,2,4,3,,4,3,4,3,1,1,1,1,1,1,0,0,0,,0,0,0.711,-1.435,44.9,46.4,1,1,1,0,0,"C"
671,"S09","C033","South","general",25,1.043,0.071,15.3,10,"girl",-1.204,1,2,"other_language",1,0,7.5,7.2,7.5,7.1,6.6,11,2,0,1.8,3.1,4,30.3,2,3,4,3,,4,4,2,4,3,5,5,5,5,5,2,2,1,3,,3,,1,,,,,2,,3,3,1,2,4,2,2,3,3,1,3,,3,4,2,3,4,,,3,3,5,2,3,4,4,5,3,5,1,1,1,1,1,1,1,0,0,0,0,0,0.935,1.755,64.2,73.5,1,1,1,0,0,"B"
672,"S09","C033","South","general",25,1.043,0.071,15.5,10,"girl",0.305,4,3,"majority_language",0,0,7,7.9,8.7,7.6,7.8,2,1,2,9.1,3.8,2,54.8,4,3,4,4,4,5,4,5,4,4,3,5,5,3,4,2,2,2,1,2,2,1,3,2,2,1,2,1,1,2,1,1,2,4,4,4,3,4,5,5,5,4,3,5,4,5,4,,5,5,4,5,5,4,4,5,4,5,1,1,0,1,1,1,0,1,1,1,1,0,0.804,0.79,59.5,57.3,0,0,1,0,0,"A"
673,"S09","C033","South","general",25,1.043,0.071,15.2,10,"girl",-1.195,2,1,"majority_language",0,0,6.1,5.6,,6.9,6.3,2,3,,4,5.8,2,47.8,2,2,2,2,4,2,1,2,,1,,,,,,2,3,4,4,4,3,2,2,2,3,2,3,,,,,,,4,2,5,3,4,2,5,,3,3,,,,,,5,5,5,,3,5,4,,4,5,1,0,1,0,0,0,0,0,0,1,0,0,0.805,1.464,48.9,57.3,1,1,1,0,1,"A"
674,"S09","C033","South","general",25,1.043,0.071,15.5,10,"girl",1.757,5,5,"majority_language",0,0,9.1,8.3,7.6,8.2,6.3,1,8,3,8.6,1.1,5,71.4,5,3,5,5,5,5,4,5,5,4,4,5,4,5,4,1,1,1,2,1,1,2,2,1,,,,1,2,4,2,1,3,5,5,5,5,4,5,4,5,4,5,5,5,5,,,4,5,3,5,5,3,4,5,4,5,1,1,1,1,1,1,1,1,1,0,1,1,0.795,0.64,59.5,52.8,0,1,1,0,0,"B"
675,"S09","C033","South","general",25,1.043,0.071,15.7,10,"boy",-0.537,3,5,"majority_language",0,0,6.7,7.6,7.8,6.1,6.9,3,3,1,6.8,3.3,2,53.3,4,2,3,2,3,4,,2,3,4,5,3,3,2,3,1,3,2,3,2,2,1,3,1,,,,1,3,2,2,3,3,3,4,4,4,4,4,4,2,2,,3,5,4,,,2,,3,2,2,3,3,4,4,2,1,1,1,0,1,0,0,1,0,0,,0,0.889,-0.225,42.6,65.4,1,1,1,0,0,"B"
676,"S09","C033","South","general",25,1.043,0.071,15.6,10,"girl",-0.243,5,3,"other_language",0,0,6.9,6.8,,7.2,6.9,17,2,,5,2.6,5,56.4,4,3,2,2,5,4,2,2,1,1,,,,,,2,1,2,1,3,3,2,2,4,2,,2,,,,,,,5,4,2,2,1,3,5,4,4,4,,,,,,4,5,4,4,5,3,4,4,4,3,1,1,1,1,1,1,0,1,0,0,1,1,0.639,-0.609,48.9,43.6,0,1,1,0,1,"A"
677,"S09","C033","South","general",25,1.043,0.071,15.7,10,"boy",1.663,5,4,"majority_language",0,0,9.3,8.6,9,9.1,8.2,2,0,0,8.9,1.7,3,58.8,5,5,4,5,5,5,5,4,,,4,3,4,4,4,3,3,1,4,1,2,2,2,2,3,1,2,3,2,2,,,,3,4,4,4,4,4,4,4,3,4,,4,5,4,3,5,5,5,5,4,3,2,,4,1,1,1,1,,1,1,1,1,1,1,1,0,0.954,0.971,61.4,56.1,1,1,1,0,0,"C"
678,"S09","C033","South","general",25,1.043,0.071,15.7,10,"girl",0.041,2,4,"majority_language",0,0,7.6,7.1,7.5,8.1,6.9,0,0,3,6.5,0.9,3,52.6,4,5,4,5,5,5,5,5,,,3,4,5,5,4,1,2,2,1,1,2,1,3,2,3,2,3,1,1,2,,,,5,4,4,3,,5,5,4,,5,5,5,5,5,3,4,5,5,5,5,4,2,4,2,4,1,1,1,0,1,1,1,0,0,0,0,0,0.927,0.128,60.2,58.2,1,1,1,0,0,"C"
679,"S09","C033","South","general",25,1.043,0.071,15.6,10,"girl",-1.136,2,2,"majority_language",0,1,7.1,,,6.7,7,5,,,3.4,5.7,2,46.3,3,4,4,,4,,,,,,,,,,,3,5,5,3,4,4,,,,,,,,,,,,,2,2,4,4,2,,,,,,,,,,,3,2,3,4,4,5,3,3,3,4,,0,0,0,0,0,1,0,0,0,0,1,0.884,0.046,46.2,67,1,1,1,1,1,"C"
680,"S09","C033","South","general",25,1.043,0.071,15.3,10,"girl",0.796,2,4,"majority_language",0,0,7.7,,,7.2,7.3,2,,,9,1,5,51.7,5,4,,5,2,,,,,,,,,,,3,3,3,3,1,3,,,,,,,,,,,,,4,,2,2,4,,,,,,,,,,,5,4,3,5,5,5,4,5,5,5,1,1,0,0,0,1,1,1,0,0,0,1,0.842,1.599,55.2,50.5,1,1,1,1,1,"C"
681,"S09","C033","South","general",25,1.043,0.071,15.6,10,"boy",0.127,4,5,"majority_language",0,0,7.5,6.3,7.6,6.2,7,0,4,0,5.2,2.3,3,44.2,3,4,2,4,5,5,2,4,4,3,5,2,4,5,4,1,1,1,2,2,2,,1,1,,,,1,,2,,2,3,5,5,5,,4,4,4,4,4,4,3,3,3,,,2,4,1,2,,5,2,4,2,4,1,1,1,1,0,0,0,0,0,0,0,0,0.534,-0.817,56.1,47.7,1,1,1,0,0,"B"
682,"S09","C033","South","general",25,1.043,0.071,15,10,"boy",0.659,3,4,"majority_language",0,0,7.7,7.6,8.4,7.2,6.3,1,1,5,7.2,2,4,56.6,5,3,5,5,5,5,5,4,4,5,4,4,4,5,5,1,1,1,3,1,1,2,2,2,,,,3,2,1,3,1,1,2,3,4,4,3,4,4,5,3,2,4,3,2,,,4,3,4,5,3,3,3,4,4,4,1,0,0,1,1,1,0,1,1,0,0,1,0.829,0.804,53.9,40.3,0,1,1,0,0,"B"
683,"S09","C033","South","general",25,1.043,0.071,15.4,10,"another_or_no_answer",0.236,2,3,"majority_language",0,0,7.8,7.3,9.2,8.4,7.9,1,6,1,8.2,1.5,1,39.3,5,3,4,4,5,4,5,4,4,3,5,5,3,3,5,2,3,2,3,1,2,3,2,2,,,,3,3,2,2,1,3,3,5,3,5,3,,3,5,5,3,,2,4,,,4,3,3,4,4,3,3,4,3,4,1,1,1,1,1,0,1,0,1,0,0,0,0.953,0.985,68.9,77.1,0,1,1,0,0,"B"
684,"S09","C034","South","general",15,1.043,0.249,14.5,9,"boy",-0.929,1,3,"majority_language",0,0,6.5,7.1,6.8,7.5,5.9,3,7,4,7.3,2,2,45,4,2,3,1,4,3,3,4,4,4,3,3,2,2,4,1,3,1,1,2,3,3,4,2,,,,2,2,1,3,,2,5,5,4,5,5,4,4,5,5,4,4,4,2,,,3,3,1,4,1,3,4,4,2,,0,0,1,1,1,0,,1,0,0,0,0,0.898,0.667,51.2,58.1,1,1,1,0,0,"B"
685,"S09","C034","South","general",15,1.043,0.249,14.5,9,"girl",-1.208,2,1,"majority_language",0,0,7.2,7.5,,7.8,7,0,2,,3.6,1.8,2,60.5,2,2,4,3,4,4,3,4,,,,,,,,2,2,1,1,2,2,3,2,3,1,1,2,,,,,,,4,4,4,4,2,3,4,2,,4,,,,,,5,4,3,3,4,5,5,5,4,5,1,1,1,1,1,1,,0,0,0,,0,,,,,1,1,1,0,1,"C"
686,"S09","C034","South","general",15,1.043,0.249,14.7,9,"boy",0.611,4,5,"majority_language",0,0,8.8,8.8,10,6.4,7.2,0,2,1,6.9,1.9,5,60.3,5,5,5,5,4,4,4,4,,,4,5,4,5,4,1,1,1,1,2,1,1,1,1,1,1,1,,1,2,,,,4,3,2,3,2,4,2,3,4,2,3,4,3,2,3,5,5,3,4,,4,4,5,4,3,1,1,1,1,1,1,1,1,1,0,1,1,0.965,1.043,66.1,70.8,1,1,1,0,0,"C"
687,"S09","C034","South","general",15,1.043,0.249,14.5,9,"girl",-0.397,3,4,"majority_language",1,0,7.8,7,,7.1,7.4,4,5,,6.7,2.5,3,56.1,5,3,3,4,2,5,2,4,4,4,,,,,,4,2,3,1,5,4,3,,3,3,5,4,,,,,,,1,3,1,2,1,4,2,2,5,2,,,,,,,2,4,2,4,2,2,2,4,4,1,1,0,0,1,1,0,1,1,1,0,1,0.894,0.527,55,79,1,1,1,0,1,"A"
688,"S09","C034","South","general",15,1.043,0.249,14.2,9,"boy",-1.033,3,2,"majority_language",0,0,7.6,7.2,6.7,8,8,2,6,11,6.5,3.4,2,48.5,,3,3,4,3,4,4,3,5,3,4,4,3,2,4,1,3,1,2,1,1,1,2,1,,,,2,3,3,3,3,1,4,2,3,3,5,3,1,1,4,2,2,2,1,,,3,3,3,,5,2,2,2,3,4,1,1,1,1,1,0,0,1,1,0,1,1,0.751,-1.403,54.9,50.6,1,1,1,0,0,"B"
689,"S09","C034","South","general",15,1.043,0.249,14.7,9,"girl",0.464,2,4,"majority_language",0,0,6.5,7.5,,6.9,7.1,8,6,,5,1.4,2,40.5,,4,,,2,3,3,3,3,4,,,,,,2,2,3,2,3,4,2,4,4,,,,,,,,,,4,3,5,,3,2,4,2,5,1,,,,,,3,3,4,4,2,4,5,4,3,4,0,0,0,0,0,0,0,1,0,0,0,0,0.896,-0.755,35.7,44.2,1,1,1,0,1,"B"
690,"S09","C034","South","general",15,1.043,0.249,15.1,9,"girl",0.558,5,3,"majority_language",0,0,8,7.7,8.2,6.6,7.5,0,9,3,5.6,2.1,2,43.3,5,2,2,2,5,5,4,5,5,3,,5,5,5,4,2,1,4,2,,1,1,1,1,2,1,2,1,2,1,1,1,3,4,3,5,5,5,5,4,2,3,3,4,3,3,1,4,5,3,5,5,5,4,5,5,4,5,1,1,1,1,1,1,0,0,1,0,0,0,0.816,0.205,51.2,74,1,0,1,0,0,"A"
691,"S09","C034","South","general",15,1.043,0.249,14.1,9,"girl",0.041,5,2,"other_language",0,0,7,6.3,6.7,7.8,6.8,5,3,8,3.6,1.7,3,51.8,3,4,2,2,3,3,5,3,3,4,2,4,3,3,2,2,,2,1,,2,3,2,1,1,3,2,2,2,4,1,3,2,5,4,5,4,3,2,2,4,5,5,4,4,5,3,2,3,4,2,4,2,4,,4,4,5,1,1,0,1,0,0,0,0,0,1,1,0,0.878,-0.687,69.4,70.3,1,0,0,0,0,"A"
692,"S09","C034","South","general",15,1.043,0.249,14,9,"girl",-0.323,4,2,"majority_language",0,0,7.2,7.1,6.7,7.5,5.6,6,5,0,5,1.6,1,57.4,3,2,3,4,4,5,2,4,2,5,3,5,5,5,5,,1,2,1,1,1,2,1,2,,,,1,2,1,2,2,1,5,5,5,3,5,3,5,3,3,4,2,3,4,,,,5,5,5,5,5,1,1,5,3,,0,0,0,,0,0,0,0,0,0,0,0.528,0.13,38.6,54.3,1,1,1,0,0,"B"
693,"S09","C034","South","general",15,1.043,0.249,14.8,9,"girl",0.721,5,5,"other_language",0,0,6.3,7.2,7.4,5.5,7.4,5,2,1,4.2,3.5,2,44.3,3,5,4,5,5,3,2,3,2,4,3,4,4,4,5,2,3,3,3,3,1,1,3,1,,,,1,1,1,2,1,1,3,3,,3,2,3,5,3,4,5,3,5,3,,,3,3,2,2,4,2,3,2,2,,1,0,1,1,0,0,0,0,0,0,0,1,0.686,-0.513,46.8,46.2,1,1,1,0,0,"B"
694,"S09","C034","South","general",15,1.043,0.249,15.1,9,"girl",-0.085,3,5,"majority_language",0,0,7.2,6.8,6.9,8.2,5.3,8,4,3,4.9,3.3,4,53.3,3,4,4,4,4,4,3,2,5,3,5,3,3,3,3,3,5,4,3,3,3,2,4,5,,,,,3,4,2,4,1,2,4,2,3,2,3,3,2,2,2,4,4,4,,,3,4,2,3,3,3,2,2,4,3,1,1,1,,1,1,1,0,0,1,0,0,0.794,-0.711,36.5,43.5,1,1,1,0,0,"B"
695,"S09","C034","South","general",15,1.043,0.249,14.2,9,"girl",0.623,3,3,"majority_language",0,0,6.8,,,7.2,6.5,3,,,1.9,1.5,1,45.3,3,2,1,3,2,,,,,,,,,,,3,3,2,3,5,2,,,,,,,,,,,,,3,3,,5,3,,,,,,,,,,,2,4,2,3,2,4,4,5,4,,0,1,1,1,1,1,0,0,1,1,0,0,0.578,-0.575,50.9,40.9,1,1,1,1,1,"A"
696,"S09","C034","South","general",15,1.043,0.249,14.1,9,"girl",0.715,5,5,"majority_language",0,0,6.9,6.6,7.5,6.7,7.6,1,2,3,6.7,1.2,3,54.1,4,5,5,5,3,5,5,4,5,5,4,4,4,5,3,1,3,2,2,3,1,1,2,2,,,,2,3,2,1,3,2,3,4,5,4,2,5,4,4,3,,3,4,3,,,5,3,4,5,3,4,4,3,2,2,1,1,1,1,1,0,1,1,0,,1,,0.589,0.126,52.1,46.6,1,1,1,0,0,"B"
697,"S09","C034","South","general",15,1.043,0.249,13.7,9,"another_or_no_answer",0.112,4,2,"majority_language",0,0,7.2,8.6,8.5,7.1,6.3,7,1,1,4.3,1.9,2,57.3,3,4,3,4,4,,4,5,4,5,5,5,5,,5,2,1,4,3,2,2,2,2,3,,,,3,1,3,1,3,2,3,5,4,4,2,5,5,3,2,4,3,3,2,,,4,5,5,4,4,4,5,4,5,5,1,0,1,1,0,0,0,0,0,0,0,1,0.829,-1.254,67.1,29.9,0,1,1,0,0,"B"
698,"S09","C034","South","general",15,1.043,0.249,14.1,9,"girl",0.864,5,5,"majority_language",0,0,7.4,8.2,8.1,6.6,7.1,4,9,4,8.3,1.5,4,55.9,4,5,4,3,3,3,5,5,5,4,3,4,4,4,1,1,2,2,1,1,1,2,3,,,,,2,1,2,3,3,1,4,4,4,4,,4,2,4,2,5,2,3,3,,,5,5,5,4,5,4,5,5,5,3,1,1,1,1,1,1,1,0,0,0,0,0,0.728,0.101,51.8,53.5,1,1,1,0,0,"B"
699,"S09","C035","South","general",21,1.043,0.552,15.3,10,"girl",-1.242,2,2,"majority_language",0,0,5.7,,,6,6.4,12,,,4.6,3.9,1,37.8,3,,1,1,3,,,,,,,,,,,3,3,4,3,4,4,,,,,,,,,,,,,4,4,2,4,,,,,,,,,,,,4,4,2,4,,4,3,3,3,2,1,0,0,,0,0,0,0,0,0,0,0,0.459,-1.747,33.9,34.8,1,1,1,1,1,"C"
700,"S09","C035","South","general",21,1.043,0.552,15.3,10,"girl",-0.674,2,2,"majority_language",0,0,6.2,7.1,7.1,7.3,6.1,0,3,2,1.6,4.2,2,41.7,2,4,4,3,3,3,4,2,3,3,2,3,4,3,,1,1,2,3,5,3,1,2,2,,,,,1,2,2,2,1,3,2,5,4,4,1,5,5,2,1,3,4,5,,,2,3,2,2,2,5,5,5,,5,1,,1,1,1,1,1,0,0,0,0,0,0.636,0.718,58.3,57.7,1,1,1,0,0,"B"
701,"S09","C035","South","general",21,1.043,0.552,15.5,10,"boy",0.294,4,5,"majority_language",0,0,7.3,7.8,,6.5,7.1,0,7,,5.1,2.5,2,53.2,5,5,5,5,4,4,4,4,,5,,,,,,2,2,2,2,1,,1,2,2,,,,,,,,,,3,3,1,3,3,4,2,2,1,2,,,,,,5,2,3,3,3,4,4,3,4,3,1,1,1,0,0,0,0,1,0,0,,0,0.701,0.032,50.2,41.4,1,1,1,0,1,"B"
702,"S09","C035","South","general",21,1.043,0.552,15.4,10,"boy",0.832,3,4,"majority_language",0,0,7.7,7.6,8.9,8.7,7.2,1,2,3,7.2,6.3,4,67.4,3,3,3,3,3,5,2,4,,,4,3,2,4,3,4,3,2,1,1,1,2,2,2,2,2,2,1,2,1,,,,5,5,4,3,4,4,5,5,3,,3,4,3,3,2,5,5,5,4,5,3,3,2,3,3,1,,1,1,1,1,1,1,1,0,1,0,0.721,0.966,48.2,61.6,1,1,1,0,0,"C"
703,"S09","C035","South","general",21,1.043,0.552,15.8,10,"girl",0.676,4,4,"majority_language",0,0,7.8,,,7.5,6.7,4,,,2.6,1.8,4,51.3,,4,5,3,3,,,,,,,,,,,4,1,2,3,2,3,,,,,,,,,,,,,4,2,4,2,5,,,,,,,,,,,5,3,5,1,4,4,4,3,4,3,1,1,1,1,1,1,1,0,1,1,1,0,0.914,0.97,57.7,68.8,1,1,1,1,1,"C"
704,"S09","C035","South","general",21,1.043,0.552,14.9,10,"girl",1.647,5,3,"majority_language",0,0,7.5,7,7.2,7.2,7.4,0,0,2,9.1,1.8,4,64.1,4,3,4,4,5,4,5,4,4,4,5,3,5,4,5,1,1,1,3,1,1,2,1,2,,,,1,3,2,3,4,2,5,3,2,5,5,4,3,4,2,2,4,4,2,,,5,4,5,4,4,4,3,3,3,3,1,0,1,0,1,1,0,0,1,0,0,0,0.902,1.168,49.5,65,0,1,1,0,0,"B"
705,"S09","C035","South","general",21,1.043,0.552,15.5,10,"girl",0.881,5,4,"majority_language",0,0,8.2,8.6,8.2,6.9,7.5,2,3,3,3.9,3.3,5,63.2,5,4,4,3,5,2,4,3,3,2,4,4,4,3,3,1,1,1,3,1,2,2,2,1,,,,3,4,3,2,,5,5,5,4,5,5,4,,5,5,4,5,5,4,,,5,5,3,3,4,3,5,3,,2,1,1,1,1,1,1,1,1,1,0,0,1,0.957,1.921,80,64.6,1,1,1,0,0,"B"
706,"S09","C035","South","general",21,1.043,0.552,15.8,10,"girl",-0.2,3,4,"other_language",0,0,7.5,,,6.6,7.4,0,,,5.1,3.8,3,55.4,5,5,4,3,4,,,,,,,,,,,2,3,1,3,4,3,,,,,,,,,,,,,,5,5,4,5,,,,,,,,,,,5,4,5,5,5,3,3,4,2,5,1,1,1,1,1,1,1,,0,0,0,0,0.756,0.161,48.6,52.3,1,1,1,1,1,"A"
707,"S09","C035","South","general",21,1.043,0.552,15.5,10,"boy",1.058,4,3,"majority_language",0,0,6.9,7,7.4,7,7.5,4,5,12,5,4.9,1,51.8,2,3,3,2,4,4,4,5,3,4,4,4,3,3,5,4,4,3,4,5,4,,4,3,4,3,4,4,4,3,2,5,3,5,4,,4,5,3,4,3,3,2,4,5,4,3,,4,4,4,3,5,3,4,2,2,2,1,1,1,,1,1,1,0,1,0,0,0,0.841,0.255,65.2,62.9,1,1,1,0,0,"A"
708,"S09","C035","South","general",21,1.043,0.552,15.6,10,"boy",0.39,5,4,"majority_language",0,0,7.1,7.6,7.5,7.4,7,0,0,0,4.2,3.1,3,51.1,5,5,3,4,3,5,4,2,3,1,4,4,4,4,,3,3,2,3,2,4,1,2,1,3,3,1,2,3,2,2,1,4,4,3,3,3,4,2,4,3,3,3,,3,4,2,2,4,4,4,4,,5,4,2,3,4,1,1,1,1,1,1,1,0,0,1,0,0,0.621,0.248,52.4,49.5,1,0,1,0,0,"A"
709,"S09","C035","South","general",21,1.043,0.552,15.4,10,"boy",-0.784,3,2,"majority_language",0,0,7.1,7.5,7.6,6.6,5.5,16,2,1,4.3,3.8,2,44.8,4,4,3,,4,3,3,4,3,3,4,5,4,3,3,1,2,2,2,3,2,2,1,2,,,,,2,1,1,1,3,3,5,5,,4,3,3,4,4,2,4,4,5,,,3,2,2,4,4,,3,5,5,2,1,0,0,1,0,1,0,0,0,0,0,,0.784,-0.041,68.2,40.2,1,1,1,0,0,"B"
710,"S09","C035","South","general",21,1.043,0.552,16.2,10,"girl",0.687,4,4,"majority_language",0,0,9.1,7.8,8.7,7.7,9,3,0,1,8.3,1.7,4,61.5,5,4,5,5,5,5,2,5,,,4,4,4,5,4,1,1,1,1,1,1,1,1,1,1,1,1,1,1,3,,,,5,5,5,5,5,3,5,4,3,3,2,4,4,4,3,4,5,5,5,5,5,4,3,3,4,1,1,1,0,1,1,1,1,1,1,1,0,0.885,0.865,62.4,56.2,0,1,1,0,0,"C"
711,"S09","C035","South","general",21,1.043,0.552,14.7,10,"boy",0.915,3,5,"majority_language",0,0,6.5,6.4,7.5,6.5,7,14,12,0,4.5,4.6,1,54.7,3,2,3,4,5,4,5,4,,,4,5,4,4,5,4,2,3,1,2,1,2,2,2,3,1,,3,1,1,,,,4,3,4,5,3,5,3,3,3,2,,4,4,4,3,4,5,4,4,4,3,5,5,4,5,0,0,0,0,0,1,0,1,0,0,0,0,,,,,1,1,1,0,0,"C"
712,"S09","C035","South","general",21,1.043,0.552,15.1,10,"boy",0.206,5,3,"majority_language",0,0,7.8,8.1,7,6.3,7.2,0,1,0,4.4,2.1,4,58.4,5,5,4,5,5,5,4,3,4,4,5,5,4,4,5,1,2,1,1,1,1,1,2,4,,1,1,2,2,1,1,1,2,,5,5,4,5,5,4,5,4,4,5,4,3,5,2,3,3,3,3,2,5,5,4,4,5,1,1,1,0,0,0,0,1,0,0,0,0,0.938,-0.084,65.9,70,1,1,0,0,0,"A"
713,"S09","C035","South","general",21,1.043,0.552,15.6,10,"boy",-0.344,3,3,"majority_language",0,0,6,6.5,,6.4,7.5,0,2,,3.7,1.4,2,39.8,3,,4,2,3,4,3,2,,,,,,,,3,2,,3,1,4,2,1,4,3,1,3,,,,,,,5,3,4,3,1,3,5,2,4,4,,,,,,4,2,2,3,2,4,5,2,3,4,0,0,0,0,1,0,0,0,0,0,0,0,0.87,-1.381,41.2,51.4,1,1,1,0,1,"C"
714,"S09","C035","South","general",21,1.043,0.552,15.7,10,"girl",0.534,3,5,"majority_language",0,0,7,7.5,7.6,7.1,7.2,13,4,2,8.8,3,4,42.5,5,3,3,5,5,5,5,4,4,5,5,5,3,4,4,2,2,2,2,3,2,,4,3,,,,3,3,4,2,3,3,4,4,3,4,5,5,5,5,5,5,5,4,4,,,3,2,4,4,2,4,3,3,4,4,0,0,0,1,0,1,1,0,0,0,0,0,0.71,0.127,40.9,44.1,0,1,1,0,0,"B"
715,"S09","C035","South","general",21,1.043,0.552,15.4,10,"boy",-0.536,2,1,"majority_language",0,0,7.1,7.6,7.9,5.8,6.7,0,7,11,10.1,2.6,3,48.9,4,4,5,5,4,3,4,3,,,4,3,4,5,3,4,,3,1,2,3,2,2,3,2,2,2,4,3,2,,,,,2,4,4,1,2,2,3,1,4,4,4,5,4,2,5,4,5,3,5,4,4,3,4,4,1,1,1,1,0,1,1,1,0,1,,0,0.83,-0.534,52.5,42.6,1,1,1,0,0,"C"
716,"S09","C035","South","general",21,1.043,0.552,15.3,10,"girl",-1.188,1,1,"majority_language",0,0,6.4,7.2,7.3,6.3,6.4,0,1,0,3.2,2.9,1,37.9,3,3,2,4,4,3,3,5,5,4,3,4,3,4,5,3,2,3,1,4,1,2,2,4,,,,1,2,1,1,3,2,2,3,3,4,4,4,4,4,4,,4,5,5,,,2,1,2,2,2,3,4,3,4,,1,1,,1,1,0,1,0,0,0,0,0,0.572,-1.901,48.9,35,1,1,1,0,0,"B"
717,"S09","C035","South","general",21,1.043,0.552,15.9,10,"boy",-0.459,2,2,"other_language",0,0,6.5,6.4,,7.5,6.8,2,4,,4.6,2.3,5,51.9,3,4,4,4,3,4,5,3,3,,,,,,,1,1,1,2,3,1,1,1,1,,,,,,,,,,3,4,4,3,2,3,3,3,3,5,,,,,,4,5,3,5,2,4,3,3,4,2,1,1,1,1,1,1,1,0,0,0,1,0,0.657,0.695,46.6,51.1,0,1,1,0,1,"B"
718,"S09","C035","South","general",21,1.043,0.552,14.7,10,"girl",0.21,3,3,"majority_language",1,0,7.3,7.7,7.2,7.5,7.5,0,7,2,5.2,1.5,5,55,5,4,5,5,5,5,3,4,3,4,3,4,3,3,3,3,2,3,1,4,2,3,3,2,,,,2,2,4,2,2,1,3,3,4,4,2,4,2,5,3,4,3,4,3,,,4,3,5,5,5,5,3,2,3,5,1,1,1,1,0,1,0,1,0,0,1,1,0.784,0.811,52.9,52.3,0,1,1,0,0,"B"
719,"S09","C035","South","general",21,1.043,0.552,16,10,"girl",-0.505,4,3,"other_language",0,1,6.9,7.3,7.4,6.7,6.6,3,5,1,7.4,1.2,3,44.6,5,4,3,4,4,3,5,3,5,3,2,4,4,2,4,3,3,1,3,3,2,2,2,2,,,,2,3,1,3,3,1,5,4,3,5,5,,5,5,4,5,3,3,3,,,4,5,3,4,4,5,5,2,5,3,1,1,0,1,1,0,0,0,0,1,0,1,0.593,-0.845,40.9,34.7,0,1,1,0,0,"B"
720,"S09","C036","South","general",19,1.043,0.75,15.3,10,"girl",-0.083,3,3,"other_language",0,0,6.9,7.9,7.8,7.3,7.7,11,0,6,9.2,3.4,3,35.3,3,5,,3,,,4,4,,,3,4,3,3,4,4,4,5,3,3,4,3,2,3,4,2,,2,3,3,,,,3,4,3,4,5,4,4,4,3,4,5,5,3,4,3,3,5,4,2,3,5,4,3,2,3,1,1,1,1,1,1,1,1,1,0,1,0,0.796,0.323,69.4,49.3,1,1,1,0,0,"C"
721,"S09","C036","South","general",19,1.043,0.75,16,10,"girl",0.014,4,4,"majority_language",0,0,6.6,6.8,7.9,7.3,6.8,2,4,2,2.8,4.6,3,44.4,3,3,2,3,4,4,4,4,5,4,4,5,2,4,3,2,2,1,1,4,1,2,1,2,,,,1,1,3,1,3,4,5,5,5,3,5,5,5,5,5,5,5,5,5,,,4,3,5,3,4,4,5,5,4,4,1,1,1,1,0,1,0,0,0,0,0,0,0.835,0.372,42.2,49.6,0,1,1,0,0,"B"
722,"S09","C036","South","general",19,1.043,0.75,15.8,10,"boy",0.543,5,2,"majority_language",0,0,7.3,8,8.3,8.6,9.5,1,7,8,7.1,3.4,2,52.9,4,5,5,4,5,5,5,5,4,4,5,5,5,5,3,3,3,1,2,,2,4,4,1,,,,3,3,3,2,1,3,5,4,4,4,5,3,3,3,3,3,3,4,5,,,5,5,4,4,5,4,4,5,4,5,1,1,1,1,0,,1,1,1,1,0,0,0.63,-1.114,47.2,45.1,1,1,1,0,0,"B"
723,"S09","C036","South","general",19,1.043,0.75,15.1,10,"boy",0.44,4,,"other_language",0,0,7.1,7.9,7.8,7.4,6.2,1,4,2,7.1,3.7,5,47.8,4,5,5,4,5,4,4,5,5,4,5,3,5,5,5,3,3,1,2,3,1,4,2,2,3,4,2,5,2,3,3,2,2,2,5,3,4,5,4,5,4,4,5,4,5,5,5,4,5,5,4,5,5,5,4,4,4,4,1,1,1,0,0,0,0,0,0,0,0,0,0.825,0.139,56.1,47.9,0,0,0,0,0,"A"
724,"S09","C036","South","general",19,1.043,0.75,16.2,10,"boy",-0.372,2,1,"majority_language",0,0,6.7,,,7.7,8,0,,,3.7,1.8,2,48.5,4,2,2,2,3,,,,,,,,,,,3,2,1,1,1,3,,,,,,,,,,,,,4,4,3,3,5,,,,,,,,,,,2,2,4,3,3,5,4,3,4,5,1,1,1,1,1,1,0,1,0,0,1,0,0.706,0.489,25.2,32,0,1,1,1,1,"C"
725,"S09","C036","South","general",19,1.043,0.75,15.5,10,"boy",0.94,4,2,"majority_language",0,0,7.9,7.4,8.3,8.1,6.3,9,0,6,8.4,1.8,4,55.1,5,5,4,2,5,5,4,5,5,5,5,5,4,,4,1,1,2,1,1,1,1,1,1,,,,2,1,2,3,1,4,2,4,4,3,5,4,4,5,4,4,4,3,3,,,4,5,4,4,4,4,5,3,4,2,,1,0,1,1,,1,1,1,0,0,0,0.913,-0.236,52.7,52.5,1,1,1,0,0,"B"
726,"S09","C036","South","general",19,1.043,0.75,16,10,"girl",-0.126,4,2,"majority_language",1,0,7.1,6.9,,6.3,5.8,6,6,,4.5,4.4,1,62.5,4,2,3,4,4,1,3,3,2,2,,,,,,1,2,2,3,4,1,1,2,2,,,,,,,,,,2,4,2,3,2,2,2,4,3,2,,,,,,3,3,4,2,2,4,,,4,3,1,1,1,0,0,0,0,0,0,0,0,0,0.825,0.858,56.5,64.7,1,1,1,0,1,"B"
727,"S09","C036","South","general",19,1.043,0.75,15.1,10,"boy",1.689,5,5,"majority_language",0,0,8,8.3,8.2,8.6,7.2,0,2,2,9,0.8,5,55.4,5,4,2,4,4,5,,5,,,4,4,3,4,5,1,1,1,1,,2,1,1,1,2,1,1,1,1,1,,,,5,5,3,4,4,4,3,4,3,2,5,5,4,3,5,3,5,4,3,4,5,3,4,4,4,1,1,1,1,0,1,1,1,1,0,,1,0.851,0.15,47.9,63.9,1,1,1,0,0,"C"
728,"S09","C036","South","general",19,1.043,0.75,15.4,10,"boy",0.433,4,3,"majority_language",0,0,8.7,7.4,,7.1,7.4,1,3,,7.4,4.3,2,58.3,5,3,4,4,4,5,4,5,3,5,,,,,,1,2,,1,1,1,1,1,2,,,,,,,,,,4,4,5,3,4,4,4,4,4,4,,,,,,4,5,4,5,2,4,4,4,4,4,1,1,1,1,0,0,0,0,0,1,1,0,0.879,0.277,50.4,57.5,1,1,1,0,1,"B"
729,"S09","C036","South","general",19,1.043,0.75,15.6,10,"girl",-0.569,2,3,"majority_language",0,0,8.6,8.3,8.1,6.5,7.8,8,1,3,4.6,2.8,2,53.1,5,5,5,5,5,5,5,5,2,5,4,5,,5,5,2,3,3,3,2,,1,3,3,,,,3,3,3,4,3,,2,2,3,4,4,4,5,3,4,3,,5,5,,,5,4,4,4,3,5,5,4,4,4,1,1,1,1,1,1,1,1,1,0,1,0,0.924,0.021,49.4,62.8,1,1,1,0,0,"B"
730,"S09","C036","South","general",19,1.043,0.75,15.2,10,"boy",0.679,5,3,"majority_language",0,0,8.1,7.2,8.3,7.4,8.3,3,1,1,7.6,1,4,56.8,5,5,5,5,5,5,5,3,5,5,,5,5,5,5,3,,2,3,1,1,3,3,2,,,,3,4,3,2,2,,1,2,1,1,2,2,2,2,3,3,1,3,1,,,5,5,4,3,4,5,4,4,4,2,1,1,1,1,1,1,0,1,1,0,0,0,0.717,0.01,59.2,51.5,1,1,1,0,0,"B"
731,"S09","C036","South","general",19,1.043,0.75,15.7,10,"girl",0.148,2,2,"majority_language",0,0,7.5,,,8.3,8.5,1,,,8.9,3.7,5,59.9,5,,4,4,5,,,,,,,,,,,1,1,1,1,2,2,,,,,,,,,,,,,3,5,4,5,5,,,,,,,,,,,4,5,5,5,5,5,5,4,5,5,1,1,1,1,1,1,1,0,0,1,1,0,0.649,0.372,48.7,52,1,1,1,1,1,"C"
732,"S09","C036","South","general",19,1.043,0.75,15.4,10,"girl",1.072,5,3,"majority_language",0,0,8.4,8.9,,7.8,7.2,2,2,,9.8,1.4,5,63.5,5,5,5,5,5,5,,5,,,,,,,,1,3,2,1,2,1,1,2,2,3,2,3,,,,,,,3,5,5,5,3,2,3,3,2,1,,,,,,4,5,5,,4,5,5,5,5,5,1,1,1,1,1,1,1,1,1,0,0,0,0.851,1.84,60.1,60.3,1,1,1,0,1,"C"
733,"S09","C036","South","general",19,1.043,0.75,15.6,10,"girl",-1.019,2,1,"other_language",1,0,7.3,6.8,,6.9,5.9,7,3,,1.3,2.3,3,48.2,5,,4,4,5,5,4,4,5,4,,,,,,3,4,2,4,4,2,1,,,2,1,3,,,,,,,2,,3,3,5,4,,3,3,3,,,,,,,4,3,3,4,5,4,,4,4,1,1,1,1,1,0,1,,1,0,0,1,0.889,0.408,52.5,47.8,1,1,1,0,1,"A"
734,"S09","C036","South","general",19,1.043,0.75,15.2,10,"girl",0.248,2,5,"majority_language",0,0,7.8,7.2,7.3,6.8,7.1,6,4,4,4.1,1.9,3,41.9,3,4,4,4,5,3,5,3,2,4,,5,5,4,4,2,2,,3,2,4,4,5,2,4,4,4,1,3,1,4,3,5,,4,1,4,3,4,2,3,2,4,4,4,4,3,4,4,2,3,2,2,5,4,4,4,3,,1,1,0,0,0,1,1,1,0,0,0,0.762,0.311,60.4,58.9,1,0,1,0,0,"A"
735,"S09","C036","South","general",19,1.043,0.75,15.2,10,"girl",0.077,1,3,"majority_language",0,0,7.4,7.1,7.7,8.3,7.5,4,3,3,6.1,3.4,4,53.6,5,5,4,5,3,5,4,5,,,5,5,4,5,5,3,2,2,3,3,2,3,2,2,1,2,2,2,3,2,,,,5,4,5,5,5,5,4,4,2,3,4,2,5,3,3,4,4,4,5,4,5,4,5,5,5,1,1,1,1,,1,1,1,0,0,0,0,0.871,0.58,80,70.6,1,1,1,0,0,"C"
736,"S09","C036","South","general",19,1.043,0.75,15.8,10,"girl",0.265,4,2,"majority_language",0,0,7.5,7,7.9,8.5,6.3,0,2,1,5.5,1.1,2,54.1,5,4,3,4,5,4,4,3,4,5,3,4,2,4,3,1,1,2,3,1,1,1,1,2,1,1,2,1,1,2,1,1,2,5,4,4,3,4,5,5,4,4,5,4,5,5,4,5,4,5,5,5,4,5,3,4,4,3,1,0,1,1,1,1,0,1,0,1,1,1,0.882,1.534,55.2,64.7,0,0,0,0,0,"A"
737,"S09","C036","South","general",19,1.043,0.75,14.9,10,"boy",0.15,4,3,"other_language",1,0,7.8,8.9,7.9,6.4,7.4,4,0,4,8.7,3.9,5,51.3,4,4,5,5,3,4,5,5,2,5,5,5,5,5,3,2,2,1,1,3,1,3,1,2,2,1,1,2,2,2,2,1,2,5,5,5,5,4,4,4,4,3,3,5,5,5,4,5,4,4,4,4,5,5,5,,5,5,1,1,1,1,1,1,1,1,1,0,1,0,0.784,1.006,43.3,52.8,1,0,0,0,0,"A"
738,"S09","C036","South","general",19,1.043,0.75,15.6,10,"girl",0.265,4,3,"majority_language",0,0,8.5,8.1,7.6,8.5,7.3,0,0,1,4.7,1.8,4,53.5,5,5,4,5,5,4,,5,,,2,4,5,5,4,1,2,2,1,1,1,3,2,2,4,3,3,3,2,3,,,,4,3,5,5,3,4,3,5,4,4,5,5,5,4,3,2,4,4,5,4,5,5,4,5,5,1,1,1,1,1,1,0,1,0,1,1,0,0.917,0.455,63.1,57,0,1,1,0,0,"C"
739,"S10","C037","North","technical",23,0.017,-0.297,16.9,11,"girl",-0.388,2,3,"majority_language",0,1,7.1,7,6.6,6.2,7.8,1,17,5,6.4,4.6,3,48.5,4,3,3,4,5,4,3,5,4,2,5,5,4,4,5,2,2,1,,1,1,3,2,2,,,,3,1,2,2,4,2,4,4,3,5,3,3,5,2,5,4,3,4,5,,,2,5,3,3,4,3,2,2,4,5,1,,1,1,1,1,1,1,1,1,0,0,0.856,-0.255,39.1,51.3,1,1,1,0,0,"B"
740,"S10","C037","North","technical",23,0.017,-0.297,16.6,11,"girl",-0.396,2,1,"other_language",0,0,7,7.8,8.4,8.3,7.8,1,1,3,7.5,3.2,4,55.4,5,4,5,4,4,,5,5,,,5,5,5,5,5,3,2,3,1,1,,3,2,1,1,1,3,3,1,3,,,,2,3,4,5,3,2,3,4,5,4,3,2,3,3,3,5,5,5,5,5,4,3,4,5,2,1,1,1,0,1,1,1,1,1,1,1,1,0.881,0.354,56.5,61.8,1,1,1,0,0,"C"
741,"S10","C037","North","technical",23,0.017,-0.297,15.9,11,"boy",-0.094,4,2,"majority_language",0,0,7.2,7.2,6.5,7.2,6.9,12,3,6,5,3.1,2,43.5,4,4,4,4,5,3,3,2,,,3,5,4,5,5,2,2,3,3,1,2,2,1,2,3,3,2,3,5,4,,,,2,1,1,2,2,3,3,3,4,2,1,4,3,3,4,1,2,1,1,3,5,4,,4,2,1,0,1,0,0,1,1,1,0,1,0,0,,,,,1,1,1,0,0,"C"
742,"S10","C037","North","technical",23,0.017,-0.297,16.5,11,"girl",0.842,4,4,"majority_language",0,0,7.1,7,7,8,7.2,3,1,3,3.4,1.6,3,46,4,4,5,3,4,3,4,5,2,4,4,4,3,4,4,2,1,3,4,2,1,3,2,3,,,,,3,3,4,4,3,3,3,5,4,4,5,5,4,4,5,4,4,3,,,3,2,3,2,4,3,1,3,3,3,,1,1,1,1,1,1,1,0,1,0,0,0.651,0.784,46.2,60,1,1,1,0,0,"B"
743,"S10","C037","North","technical",23,0.017,-0.297,16.2,11,"boy",0.218,1,,"majority_language",0,0,7,7.7,8.4,7.3,6.9,0,1,2,6.9,2.1,2,47.4,4,5,5,3,4,5,,4,3,5,4,5,5,4,5,2,2,3,3,4,2,,1,1,1,1,1,1,1,1,1,1,1,3,2,3,4,3,5,5,,5,,5,4,5,5,3,4,4,2,5,3,2,2,3,1,1,1,1,1,1,1,1,1,1,1,0,0,0,,,,,1,1,0,0,0,"A"
744,"S10","C037","North","technical",23,0.017,-0.297,16.1,11,"girl",-0.829,2,2,"majority_language",0,0,6.9,6.3,7.1,4.4,6.5,5,11,3,3.6,3.8,2,42.1,2,3,3,2,2,4,3,2,3,5,3,2,4,2,2,3,4,3,2,3,1,4,3,2,,,,3,3,3,2,4,3,2,3,2,3,1,4,5,4,3,4,3,2,3,,,5,5,5,5,5,,2,3,2,2,1,0,1,1,0,0,1,0,0,0,0,0,0.626,-0.025,65.1,52,1,1,1,0,0,"B"
745,"S10","C037","North","technical",23,0.017,-0.297,15.8,11,"boy",0.093,3,4,"other_language",1,0,7.6,8.2,7.8,6.8,6.8,3,1,0,4.8,1.2,5,58.9,5,5,,5,4,5,4,4,3,5,5,5,2,3,4,1,1,1,1,2,1,1,2,1,,,,1,1,1,1,1,2,5,5,5,2,5,3,4,5,5,4,4,5,5,,,4,4,4,4,4,2,3,3,4,3,1,1,1,1,0,1,1,1,1,1,0,0,0.879,2.04,62,55.8,1,1,1,0,0,"B"
746,"S10","C037","North","technical",23,0.017,-0.297,17,11,"boy",-0.091,3,5,"majority_language",0,1,7.3,,,7.9,6.1,5,,,8.9,3.5,3,42.2,3,5,4,3,5,,,,,,,,,,,3,2,1,3,2,1,,,,,,,,,,,,,5,5,4,4,5,,,,,,,,,,,3,4,3,2,4,2,4,4,2,2,1,1,1,1,1,0,0,1,0,0,0,0,0.578,-1.688,44.8,39.5,0,1,1,1,1,"A"
747,"S10","C037","North","technical",23,0.017,-0.297,16.1,11,"girl",-0.622,2,3,"majority_language",0,0,6.7,6.8,5.8,7.1,6.4,2,1,4,3.9,3.6,3,50.2,4,3,3,4,4,,3,1,3,2,4,,5,4,3,1,2,2,1,2,2,3,2,3,,,,2,,1,2,1,2,3,4,4,4,3,4,4,5,3,3,5,4,2,,,4,5,4,4,4,3,4,3,3,3,0,1,0,1,0,1,0,0,0,1,1,0,0.717,-1.191,44.4,28.2,0,1,1,0,0,"B"
748,"S10","C037","North","technical",23,0.017,-0.297,16.4,11,"boy",-0.713,3,3,"other_language",1,0,6.8,6.6,,8.4,6.3,6,2,,5.4,3.2,2,46.3,5,5,5,3,3,,4,4,,4,,,,,,4,3,3,3,2,3,4,5,4,,,,,,,,,,5,4,4,2,4,4,3,3,4,4,,,,,,1,3,2,2,3,4,5,5,4,,1,0,1,1,1,1,1,0,0,1,1,1,0.631,0.092,47.9,45.4,1,1,1,0,1,"B"
749,"S10","C037","North","technical",23,0.017,-0.297,16.7,11,"boy",0.967,4,5,"majority_language",0,0,7.5,7.1,6.8,6.7,8.5,0,0,2,3,2,3,48.5,4,2,3,3,,5,3,5,4,4,4,4,4,5,5,1,2,1,1,3,3,1,1,2,,,,2,2,2,3,2,2,5,2,4,3,5,3,3,4,5,3,1,4,3,,,3,2,4,4,4,4,2,5,3,1,1,0,1,1,1,0,0,0,0,0,0,0,0.792,-0.874,52.8,59.2,1,1,1,0,0,"B"
750,"S10","C037","North","technical",23,0.017,-0.297,16,11,"girl",-1.161,2,3,"majority_language",0,0,7.1,6.7,7.2,4.8,7,3,0,3,3.9,4.8,2,59.3,4,4,4,2,3,5,3,4,,,4,4,3,2,,3,2,3,3,2,2,2,3,4,,,3,1,,3,,,,3,4,2,4,2,5,4,1,1,3,3,3,3,2,3,3,3,3,5,2,5,5,4,3,4,1,0,1,1,0,0,0,0,0,0,0,0,0.842,-0.135,58.3,54.3,0,1,1,0,0,"C"
751,"S10","C037","North","technical",23,0.017,-0.297,16.7,11,"girl",-0.399,3,1,"majority_language",0,0,7.6,7.2,,7.5,7.2,6,9,,2.7,3.9,5,58.4,4,5,5,5,3,5,4,4,4,,,,,,,2,2,1,3,1,2,3,4,2,3,,2,,,,,,,2,2,4,4,2,5,5,4,5,3,,,,,,,,,5,4,,4,4,3,3,1,1,1,1,1,1,0,1,,1,1,0,0.702,-0.677,39.5,57.8,1,1,1,0,1,"A"
752,"S10","C037","North","technical",23,0.017,-0.297,16.2,11,"girl",-0.361,3,4,"majority_language",0,0,7.5,6.4,6.5,6.4,6,11,3,5,4.9,1.4,2,44.2,4,3,4,2,3,4,3,3,4,4,3,4,3,3,4,4,3,4,3,5,4,5,3,4,,,,5,3,3,3,3,4,2,2,3,2,3,3,5,4,4,2,3,2,3,,,3,3,4,3,2,4,,2,4,3,0,0,0,0,0,0,0,,0,0,0,0,0.387,-0.936,26.8,43.4,1,1,1,0,0,"B"
753,"S10","C037","North","technical",23,0.017,-0.297,16.6,11,"boy",-0.063,3,3,"majority_language",0,0,6,6.1,,6.5,6.2,3,1,,5.4,2.5,2,42.8,5,4,4,5,4,4,4,,,,,,,,,2,2,2,2,1,1,1,2,1,3,,3,,,,,,,1,1,2,3,1,3,4,3,4,4,,,,,,1,1,1,2,2,4,4,4,3,2,1,0,1,0,0,0,1,0,0,0,0,1,0.528,-0.401,39.2,53.4,0,1,1,0,1,"C"
754,"S10","C037","North","technical",23,0.017,-0.297,16.5,11,"boy",0.201,3,,"other_language",0,0,7,,,7.4,7,4,,,5.6,2.3,4,60.4,5,5,5,4,5,,,,,,,,,,,1,1,1,1,1,2,,,,,,,,,,,,,4,,4,2,4,,,,,,,,,,,3,4,4,4,1,4,3,3,2,3,0,0,1,1,1,0,1,1,0,0,0,0,0.692,0.301,54.8,55,1,1,1,1,1,"B"
755,"S10","C037","North","technical",23,0.017,-0.297,16.3,11,"girl",1.083,5,4,"majority_language",0,0,7.2,5.9,6.3,6.4,6.3,3,5,0,10.5,2.5,5,39.8,3,5,4,4,3,5,5,4,,,5,4,5,4,3,2,1,3,3,3,3,3,3,2,4,3,4,1,1,3,,,,3,1,1,2,2,3,3,2,3,1,3,4,3,3,5,4,3,5,5,4,1,2,3,2,2,1,1,1,1,1,0,1,0,0,0,0,0,0.526,-1.872,34.8,41.3,0,1,1,0,0,"C"
756,"S10","C037","North","technical",23,0.017,-0.297,16.5,11,"girl",0.544,4,4,"majority_language",0,0,6.8,7,,6.9,6.8,7,0,,7.9,3.2,3,61.4,4,,5,4,4,4,4,4,4,3,,,,,,3,2,2,2,2,,1,1,2,2,3,2,,,,,,,4,3,2,3,5,4,4,5,4,4,,,,,,5,4,4,4,2,2,1,2,2,2,1,1,1,1,0,0,1,1,1,0,0,1,0.823,0.083,48,55.1,1,0,1,0,1,"A"
757,"S10","C037","North","technical",23,0.017,-0.297,16.9,11,"boy",-0.606,4,3,"majority_language",0,0,7,7.3,7,6.2,7.4,8,1,7,7,3.9,3,47.9,5,5,5,3,5,5,4,5,,,4,,4,5,4,2,2,3,3,1,1,2,2,2,3,3,2,2,3,3,,,,2,2,3,2,3,3,3,2,1,2,4,5,4,4,5,5,3,4,2,3,3,,4,4,3,1,1,1,1,0,0,0,1,0,1,1,0,0.37,-1.083,25.4,26.6,1,1,1,0,0,"C"
758,"S10","C037","North","technical",23,0.017,-0.297,16.3,11,"girl",0.195,4,1,"majority_language",0,0,7.2,6.2,,7.4,7.1,4,5,,5.9,2,2,57,4,5,3,4,5,3,3,5,5,4,,,,,,4,4,5,3,3,5,,2,3,,,,,,,,,,3,,3,4,5,1,3,1,3,3,,,,,,2,3,1,4,2,2,2,2,2,1,1,1,0,1,0,0,0,0,0,0,0,0,0.735,0.062,49.9,45.6,1,1,1,0,1,"B"
759,"S10","C037","North","technical",23,0.017,-0.297,16.8,11,"girl",-0.188,5,3,"majority_language",0,1,6.3,7.5,7,7.9,6.3,1,7,3,8.3,2.7,3,51.9,3,4,3,,2,4,5,3,4,4,2,5,5,3,4,2,3,3,2,2,2,3,5,4,4,3,4,3,3,,2,2,2,2,1,,1,2,2,2,4,2,3,4,1,3,2,,4,,4,4,5,4,5,3,4,2,1,,0,0,0,0,0,1,0,0,0,0,0.788,-0.177,48.9,50.3,1,0,1,0,0,"A"
760,"S10","C037","North","technical",23,0.017,-0.297,16.1,11,"girl",-0.022,3,2,"majority_language",0,0,6.8,7.6,7.5,7.5,7.4,2,5,5,4.8,1.3,2,36.9,2,4,1,3,2,4,4,4,4,5,2,4,4,3,5,2,2,2,4,1,1,3,3,2,,,,2,3,3,2,1,2,2,3,4,2,3,2,5,4,4,3,,5,4,,,2,1,2,4,5,,4,3,4,3,0,1,1,0,0,1,0,1,0,0,0,0,0.703,1.529,58.5,53.6,1,1,1,0,0,"B"
761,"S10","C037","North","technical",23,0.017,-0.297,17,11,"boy",0.182,4,5,"majority_language",0,0,7.2,7.8,7.1,7.9,6.7,1,2,0,6.4,1.5,2,39,4,2,3,2,5,3,5,5,5,5,3,3,4,4,5,2,3,3,2,2,3,2,2,1,,,,2,1,1,1,2,1,4,2,4,3,5,4,4,4,5,4,4,4,4,,,4,2,3,5,4,5,4,5,3,,1,1,1,1,0,0,1,1,0,1,1,1,0.872,0.268,65.4,44.6,1,1,1,0,0,"B"
762,"S10","C038","North","technical",22,0.017,0.854,15.4,10,"girl",0.881,5,5,"other_language",0,0,6.7,6.2,,7.2,6.8,4,3,,5.7,0.7,3,54.9,3,3,4,5,3,5,5,5,5,3,,,,,,1,4,3,1,1,1,2,3,2,,,,,,,,,,5,4,5,5,5,5,4,4,5,4,,,,,,5,4,4,3,4,5,3,4,5,5,1,1,1,1,0,0,0,0,0,0,0,0,0.632,-0.158,54.4,44.2,0,1,1,0,1,"B"
763,"S10","C038","North","technical",22,0.017,0.854,15.8,10,"girl",-0.234,2,1,"majority_language",0,0,6.1,,,7.7,8,4,,,3.6,4.5,3,40.5,5,5,5,4,5,,,,,,,,,,,2,4,4,1,3,3,,,,,,,,,,,,,4,,4,5,4,,,,,,,,,,,5,4,3,4,3,4,3,4,5,3,1,1,0,0,1,0,1,0,0,0,0,0,0.891,0.781,50.7,42,1,1,1,1,1,"B"
764,"S10","C038","North","technical",22,0.017,0.854,15.3,10,"girl",-0.238,5,2,"other_language",0,0,8.1,7.3,7.4,6.7,8.4,1,1,1,11.6,2.2,3,44,5,5,5,4,5,5,4,5,4,,4,3,3,3,5,1,2,1,2,1,1,1,2,3,2,1,2,1,1,1,1,1,1,3,5,5,4,4,4,4,5,4,5,5,5,5,5,4,2,2,2,2,3,5,4,5,5,5,1,1,1,1,1,1,0,0,,1,0,0,0.857,1.031,59.5,53.3,1,1,0,0,0,"A"
765,"S10","C038","North","technical",22,0.017,0.854,15.6,10,"boy",-2.176,1,1,"other_language",0,1,6.6,4.8,6.3,6.5,5.8,4,2,4,8.8,3.3,3,56.8,3,4,2,4,3,4,3,4,4,5,,4,4,3,4,3,1,1,2,3,3,1,,2,,,,4,2,2,4,2,1,5,3,4,,5,,5,,5,5,4,4,5,,,3,5,3,5,5,4,5,5,5,4,0,0,1,0,0,0,1,0,1,0,0,0,0.523,-1.275,40.2,40.2,1,1,1,0,0,"B"
766,"S10","C038","North","technical",22,0.017,0.854,15.4,10,"boy",0.559,3,5,"majority_language",0,0,6.5,6.9,6,7.5,7.4,0,10,5,8.8,5,2,49.2,4,5,4,2,4,3,1,1,,,3,2,2,4,2,2,1,1,1,2,1,2,2,2,1,1,1,4,2,4,,,,5,3,4,4,4,4,3,4,5,5,5,5,5,5,5,5,5,5,5,3,5,3,5,4,4,1,1,1,1,0,0,1,0,1,0,0,0,0.829,0.254,51.8,61.1,0,1,1,0,0,"C"
767,"S10","C038","North","technical",22,0.017,0.854,15.4,10,"girl",-0.26,2,,"other_language",0,0,6.4,6.2,6.4,7.4,7.3,0,4,10,7.1,3.2,3,63,3,4,4,3,5,4,1,3,4,4,5,3,4,2,3,1,1,1,1,2,3,1,3,1,1,3,3,3,3,3,2,2,2,4,5,5,,3,4,5,5,4,4,2,5,3,4,3,3,5,5,3,5,4,3,4,4,3,0,1,0,0,0,0,0,0,1,0,0,0,0.724,0.372,55.6,52.4,1,0,0,0,0,"A"
768,"S10","C038","North","technical",22,0.017,0.854,15.6,10,"girl",-0.364,2,4,"majority_language",1,0,6.4,5.9,5.9,5.8,6.5,1,0,6,6.6,2.5,2,44.2,5,4,4,5,4,4,5,4,,5,3,5,3,3,3,3,2,2,2,3,3,3,3,5,4,3,3,4,1,2,4,2,2,3,3,3,2,3,3,3,4,2,,3,4,5,5,5,3,2,5,2,5,3,4,4,3,,0,0,0,1,1,0,1,0,0,0,0,0,,,,,1,1,0,0,0,"A"
769,"S10","C038","North","technical",22,0.017,0.854,15.6,10,"boy",0.189,2,5,"majority_language",0,0,6.4,6.5,6.3,4.9,7.3,7,6,4,4.5,3.6,4,52.6,3,4,5,3,3,5,2,4,,,3,4,4,3,4,2,2,1,3,2,3,2,3,1,2,3,4,2,1,1,,,,4,4,2,3,5,4,4,4,3,4,4,4,3,,4,4,3,3,5,3,4,4,3,3,5,,1,1,1,1,1,0,0,0,0,,0,0.805,0.756,63.7,48.2,1,1,1,0,0,"C"
770,"S10","C038","North","technical",22,0.017,0.854,15.3,10,"girl",-0.238,3,4,"other_language",0,0,6.8,6.5,7.1,7.1,6.8,1,2,1,7.5,1.6,4,47.6,3,3,2,2,3,5,3,4,5,4,3,5,3,4,5,2,1,2,1,1,1,3,1,3,,,,2,2,1,3,,3,4,4,5,4,4,4,2,,4,4,4,3,4,,,,3,3,4,4,3,4,5,3,4,1,1,1,1,0,,0,0,1,1,0,0,0.841,-1.406,44.4,45.5,1,1,1,0,0,"B"
771,"S10","C038","North","technical",22,0.017,0.854,15.6,10,"boy",-0.688,1,,"majority_language",0,0,7.6,7,7.4,6.9,8.2,7,3,4,5.1,1.5,3,60.2,5,5,3,5,5,5,5,5,4,5,5,5,4,4,5,3,2,2,4,3,4,1,1,1,3,1,1,1,1,1,1,1,1,3,4,4,2,3,4,,5,2,3,2,5,4,2,4,4,3,2,2,4,5,5,5,5,2,1,1,1,1,1,0,1,0,0,0,0,0,,,,,1,1,0,0,0,"A"
772,"S10","C038","North","technical",22,0.017,0.854,15.6,10,"girl",-0.761,1,3,"majority_language",0,0,6.1,6.3,7.1,7.1,6.3,8,2,9,7.8,1.7,4,38.3,2,2,3,4,3,5,4,2,5,4,3,4,5,5,5,2,2,2,1,1,1,1,1,2,,,,1,1,1,2,2,2,3,5,2,4,5,4,,5,3,1,3,3,5,,,2,2,3,3,3,2,,3,3,1,,1,0,1,1,0,0,0,0,0,0,0,0.447,0.206,39.8,44.3,1,1,1,0,0,"B"
773,"S10","C038","North","technical",22,0.017,0.854,15.3,10,"girl",0.159,5,3,"majority_language",0,0,6.3,6.6,6.3,7.8,7.2,2,3,2,4.9,3.1,1,45.7,4,5,5,5,4,4,4,3,4,4,4,5,4,4,4,1,2,3,1,3,3,3,3,3,2,1,1,2,1,1,1,1,1,3,3,5,3,4,4,3,4,4,3,5,5,5,3,5,1,2,3,3,3,4,5,4,5,5,1,1,0,1,0,0,0,0,0,0,0,0,0.888,0.795,71.8,46.7,0,0,0,0,0,"A"
774,"S10","C038","North","technical",22,0.017,0.854,15.7,10,"girl",0.126,3,3,"majority_language",0,0,6.3,6.9,6.5,6.9,7.2,3,11,11,6.3,2.9,1,28.1,,1,1,,2,3,2,3,3,1,2,4,3,4,4,4,3,2,3,3,3,,1,3,,,,1,2,2,1,2,1,5,4,5,4,3,2,4,4,4,3,3,5,5,,,5,5,3,4,4,5,4,5,4,4,0,1,1,1,1,0,1,0,0,0,0,0,0.753,-0.425,43.3,31.6,1,1,1,0,0,"B"
775,"S10","C038","North","technical",22,0.017,0.854,14.9,10,"girl",-1.38,2,1,"other_language",0,1,6.5,6.5,6.6,6.4,6.5,4,1,1,1.2,4.2,2,45.5,3,2,2,4,3,3,3,3,,,,3,4,3,4,3,3,2,3,,2,2,3,1,3,3,2,4,,4,,,,2,3,4,3,4,2,3,2,4,3,4,4,4,4,4,2,3,2,3,1,3,4,,2,5,1,1,1,1,0,,0,1,1,0,1,0,0.612,-0.655,50.5,55,1,1,1,0,0,"C"
776,"S10","C038","North","technical",22,0.017,0.854,15.1,10,"girl",0.473,5,3,"majority_language",0,0,6.9,7,5.7,5.7,8.1,0,2,4,5.3,2.8,4,54.7,5,5,4,3,3,5,4,5,5,5,4,4,5,2,4,1,1,,1,1,1,3,,1,,,,3,3,1,2,2,3,5,4,5,3,4,2,4,1,3,3,4,4,5,,,5,4,5,5,5,4,5,5,3,5,1,0,0,0,0,0,0,0,0,0,0,0,0.64,-0.147,45.7,34.4,1,1,1,0,0,"B"
777,"S10","C038","North","technical",22,0.017,0.854,16,10,"boy",-0.937,1,1,"majority_language",0,0,6.7,7,7,7.1,6.5,5,2,3,5.3,1.7,2,47.6,1,3,5,2,2,2,3,4,4,4,3,,4,2,5,1,1,1,1,1,1,1,2,1,1,1,1,1,1,2,4,2,3,4,4,5,3,5,4,3,4,4,4,4,5,5,3,5,2,4,,4,5,2,3,4,3,,1,0,1,1,1,1,0,1,1,1,1,0,0.63,-1.257,67.2,40.8,1,0,1,0,0,"A"
778,"S10","C038","North","technical",22,0.017,0.854,15.7,10,"boy",-0.583,1,2,"other_language",0,0,7,7.6,6.8,7.8,6.9,0,1,0,5.9,4.5,3,61.6,4,4,4,4,4,5,4,4,,,,2,4,4,3,3,2,1,3,2,1,1,2,1,1,2,1,2,2,2,,,,5,4,5,5,4,5,5,5,5,5,4,4,4,4,,4,,3,5,4,4,3,3,3,4,0,0,1,1,1,0,0,,0,0,0,,0.93,-0.252,58.7,48.1,1,1,1,0,0,"C"
779,"S10","C038","North","technical",22,0.017,0.854,15.5,10,"boy",1.518,5,5,"other_language",0,0,7.2,7.3,6.4,6.2,7,2,0,5,3.5,2.7,3,56.9,2,4,3,3,4,3,3,3,,,3,3,5,4,5,2,1,2,2,1,1,2,2,1,3,3,4,2,3,2,,,,4,3,3,5,5,3,5,1,3,4,4,4,3,2,4,4,5,2,4,2,2,3,1,2,,1,1,1,1,1,1,1,0,1,0,0,0,0.809,-0.583,55.4,65.3,1,1,1,0,0,"C"
780,"S10","C038","North","technical",22,0.017,0.854,15.7,10,"girl",0.568,4,3,"majority_language",0,0,6.7,6.7,5.6,7.8,6.9,2,3,9,5.3,4.9,4,47.5,5,5,5,3,5,2,1,4,,,3,4,4,2,4,1,1,1,1,1,3,1,2,2,1,1,,3,2,4,,,,4,4,5,,4,5,4,3,4,3,3,3,3,4,4,4,4,5,3,4,3,5,4,2,3,1,1,1,0,1,1,1,1,0,0,0,1,0.876,-0.878,59.5,56.1,1,1,1,0,0,"C"
781,"S10","C038","North","technical",22,0.017,0.854,15.8,10,"girl",-0.787,2,1,"majority_language",0,0,6.4,6.9,6.9,7.9,7,2,8,2,7.4,1.9,3,42.1,5,4,5,3,5,5,4,4,5,4,,5,4,4,,2,3,1,4,3,3,1,1,3,2,1,2,2,1,2,3,3,1,1,2,4,,2,1,2,4,2,2,1,4,2,3,2,3,3,3,3,2,5,,4,5,3,1,1,0,1,0,0,1,0,0,0,1,0,0.825,-0.392,43.8,57,1,0,1,0,0,"A"
782,"S10","C038","North","technical",22,0.017,0.854,15.5,10,"girl",0.407,3,2,"majority_language",0,0,7,6.6,6.7,6,6.2,1,2,4,4.1,1.9,2,51.4,3,3,5,3,4,5,3,3,5,4,5,4,4,3,3,1,2,4,3,1,1,1,2,2,3,2,1,1,1,2,1,1,3,5,4,5,5,4,4,3,4,4,5,5,5,2,3,,5,3,5,5,3,5,5,4,3,5,1,0,1,0,0,1,,0,0,0,0,0,0.772,-0.566,46.3,59.9,1,0,1,0,0,"A"
783,"S10","C038","North","technical",22,0.017,0.854,16,10,"boy",-0.494,1,3,"majority_language",0,0,6.3,6.8,7.3,6.9,7,2,0,1,6.1,1.9,5,58.1,4,,5,4,4,4,4,3,5,3,3,4,5,4,4,1,1,1,2,2,1,1,1,1,,,,1,1,1,1,1,1,5,5,5,5,4,5,5,3,5,5,5,5,4,,,5,4,5,3,5,4,5,5,3,3,1,1,0,,0,0,0,,0,0,0,0,0.483,-0.988,45.8,38.1,1,1,1,0,0,"B"
784,"S10","C039","North","technical",21,0.017,-0.487,16.1,10,"another_or_no_answer",1.029,4,3,"majority_language",0,0,8.1,7.7,,7.9,7.1,7,0,,8,2.5,5,53.5,2,2,2,5,4,3,3,4,3,4,,,,,,2,2,2,1,1,3,4,3,2,2,2,2,,,,,,,3,5,1,3,2,4,4,5,3,4,,,,,,4,5,2,5,5,3,2,3,3,,0,0,1,1,1,0,1,1,0,0,0,0,0.936,1.015,68.3,61.1,1,0,1,0,1,"A"
785,"S10","C039","North","technical",21,0.017,-0.487,15.1,10,"boy",-0.557,3,1,"majority_language",0,0,6.7,5.9,,7.9,7.4,6,9,,7.1,1.8,2,50.9,5,,4,4,5,5,,,,,,,,,,4,2,3,3,3,3,4,2,3,2,3,5,,,,,,,5,2,3,3,3,4,3,,5,3,,,,,,3,2,4,3,3,5,3,3,4,3,1,1,1,1,1,,0,1,,0,1,1,0.761,-1.154,49.7,46.7,1,1,1,0,1,"C"
786,"S10","C039","North","technical",21,0.017,-0.487,15.1,10,"girl",-0.682,3,1,"other_language",0,0,6.4,5.9,6.4,7.1,6.3,5,4,11,4.5,3.3,2,53.8,5,3,5,4,5,5,4,4,4,5,,5,5,4,5,3,3,4,2,3,3,4,2,3,4,1,3,2,,3,2,2,3,2,,,4,3,2,4,4,4,5,4,4,2,3,4,4,5,3,5,4,4,4,3,4,2,0,0,0,0,0,1,0,0,0,0,0,0,0.589,-0.536,35,58.9,1,0,1,0,0,"A"
787,"S10","C039","North","technical",21,0.017,-0.487,14.9,10,"boy",0.403,2,5,"majority_language",0,0,6.4,6,6.3,6.6,6.9,6,0,2,7.1,3.6,3,52.5,4,4,5,3,5,4,3,4,4,2,2,3,5,5,2,3,3,,3,3,4,2,2,4,,,,1,,2,2,3,4,5,3,4,4,4,,4,4,2,4,3,3,,,,5,5,5,4,2,5,4,5,3,4,1,1,1,0,1,1,0,0,1,0,0,0,0.756,-0.925,43,39.1,1,1,1,0,0,"B"
788,"S10","C039","North","technical",21,0.017,-0.487,14.8,10,"girl",-0.233,4,2,"majority_language",0,0,6,5.8,,6.3,6.3,6,3,,10.8,4.2,3,48.2,3,5,3,4,3,3,5,3,4,,,,,,,2,3,2,3,2,,2,4,3,,,,,,,,,,5,4,3,3,3,4,5,3,4,5,,,,,,2,5,2,,4,3,2,4,3,4,1,1,0,0,0,0,0,0,0,0,0,0,0.714,-2.065,34.8,26.6,1,1,1,0,1,"B"
789,"S10","C039","North","technical",21,0.017,-0.487,15.5,10,"girl",-0.032,2,2,"other_language",1,1,6.3,6.1,6.3,6.9,6.4,4,3,0,3.2,6.1,1,37,2,2,2,2,,4,3,4,4,5,4,2,2,3,,3,3,3,1,2,3,2,3,2,,,,3,4,4,2,4,3,4,2,3,3,3,3,3,4,5,5,2,5,4,,,,,5,1,2,3,3,3,4,2,0,0,0,1,0,0,0,0,0,0,0,0,0.828,-0.043,45.3,63.4,1,1,1,0,0,"B"
790,"S10","C039","North","technical",21,0.017,-0.487,15.7,10,"girl",-0.226,3,3,"other_language",0,0,6.2,6.4,5.8,7.7,7.5,3,7,5,4.7,3.2,2,50.1,3,4,4,3,5,4,5,4,,,4,4,2,3,4,3,2,2,2,2,3,3,1,2,3,2,3,,3,2,,,,4,3,3,5,3,3,5,3,4,2,2,4,2,3,3,3,3,4,4,5,2,3,4,3,4,1,1,1,1,1,1,0,1,1,0,1,0,0.35,-1.206,30.6,31.9,0,1,1,0,0,"C"
791,"S10","C039","North","technical",21,0.017,-0.487,15.2,10,"boy",0.694,2,2,"majority_language",0,0,8.3,8.2,8.6,7.2,7,0,1,8,8.5,1.4,5,62.5,5,5,5,4,4,5,5,5,5,5,4,5,4,5,3,2,3,1,,1,,1,1,1,,,,2,2,1,2,1,2,2,3,2,3,2,3,4,4,2,4,4,4,5,,,4,5,5,5,5,5,4,5,5,3,1,1,1,1,1,1,1,1,1,0,1,0,0.802,-0.286,45.4,60.9,1,1,1,0,0,"B"
792,"S10","C039","North","technical",21,0.017,-0.487,15.8,10,"boy",-1.262,1,1,"majority_language",1,0,7.3,7,7.2,5.4,7.3,2,2,0,6.9,2.7,4,51.1,5,4,3,3,4,5,3,,,,3,4,3,5,4,1,1,1,1,1,1,2,,1,1,,3,1,1,1,,,,5,5,5,4,5,5,4,5,5,5,4,4,5,4,,4,4,4,5,3,4,3,5,3,4,0,1,1,1,1,1,0,1,1,0,0,0,0.806,-0.765,58.2,73.7,0,1,1,0,0,"C"
793,"S10","C039","North","technical",21,0.017,-0.487,15.1,10,"girl",-1.412,1,2,"majority_language",0,0,6.4,,,5.7,4.9,2,,,1.2,5.6,2,39.4,3,2,1,,2,,,,,,,,,,,4,4,3,5,4,4,,,,,,,,,,,,,3,2,2,2,2,,,,,,,,,,,2,2,3,2,3,3,4,,2,4,0,1,1,0,0,1,0,0,0,0,0,0,0.875,-0.508,41.3,53.4,1,1,1,1,1,"B"
794,"S10","C039","North","technical",21,0.017,-0.487,15.4,10,"girl",-0.014,3,3,"other_language",0,0,6.3,,,8.3,7,1,,,4.4,2,4,47.1,4,4,5,4,4,,,,,,,,,,,2,1,1,2,4,1,,,,,,,,,,,,,3,2,5,4,3,,,,,,,,,,,3,2,4,4,4,4,3,4,3,3,1,1,0,1,0,1,1,,0,0,0,,0.866,1.428,53,62.5,1,1,1,1,1,"C"
795,"S10","C039","North","technical",21,0.017,-0.487,14.9,10,"girl",-0.801,1,1,"majority_language",0,0,7.4,7.1,6.8,6.6,6.8,0,19,10,4.5,3.2,1,37.4,2,4,3,2,,4,4,3,,3,3,4,4,,5,3,4,5,5,4,4,5,4,3,,,,4,4,4,,4,,2,2,4,3,3,1,,1,1,1,2,3,3,,,4,4,2,1,3,5,4,5,4,4,1,0,1,1,0,0,0,0,0,0,0,0,0.943,0.995,45.5,52.9,1,1,1,0,0,"B"
796,"S10","C039","North","technical",21,0.017,-0.487,15.4,10,"girl",-0.68,2,1,"majority_language",0,0,6.9,5.6,6.5,7.3,7.3,2,8,4,8.7,2.6,4,58,5,5,4,,5,3,5,5,5,4,3,5,3,5,4,1,3,3,,1,3,3,2,2,,,,1,2,3,2,4,3,4,3,3,3,4,5,4,5,5,4,4,5,5,,,4,3,3,3,3,3,5,3,3,5,1,1,1,1,1,0,1,1,0,0,0,0,0.718,-1.058,50.2,47.6,1,1,1,0,0,"B"
797,"S10","C039","North","technical",21,0.017,-0.487,15.7,10,"boy",0.303,2,5,"majority_language",0,0,7.6,,,5.6,6.9,3,,,8.5,2.7,3,49.3,4,4,3,5,4,,,,,,,,,,,,1,1,1,1,1,,,,,,,,,,,,,2,3,4,4,3,,,,,,,,,,,3,4,3,2,3,2,3,2,3,4,0,0,1,1,0,0,1,0,0,1,0,0,0.491,0.136,56.9,43.9,1,1,1,1,1,"C"
798,"S10","C039","North","technical",21,0.017,-0.487,15,10,"girl",-0.679,3,2,"majority_language",0,0,6.7,6.1,,6.8,6.7,5,3,,5.8,2.5,3,45.3,3,3,4,4,4,4,2,4,,3,,,,,,2,3,2,,1,2,1,3,4,,,,,,,,,,4,5,3,3,3,4,5,3,5,3,,,,,,2,4,3,4,5,3,4,4,,5,1,0,1,0,1,0,0,1,0,0,,0,0.665,-0.041,48.2,35.4,1,1,1,0,1,"B"
799,"S10","C039","North","technical",21,0.017,-0.487,15.9,10,"girl",-0.203,1,3,"majority_language",0,0,7.1,7.2,8.1,7.5,6.8,2,2,4,5.2,1.5,5,42.8,5,5,4,5,5,4,5,4,4,5,1,4,4,5,5,1,1,2,1,1,4,3,1,2,,,,2,1,3,1,1,3,2,2,2,3,3,2,2,2,4,2,3,3,2,,,3,3,4,4,4,3,3,4,4,,0,1,0,1,1,0,0,0,0,0,0,0,0.477,0.265,34.9,49.1,1,1,1,0,0,"B"
800,"S10","C039","North","technical",21,0.017,-0.487,15.5,10,"boy",0.573,3,5,"majority_language",0,0,8.5,9,7.1,7.2,7,2,1,6,9.3,1.8,4,58.7,5,4,4,5,4,5,5,5,,,5,4,3,3,5,2,1,1,1,1,1,1,1,1,1,1,1,3,,1,,,,4,5,4,4,5,3,3,1,3,3,3,4,2,4,3,4,5,3,5,4,2,2,1,2,2,0,1,1,1,0,0,1,1,1,0,0,0,0.829,0.57,48.2,38.6,0,1,1,0,0,"C"
801,"S10","C039","North","technical",21,0.017,-0.487,15.5,10,"boy",0.192,3,3,"other_language",0,0,7.2,,,6.5,7.6,6,,,7.2,4.1,1,53.9,5,5,5,4,5,,,,,,,,,,,2,1,1,1,2,3,,,,,,,,,,,,,3,4,1,2,5,,,,,,,,,,,2,4,2,4,2,4,3,5,4,5,1,1,1,0,1,1,,0,1,0,0,0,0.767,-0.73,50.3,46.8,1,1,1,1,1,"B"
802,"S10","C039","North","technical",21,0.017,-0.487,15.8,10,"girl",0.949,3,4,"majority_language",0,1,7.7,7,7.7,7.3,6.3,2,0,2,5.4,0.7,5,45.7,5,5,5,4,5,5,5,4,4,5,5,5,5,5,5,2,3,2,4,2,3,2,3,1,1,3,3,1,1,2,1,1,2,3,3,4,4,5,3,4,4,4,4,2,1,2,3,3,5,3,4,5,3,,2,2,2,3,1,1,1,0,1,1,0,1,0,0,0,0,0.916,0.263,61.5,61.9,1,0,0,0,0,"A"
803,"S10","C039","North","technical",21,0.017,-0.487,15.7,10,"girl",-0.039,1,2,"majority_language",0,0,7.8,,,7.1,6.7,7,,,7.4,2.6,2,50.4,3,3,3,3,2,,,,,,,,,,,2,1,2,1,1,3,,,,,,,,,,,,,4,4,3,3,3,,,,,,,,,,,3,3,3,3,3,4,4,2,,3,1,0,1,1,1,1,1,0,0,0,0,0,0.714,1.175,52.3,41.3,1,1,1,1,1,"B"
804,"S10","C039","North","technical",21,0.017,-0.487,15.6,10,"boy",-0.186,3,3,"majority_language",0,0,7.3,6.9,6.2,6.3,7.3,6,3,1,9,3.1,4,46.2,5,5,4,4,3,2,3,2,3,2,2,3,4,1,2,1,1,1,1,1,2,3,2,,,,,3,1,4,2,2,3,3,2,,3,4,,3,4,4,,4,2,,,,4,2,3,2,4,2,3,4,3,4,0,0,1,0,0,0,0,0,0,0,0,0,0.751,-0.762,47.4,36.7,1,1,1,0,0,"B"
805,"S10","C040","North","technical",28,0.017,1.703,17,11,"boy",-0.696,3,1,"majority_language",0,0,6.3,6.9,,6.8,7.1,5,0,,3.3,3.9,2,49.3,3,3,3,4,2,4,3,3,,3,,,,,,3,3,1,3,2,2,5,3,,,,,,,,,,,4,3,4,4,3,3,5,4,3,4,,,,,,2,3,3,2,2,4,4,5,4,5,0,1,1,0,0,0,0,0,0,0,0,0,0.644,-0.882,40.9,46.1,0,1,1,0,1,"B"
806,"S10","C040","North","technical",28,0.017,1.703,16.6,11,"another_or_no_answer",0.64,,3,"majority_language",0,0,7.3,6.4,6.3,7.3,7.8,1,3,7,3.3,2.4,2,49.4,3,,,4,,4,5,5,3,4,5,5,5,4,5,2,2,,1,2,2,,3,2,,,,3,3,4,2,2,2,5,5,4,4,4,4,5,3,,2,4,5,3,,,3,4,3,3,4,5,4,5,4,4,1,1,1,1,1,0,1,1,0,0,1,1,0.524,-0.152,41.2,34.8,1,1,1,0,0,"B"
807,"S10","C040","North","technical",28,0.017,1.703,16.6,11,"boy",0.026,4,2,"majority_language",0,0,7.4,8.5,8.2,6.8,7.3,4,2,2,6.3,1.3,5,60.3,5,5,4,4,5,4,3,4,,,5,5,5,2,4,2,1,,1,1,2,1,1,1,1,1,1,1,1,1,,,,,3,4,5,5,2,3,3,3,4,2,2,5,4,4,4,3,2,1,4,5,3,3,4,5,1,1,,1,0,1,0,1,1,1,0,0,0.838,2.26,77.3,42.1,1,1,1,0,0,"C"
808,"S10","C040","North","technical",28,0.017,1.703,16.5,11,"boy",-0.557,4,1,"majority_language",0,0,6.6,6.1,6.6,5.6,7.7,3,23,7,8.3,2.9,3,50.9,4,3,3,2,3,4,2,3,2,3,2,,2,3,2,1,1,2,4,3,3,4,5,4,,,,4,3,3,4,5,5,4,3,,5,,1,3,3,4,,1,2,,,,5,5,5,5,5,5,3,4,4,4,0,1,1,0,1,1,1,1,1,1,0,0,0.52,-1.229,46.5,35.1,1,1,1,0,0,"B"
809,"S10","C040","North","technical",28,0.017,1.703,15.5,11,"another_or_no_answer",-0.042,2,1,"majority_language",0,0,6.1,7.1,6.9,7.6,7.2,1,0,2,6.5,2.7,5,51.8,3,4,4,3,5,4,4,3,3,4,3,3,5,2,3,3,3,1,3,3,2,1,2,1,,,,1,2,4,3,2,1,3,4,4,4,3,5,5,5,4,5,5,5,5,,,3,5,4,4,3,5,5,4,3,5,0,1,1,1,0,1,1,0,0,0,0,,0.862,-0.113,50.6,51.9,1,1,1,0,0,"B"
810,"S10","C040","North","technical",28,0.017,1.703,16.3,11,"boy",0.032,5,5,"majority_language",0,0,6.5,7.5,7.4,6.4,7.4,4,9,3,9,4,3,45.3,4,5,2,3,2,2,4,3,4,3,4,3,3,2,3,2,3,1,2,2,3,1,3,2,2,1,1,2,4,2,1,3,1,5,5,5,3,4,5,,3,5,5,5,5,5,3,,3,3,4,5,4,4,3,4,4,4,0,0,1,1,1,1,1,0,0,0,0,0,0.659,0.26,36.9,40.7,0,1,1,0,0,"A"
811,"S10","C040","North","technical",28,0.017,1.703,16.6,11,"girl",-0.079,2,1,"other_language",0,0,5.8,,,7.3,6.8,10,,,5.2,1.4,3,57.4,4,,3,3,4,,,,,,,,,,,3,1,2,2,3,2,,,,,,,,,,,,,4,3,5,5,5,,,,,,,,,,,4,4,4,4,5,,,3,5,3,1,1,0,1,1,0,0,0,0,0,0,0,,,,,1,1,1,1,1,"B"
812,"S10","C040","North","technical",28,0.017,1.703,17.4,11,"boy",0.3,4,3,"majority_language",0,0,7.1,6.7,5.9,6,7.4,2,1,7,6.1,4.4,1,45.9,2,4,2,3,5,3,5,4,4,5,5,4,4,4,4,1,4,3,3,3,3,1,4,3,1,3,1,1,2,2,1,3,2,4,5,5,5,5,5,4,3,5,5,5,5,4,5,5,5,3,5,5,5,4,3,5,3,2,0,1,1,1,1,0,0,0,0,0,1,0,,,,,1,0,0,0,0,"A"
813,"S10","C040","North","technical",28,0.017,1.703,17,11,"boy",1,5,3,"majority_language",0,0,8.2,7.3,7.2,7.8,8.4,1,6,16,5,2.7,1,57.7,4,5,3,3,5,3,2,2,5,2,3,4,4,4,5,3,2,2,2,2,1,1,1,3,,,,2,2,1,3,3,2,5,4,3,2,3,3,3,4,2,4,3,2,2,,,4,3,3,3,4,4,2,4,4,3,1,1,1,1,1,1,1,1,1,0,1,0,0.686,0.59,54,57,0,1,1,0,0,"B"
814,"S10","C040","North","technical",28,0.017,1.703,16,11,"girl",1.076,5,2,"majority_language",0,0,7.3,8.1,8.2,7.7,7.1,1,0,3,9.9,1.9,5,63.9,4,5,5,5,5,5,4,5,5,5,5,5,5,5,4,1,1,1,1,1,1,1,,1,,,,1,1,3,1,1,1,5,4,4,4,5,5,5,4,4,3,5,5,5,,,5,4,5,5,5,5,2,3,3,5,1,1,1,1,1,1,1,1,1,0,1,0,0.9,0.088,64.1,56.4,0,1,1,0,0,"B"
815,"S10","C040","North","technical",28,0.017,1.703,16.5,11,"girl",1.969,5,5,"majority_language",1,0,7.5,7.8,8.1,7.9,8.1,0,0,4,6.2,1.5,5,50.8,4,5,5,2,5,4,5,5,,,4,4,5,4,5,1,2,1,1,1,2,2,1,1,2,1,1,2,3,1,,,,4,5,5,5,5,4,4,4,3,4,4,4,3,3,3,4,,5,4,5,5,4,4,5,5,1,1,1,1,1,1,1,1,1,1,1,1,0.556,0.407,51.4,45.2,1,1,1,0,0,"C"
816,"S10","C040","North","technical",28,0.017,1.703,16.6,11,"girl",-0.148,3,1,"majority_language",0,0,6.6,,,5.6,8.7,4,,,5.9,2.8,2,41.4,3,2,3,4,2,,,,,,,,,,,1,3,2,2,3,3,,,,,,,,,,,,,3,5,5,5,4,,,,,,,,,,,2,2,3,4,2,5,5,5,4,3,1,0,0,1,0,0,0,0,1,1,1,0,0.765,-0.454,54.3,46.7,0,1,1,1,1,"C"
817,"S10","C040","North","technical",28,0.017,1.703,16.4,11,"girl",1.151,5,,"other_language",0,0,7.9,7.5,6.4,8.1,6.4,2,4,2,9.4,2,3,65.6,5,4,4,4,5,5,5,3,5,4,4,5,5,5,4,2,1,2,1,2,3,2,1,1,,,,1,1,1,2,,3,2,2,2,4,5,2,4,3,3,3,3,5,3,,,2,4,5,4,2,4,3,3,5,4,1,1,1,1,1,1,1,0,0,0,0,0,0.849,1.136,63.9,33.2,0,1,1,0,0,"B"
818,"S10","C040","North","technical",28,0.017,1.703,16.3,11,"boy",-1.157,3,1,"other_language",1,0,6.9,6.4,6.2,7.9,7.1,0,1,4,5.9,3.8,1,63.1,3,3,3,3,3,5,4,,,4,5,5,4,4,4,2,3,4,3,,4,4,,3,,,,2,3,2,2,2,2,4,3,4,4,3,4,,2,2,3,4,4,2,,,2,3,2,3,5,4,3,4,5,4,1,1,1,1,1,0,1,1,0,,0,0,0.905,-1.141,57.1,57.9,1,1,1,0,0,"B"
819,"S10","C040","North","technical",28,0.017,1.703,16.2,11,"boy",0.491,5,2,"majority_language",0,0,7.2,,,6.4,7.2,2,,,6.4,3,3,53.9,5,5,5,4,5,,,,,,,,,,,2,2,2,1,1,2,,,,,,,,,,,,,,5,5,5,5,,,,,,,,,,,4,4,4,5,4,5,3,5,5,5,1,1,1,1,1,,1,0,0,0,0,0,0.896,-1.221,48.1,65.7,1,1,1,1,1,"C"
820,"S10","C040","North","technical",28,0.017,1.703,17.2,11,"girl",0.517,4,1,"majority_language",0,0,8.1,8.2,8.5,8.9,8.4,3,2,0,10.8,1.1,3,55,5,5,4,3,4,5,5,5,3,5,4,3,3,4,5,2,1,1,1,1,1,1,2,2,1,1,1,1,2,2,2,3,3,5,5,4,5,5,5,5,,5,5,3,4,3,5,5,4,4,3,4,4,5,5,5,,5,1,1,1,1,1,1,0,0,1,1,0,0,0.851,0.773,54,45.5,1,1,0,0,0,"A"
821,"S10","C040","North","technical",28,0.017,1.703,16.4,11,"boy",2.246,5,4,"majority_language",0,0,8,8.2,8.2,8.4,8.6,1,0,4,9.6,0.7,5,56.8,5,5,4,5,3,5,4,4,,,4,3,3,2,3,1,1,1,2,2,1,1,1,2,4,3,1,1,1,1,,,,3,4,4,3,4,4,4,4,5,3,4,,4,2,5,5,5,5,5,5,4,4,3,4,5,1,1,1,1,1,1,0,1,1,1,0,0,0.968,1.198,65.8,58.3,0,1,1,0,0,"C"
822,"S10","C040","North","technical",28,0.017,1.703,16.7,11,"boy",1.063,4,4,"majority_language",0,0,7.8,7.7,7.5,8,8.2,3,0,3,11.1,1.3,4,60.7,2,4,3,2,3,3,5,4,,,2,3,5,3,3,1,1,1,2,1,1,1,1,1,2,1,1,1,1,,,,,4,5,5,4,5,3,4,4,4,5,5,3,4,5,3,4,4,5,3,4,5,5,3,3,4,1,1,1,1,1,1,1,0,0,1,0,0,0.856,0.023,42.3,31.6,0,1,1,0,0,"C"
823,"S10","C040","North","technical",28,0.017,1.703,16.2,11,"boy",0.395,1,4,"majority_language",0,0,6.4,6.2,6.3,7.3,7.3,3,5,2,8.7,1.7,3,50.7,3,2,2,4,4,4,2,3,,,2,2,2,4,5,1,2,3,,2,2,1,1,1,2,1,1,2,2,1,,,,4,2,3,4,3,5,5,5,5,5,4,5,3,,,4,4,3,4,4,4,3,2,2,4,1,1,1,1,1,1,1,0,0,0,0,0,0.758,-0.708,42.5,38.1,1,1,1,0,0,"C"
824,"S10","C040","North","technical",28,0.017,1.703,16,11,"boy",-0.811,4,2,"other_language",0,0,7.1,6.4,6.9,6.7,6.8,4,2,0,3.7,3.3,3,58.6,5,2,3,4,3,5,4,4,3,4,4,3,2,4,3,4,2,,4,3,3,2,,1,,,,3,4,2,3,3,4,3,4,4,2,4,3,3,4,4,3,,2,2,,,,5,5,4,,4,3,3,4,3,0,,1,1,1,0,0,,0,0,0,0,0.763,-1.758,56.2,56.2,1,1,1,0,0,"B"
825,"S10","C040","North","technical",28,0.017,1.703,16.8,11,"girl",-0.73,2,2,"other_language",0,0,6.8,8.3,7.9,7.9,7.3,11,3,3,8.1,2.6,5,58.1,5,5,5,5,5,4,5,5,3,5,4,5,5,5,5,1,1,1,,2,3,3,1,3,,,,1,1,1,1,1,2,2,2,5,4,3,4,,3,5,5,2,4,5,,,4,4,3,3,3,5,5,5,5,5,1,1,0,1,0,0,1,1,0,0,0,0,0.78,0.086,48.3,45.9,1,1,1,0,0,"B"
826,"S10","C040","North","technical",28,0.017,1.703,17.4,11,"girl",-0.129,2,5,"other_language",1,0,7.6,7.3,6.8,8.1,6.6,3,7,3,5.3,2.7,4,60.1,3,3,4,2,4,3,3,2,4,3,5,5,5,5,4,2,2,1,,3,1,1,3,2,2,2,2,3,3,4,4,3,4,,2,1,3,2,3,,1,2,4,3,5,4,4,5,1,4,3,3,,5,4,3,5,3,1,0,1,1,0,0,1,1,0,,0,1,0.873,0.172,54.5,54.4,1,1,0,0,0,"A"
827,"S10","C040","North","technical",28,0.017,1.703,16.6,11,"girl",-0.867,3,2,"other_language",0,0,6.4,5.8,6.8,6.9,5.5,3,2,5,4.3,4.1,5,41.5,5,3,2,4,5,,3,5,,,4,3,4,3,5,,,3,2,3,4,2,3,2,2,2,2,1,1,2,,,,,,3,3,4,2,3,3,2,2,5,5,4,3,3,3,2,2,3,4,4,3,5,2,5,1,1,1,0,1,0,1,0,1,0,1,1,0.584,-0.814,42.8,52.3,1,1,1,0,0,"C"
828,"S10","C040","North","technical",28,0.017,1.703,16.4,11,"boy",-0.121,4,4,"majority_language",1,0,7.1,6.6,6.4,6.2,6.1,2,4,4,3.1,4.1,5,45.1,5,1,3,4,4,,2,5,,,2,3,4,4,3,2,3,2,3,1,2,3,2,1,3,2,2,3,4,3,,,,5,5,2,5,4,4,4,5,5,4,3,5,4,,3,3,3,3,2,3,2,2,2,3,2,0,1,1,0,0,1,0,0,,0,0,,0.723,-0.272,51.4,56.9,1,1,1,0,0,"C"
829,"S10","C040","North","technical",28,0.017,1.703,16.7,11,"girl",1.309,4,5,"majority_language",0,0,7.6,7.3,7.1,7.2,7.6,2,2,4,4.9,1.6,5,53.7,4,5,4,5,4,5,5,4,4,5,5,4,5,5,4,2,2,3,2,1,1,2,2,2,2,2,1,1,1,1,1,2,1,3,3,2,2,4,4,3,3,5,4,3,4,5,4,4,3,4,4,4,4,4,4,5,5,4,1,1,1,1,1,1,1,1,1,1,0,,0.859,1.523,68.9,69.4,1,0,0,0,0,"A"
830,"S10","C040","North","technical",28,0.017,1.703,16.6,11,"boy",-0.234,3,1,"other_language",0,0,5.5,,,7.6,6,4,,,3.6,5,2,38,5,2,,4,2,,,,,,,,,,,5,,3,2,3,2,,,,,,,,,,,,,2,1,4,3,4,,,,,,,,,,,,4,3,1,4,4,3,4,3,5,1,0,1,0,0,0,0,0,0,0,0,0,0.601,0.434,57.9,44.4,1,1,1,1,1,"C"
831,"S10","C040","North","technical",28,0.017,1.703,16.1,11,"girl",-1.05,1,3,"majority_language",0,0,6.9,7.4,7.3,7,6.6,8,0,0,7,2.1,1,44.6,2,2,3,3,5,4,3,2,,,,5,4,4,5,2,3,3,3,2,4,3,1,3,1,2,3,2,1,2,,,,4,5,3,5,5,5,5,5,5,5,5,5,5,5,5,2,,2,5,4,2,4,,2,3,1,0,1,0,1,0,0,0,0,0,0,0,0.764,-0.166,47.1,41,1,1,1,0,0,"C"
832,"S10","C040","North","technical",28,0.017,1.703,16.3,11,"girl",-0.543,3,2,"majority_language",0,0,6,6.5,6.7,7,6.9,2,4,7,3.9,2.4,2,50,2,5,4,2,3,3,3,2,,,4,3,2,3,3,2,2,1,3,2,2,1,1,1,3,1,1,2,1,2,,,,5,5,4,5,4,4,5,5,5,5,5,5,4,4,5,2,4,3,2,2,4,5,5,3,5,1,1,1,1,1,1,1,0,0,0,0,0,0.849,-0.745,51.1,52,0,1,1,0,0,"C"
833,"S11","C041","North","technical",20,1.328,0.264,14.3,9,"girl",2.173,5,5,"majority_language",0,0,9,8.3,7.7,8.4,6.4,3,5,1,10.2,4.1,5,66.4,4,5,,,5,5,5,5,4,5,5,4,5,5,5,1,1,1,1,1,1,1,1,1,,,,1,1,1,2,1,1,3,3,4,4,2,5,3,3,3,5,4,4,3,,,5,5,5,5,5,4,3,4,4,4,1,1,1,1,1,0,1,1,1,1,1,0,0.797,0.072,59.1,55.5,1,1,1,0,0,"B"
834,"S11","C041","North","technical",20,1.328,0.264,14.4,9,"girl",0.442,4,4,"majority_language",0,0,8.3,8.6,9,7.5,7.3,5,2,3,9.1,2,5,59.4,5,5,5,5,5,5,5,5,5,5,5,5,5,5,5,1,1,1,1,1,1,1,1,1,,,,1,2,1,1,2,1,3,3,4,5,2,1,3,5,3,2,2,2,2,,,5,5,5,4,2,5,3,5,5,5,1,1,1,0,1,0,1,1,0,0,1,0,0.882,0.766,61.2,60.3,0,1,1,0,0,"B"
835,"S11","C041","North","technical",20,1.328,0.264,14.2,9,"boy",0.598,3,5,"other_language",0,0,7.2,7.6,7.3,7.5,8.5,1,5,4,7.7,2.4,3,50.5,2,,4,3,1,3,2,3,3,2,2,4,3,4,2,2,1,3,1,1,2,2,3,2,,,,2,2,,3,3,3,4,5,4,4,4,4,5,5,5,3,4,3,4,,,3,4,4,4,4,3,4,2,2,4,1,1,1,1,1,1,1,1,1,1,0,1,0.63,0.016,54.8,58.3,1,1,1,0,0,"B"
836,"S11","C041","North","technical",20,1.328,0.264,14.2,9,"girl",0.557,2,4,"majority_language",1,0,7.1,6.9,,6.7,6,7,3,,10.3,2.2,4,46.4,4,4,5,5,4,3,4,3,,,,,,,,2,4,3,2,1,4,1,2,2,2,3,3,,,,,,,3,3,5,4,4,4,3,5,5,3,,,,,,4,4,5,3,4,2,3,4,4,4,1,1,1,0,0,0,1,1,0,0,1,0,0.769,-0.384,40.2,54.9,0,1,1,0,1,"C"
837,"S11","C041","North","technical",20,1.328,0.264,14.9,9,"girl",0.388,3,4,"majority_language",0,0,7.9,7.2,7.1,6.4,7.5,2,3,2,5.7,3.5,2,48.5,3,2,3,1,3,5,5,1,3,,5,2,5,4,4,2,2,2,1,1,2,3,3,1,,,,2,2,1,1,1,1,4,3,4,4,5,4,5,4,5,,5,5,4,,,2,4,3,2,4,3,2,2,5,3,1,1,1,1,0,1,1,1,1,1,0,0,0.79,1.503,50.8,59.4,0,1,1,0,0,"B"
838,"S11","C041","North","technical",20,1.328,0.264,14.5,9,"boy",1.077,4,3,"majority_language",0,0,7.6,7.3,7.4,7.5,6.2,1,0,2,5.5,2.5,4,47.6,3,3,4,4,2,5,4,5,,,4,5,5,5,3,1,2,1,1,1,1,1,2,2,1,2,1,2,2,2,,,,5,3,4,4,3,3,3,4,3,4,2,4,5,4,5,4,2,5,2,3,4,5,5,5,3,1,,0,0,0,0,0,0,0,0,0,0,0.855,-0.537,45.1,45.2,1,1,1,0,0,"C"
839,"S11","C041","North","technical",20,1.328,0.264,14.1,9,"girl",-0.479,2,2,"majority_language",0,0,7.7,7.9,7.9,7.1,8.2,2,3,0,8.3,2.8,2,55.9,,4,3,5,3,4,5,4,,4,4,4,2,4,3,1,1,4,3,2,4,1,2,,,,,1,1,1,2,2,1,5,5,4,4,5,4,3,3,3,2,5,4,4,,,3,2,2,2,4,4,4,4,2,4,1,1,1,1,1,1,0,1,1,1,0,1,0.814,0.489,60.4,39,1,1,1,0,0,"B"
840,"S11","C041","North","technical",20,1.328,0.264,14.3,9,"boy",-0.211,3,5,"majority_language",0,0,7.6,7.6,8,7,6.8,3,1,2,9.8,1.5,4,54,4,5,4,4,4,4,4,3,,,5,4,5,3,3,2,1,1,1,2,1,1,1,1,1,1,3,2,1,2,,,,4,3,5,3,4,3,5,4,3,5,4,4,5,3,4,2,4,2,3,3,5,5,4,4,5,1,1,1,1,1,0,1,1,1,0,0,0,0.83,0.246,38.2,57.4,0,1,1,0,0,"C"
841,"S11","C041","North","technical",20,1.328,0.264,14.6,9,"girl",-0.378,1,2,"majority_language",0,0,6.2,6.6,7.5,6.5,6.7,1,5,2,4.7,6.3,2,46.7,3,2,5,3,4,4,2,4,2,3,3,3,5,3,2,4,5,3,,5,4,,,4,,,,3,4,5,2,3,1,4,3,3,4,2,1,2,2,2,2,3,2,4,,,4,2,4,3,3,5,4,5,3,5,0,1,1,1,1,1,1,0,1,0,1,0,0.583,-0.997,43.1,48.4,1,1,1,0,0,"B"
842,"S11","C041","North","technical",20,1.328,0.264,14.5,9,"boy",0.098,3,1,"majority_language",0,0,8.1,7.6,8.1,8.6,9.3,4,0,0,11.1,1.5,5,54,4,5,5,5,4,5,5,4,5,4,5,5,4,5,5,2,1,1,1,1,2,1,1,1,,,,1,1,1,1,1,1,5,5,4,5,5,5,5,5,5,5,5,5,5,,,4,5,5,3,5,5,4,4,4,5,1,1,1,1,1,1,1,1,1,1,0,1,,,,,1,1,1,0,0,"B"
843,"S11","C041","North","technical",20,1.328,0.264,15.1,9,"girl",-1.13,2,1,"majority_language",0,0,7,7.1,,6.5,5.3,5,11,,8.6,2.1,2,59.1,4,4,3,5,,3,1,2,2,2,,,,,,2,3,2,4,4,2,2,2,2,,,,,,,,,,3,3,4,2,2,3,5,4,3,3,,,,,,4,2,4,5,4,5,4,4,,5,1,1,0,1,1,1,0,0,1,1,0,0,0.909,1.995,63.6,58.3,1,1,1,0,1,"B"
844,"S11","C041","North","technical",20,1.328,0.264,14.3,9,"boy",0.549,2,5,"majority_language",0,0,8.1,7.2,7.7,6.6,7.3,1,1,2,4.4,1.7,2,48,4,4,4,2,3,3,5,3,4,2,4,4,5,4,5,4,1,3,1,3,3,3,2,1,,,,1,1,1,1,3,2,4,3,4,5,4,5,5,3,5,3,3,4,3,,,5,4,4,5,4,5,5,5,4,4,1,1,1,1,1,1,0,1,0,1,1,0,0.806,0.242,53.8,52.9,0,1,1,0,0,"B"
845,"S11","C041","North","technical",20,1.328,0.264,14.5,9,"girl",0.746,3,5,"majority_language",0,0,7.5,,,6.9,7.3,1,,,2.4,3.6,3,38.8,4,2,5,3,1,,,,,,,,,,,3,2,2,2,2,3,,,,,,,,,,,,,4,4,3,3,2,,,,,,,,,,,2,1,4,2,1,3,3,3,1,4,1,1,1,1,0,1,0,0,0,0,0,1,0.874,0.988,74.2,69.2,0,1,1,1,1,"C"
846,"S11","C041","North","technical",20,1.328,0.264,14.7,9,"boy",1.132,3,3,"majority_language",0,0,6.9,,,7.5,7.8,8,,,8.4,2.8,4,51.9,5,5,5,5,5,,,,,,,,,,,3,2,2,1,2,2,,,,,,,,,,,,,4,5,5,5,3,,,,,,,,,,,4,4,5,3,5,5,3,3,3,5,1,1,1,1,1,1,0,0,0,0,,0,0.674,0.458,29.5,59.5,1,1,1,1,1,"B"
847,"S11","C041","North","technical",20,1.328,0.264,14.4,9,"girl",-0.126,4,1,"majority_language",0,0,7.2,7.2,7.4,7.3,6.7,2,2,0,5.4,2.4,4,44.8,3,2,5,4,5,4,4,,4,4,5,4,5,5,3,2,3,3,2,2,4,3,,,3,1,2,3,3,4,2,2,3,2,4,3,4,3,3,5,3,3,2,3,5,4,4,4,3,5,3,2,4,4,3,1,3,4,1,1,1,,1,0,0,0,0,0,0,0,0.598,-0.761,46.7,43,1,1,0,0,0,"A"
848,"S11","C041","North","technical",20,1.328,0.264,14.6,9,"girl",0.511,4,5,"majority_language",0,0,6.5,7.4,7.6,6.8,7.3,0,2,1,5.2,1.2,2,49.8,2,2,4,1,3,2,3,3,,,3,5,4,4,3,4,1,2,1,2,3,2,1,2,2,2,,4,3,2,,,,3,4,5,3,,4,3,3,5,3,5,4,5,4,5,3,3,1,4,2,3,4,3,3,3,,0,0,1,0,0,0,1,0,0,0,,0.857,1.02,51.9,55.2,1,1,1,0,0,"C"
849,"S11","C041","North","technical",20,1.328,0.264,14.5,9,"boy",0.015,4,4,"majority_language",0,0,7,7.8,7.6,7.1,7.3,2,3,2,4.9,2.8,4,52,4,5,3,3,,4,3,5,4,2,5,5,5,5,4,1,3,1,,1,3,2,3,2,2,2,1,2,2,2,1,1,2,2,3,5,2,3,4,5,3,3,4,3,1,3,3,4,2,3,5,2,3,2,2,3,2,3,0,1,0,0,0,0,1,0,0,1,0,0,0.862,0.366,57.4,51.3,1,0,0,0,0,"A"
850,"S11","C041","North","technical",20,1.328,0.264,14.9,9,"girl",1.629,5,5,"majority_language",0,0,8.6,8.3,8.7,10,8,1,3,1,8.1,2.8,5,63.2,4,5,5,3,4,5,5,5,5,5,5,5,5,4,5,2,1,1,1,1,1,2,1,1,1,1,1,1,1,1,1,1,1,5,5,5,4,4,5,5,5,4,5,5,5,4,3,2,5,5,4,4,5,3,5,4,5,5,1,1,1,1,1,1,1,1,0,1,1,0,0.775,0.707,59.2,58.8,0,0,0,0,0,"A"
851,"S11","C041","North","technical",20,1.328,0.264,14.4,9,"another_or_no_answer",0.141,2,2,"majority_language",0,0,8.4,8.6,8.5,8.6,6.8,2,1,5,10.2,1.1,4,54,5,4,5,5,4,4,5,5,5,5,5,4,4,5,5,1,1,1,1,1,1,1,2,,,,,1,2,2,1,2,4,2,3,5,5,5,4,5,5,4,5,4,5,5,,,5,5,4,4,5,4,3,4,4,4,1,1,1,1,1,1,1,1,1,0,0,0,0.744,0.055,63,73.7,0,1,1,0,0,"B"
852,"S11","C041","North","technical",20,1.328,0.264,13.7,9,"boy",0.212,4,2,"other_language",0,0,6.6,6.9,7,6.9,7.7,5,5,3,6.6,3.4,3,45,5,3,3,4,5,5,3,3,5,4,5,5,4,5,5,2,2,1,1,2,3,2,2,2,,,,2,2,3,3,3,3,4,5,4,5,4,5,5,4,5,4,3,4,4,,,3,3,4,2,4,4,4,4,4,2,0,1,1,1,0,0,0,0,1,0,0,0,0.748,-0.211,54.1,49.2,0,1,1,0,0,"B"
853,"S11","C042","North","technical",20,1.328,1.301,15.6,10,"girl",1.023,5,5,"majority_language",1,0,7.4,7.8,6.8,6.5,5.8,8,0,6,3.3,3.8,1,50.9,5,4,1,3,3,4,,5,3,4,5,3,4,5,4,1,3,1,2,2,,2,4,4,2,2,2,2,3,3,2,2,3,5,5,5,4,5,5,4,4,3,3,4,5,4,4,2,2,4,5,3,3,4,4,4,5,3,1,1,1,1,1,1,0,0,1,0,0,0,0.631,-0.998,45.2,25.6,1,1,0,0,0,"A"
854,"S11","C042","North","technical",20,1.328,1.301,15.8,10,"girl",0.863,3,4,"majority_language",0,0,7.4,7.5,8,7.2,7.3,3,1,1,6.1,2.4,2,53.2,3,5,3,4,5,4,5,4,,,5,5,3,4,4,3,1,2,2,2,1,3,1,3,1,1,2,2,1,2,,,,,4,5,5,5,4,4,4,3,5,5,5,3,4,5,5,4,5,4,5,2,3,4,3,2,1,1,1,1,1,1,1,1,0,0,0,1,0.608,-0.15,36.6,43.9,1,1,1,0,0,"C"
855,"S11","C042","North","technical",20,1.328,1.301,15.1,10,"boy",2.376,5,5,"majority_language",0,0,7.8,7.3,6.9,7.2,7.8,3,1,5,7.9,2.1,1,46.5,4,3,3,2,2,5,4,4,3,5,3,4,3,4,4,3,4,2,2,3,3,3,1,2,3,2,2,1,1,3,3,2,1,5,4,4,,4,4,4,3,5,4,,5,3,4,4,5,4,5,4,4,5,5,5,4,4,1,0,0,0,1,1,1,1,1,1,0,0,0.897,1.93,68.3,58.6,1,0,1,0,0,"A"
856,"S11","C042","North","technical",20,1.328,1.301,15.5,10,"girl",0.037,3,3,"majority_language",0,0,7,6.6,7,6,6.9,8,4,2,4.9,2.8,1,50.8,3,4,3,3,5,1,2,4,2,3,4,4,4,4,5,5,3,3,2,1,1,3,,3,,2,2,4,2,4,2,4,4,3,5,5,5,3,4,3,3,4,4,2,3,4,3,3,3,3,4,4,2,4,2,3,4,3,1,0,1,1,1,1,0,1,0,0,1,1,0.662,-1.176,42.2,53,0,1,0,0,0,"A"
857,"S11","C042","North","technical",20,1.328,1.301,15.6,10,"girl",1.839,4,5,"majority_language",0,0,8.3,9,,8.4,7.3,0,0,,8.6,1.4,4,45.6,2,5,5,4,5,5,5,2,4,5,,,,,,2,1,1,1,2,1,1,1,1,1,3,1,,,,,,,5,3,5,4,5,5,4,3,5,5,,,,,,5,3,5,5,3,5,4,5,4,4,1,1,1,1,0,1,1,1,1,1,1,0,0.86,1.752,53.8,63.3,0,0,1,0,1,"A"
858,"S11","C042","North","technical",20,1.328,1.301,15.7,10,"boy",1.393,5,3,"majority_language",0,0,7.4,7.4,8.3,7.4,6.9,4,1,1,6.5,1.9,3,59.4,4,5,4,5,4,1,3,3,2,3,4,5,5,5,4,2,2,2,1,2,3,1,3,2,2,1,2,3,2,2,2,1,3,2,2,2,3,2,4,2,2,4,3,3,3,5,3,3,5,5,5,2,5,3,3,4,3,3,1,1,1,1,1,0,,,1,1,0,1,0.819,0.879,66.5,64.2,1,0,0,0,0,"A"
859,"S11","C042","North","technical",20,1.328,1.301,15.7,10,"girl",0.991,4,5,"majority_language",0,0,6.3,6.8,7.3,5.3,8.2,2,4,4,4.9,1.5,3,42.4,4,3,3,4,3,5,1,4,4,5,5,2,4,2,2,2,2,1,1,2,3,1,1,1,,,,1,1,1,1,1,1,5,5,4,4,5,4,5,4,5,3,5,5,4,,,4,,4,4,4,5,3,4,5,3,1,1,0,1,0,0,0,0,0,0,0,0,0.659,1.255,51.5,45,1,1,1,0,0,"B"
860,"S11","C042","North","technical",20,1.328,1.301,15.3,10,"boy",2.138,5,5,"majority_language",0,0,8.4,7.9,7.1,7.2,7.4,4,1,3,6,2.1,1,43.1,4,4,5,4,3,2,3,4,,,3,5,4,,4,2,4,1,3,3,5,1,3,3,2,1,1,1,3,3,,,,2,2,3,5,4,1,2,2,2,1,2,3,4,2,1,4,4,5,,4,2,2,4,3,2,1,0,1,0,1,1,1,1,1,1,0,1,0.907,1.181,58,70.6,1,1,1,0,0,"C"
861,"S11","C042","North","technical",20,1.328,1.301,15.7,10,"boy",1.377,5,5,"majority_language",0,0,7.1,7.8,6.9,6.8,7.2,5,6,2,8.1,2.3,4,51.3,4,5,4,3,4,5,5,5,5,5,5,5,5,5,4,2,,1,3,2,3,3,2,1,5,3,4,2,3,4,3,2,4,4,5,5,5,4,3,3,3,4,4,4,4,5,5,2,3,5,4,5,5,3,4,5,5,4,1,1,1,1,1,1,1,0,1,1,0,0,0.532,0.389,53.7,59.4,1,0,0,0,0,"A"
862,"S11","C042","North","technical",20,1.328,1.301,15.9,10,"boy",0.401,3,5,"majority_language",1,1,6.6,7.2,6.5,5.7,6.9,6,0,2,4.1,1.9,2,53,3,2,2,2,2,,5,4,4,1,4,3,3,2,2,2,2,3,1,3,3,2,1,2,,,,3,,1,2,3,2,2,4,4,3,5,3,2,3,3,4,2,4,4,,,3,5,4,4,5,4,5,4,4,3,0,,0,0,0,0,0,1,1,0,0,0,,,,,1,1,1,0,0,"B"
863,"S11","C042","North","technical",20,1.328,1.301,15.4,10,"boy",-0.196,3,1,"other_language",0,0,7.4,7.4,6.4,7.3,7.2,2,18,2,3.3,2.1,4,48,3,4,3,4,4,,4,5,,,3,4,4,5,3,1,3,1,,2,3,3,3,1,4,,3,3,5,3,,,,3,4,4,4,5,3,4,4,4,5,,4,5,3,4,3,4,5,4,4,3,2,3,4,2,1,,1,0,0,0,0,0,0,1,0,0,0.618,-0.339,46,46.8,1,1,1,0,0,"C"
864,"S11","C042","North","technical",20,1.328,1.301,15.3,10,"boy",0.013,5,2,"majority_language",0,0,7.6,8.1,7.5,7.3,7.4,4,1,1,10,1.7,2,55.5,,5,4,4,5,2,5,3,4,3,4,4,3,3,4,3,1,1,2,1,2,,1,1,,,,3,3,1,2,1,1,4,5,,4,4,3,3,4,,4,3,5,4,,,3,4,4,2,5,4,5,3,,4,1,0,1,1,,1,1,1,0,1,0,0,0.881,2.077,52,57,1,1,1,0,0,"B"
865,"S11","C042","North","technical",20,1.328,1.301,15.6,10,"boy",0.469,4,3,"majority_language",0,0,7,7.1,7.1,7.1,8.8,6,2,2,6.1,3.4,4,55.3,5,4,4,5,4,4,4,5,4,5,5,3,5,4,2,,1,2,1,2,3,1,1,1,,,,1,1,,2,1,2,5,5,5,3,,4,5,3,2,,3,5,4,,,5,5,4,4,5,4,5,,5,1,1,1,,0,1,1,1,0,1,0,0,1,0.931,0.872,59,56.4,1,1,1,0,0,"B"
866,"S11","C042","North","technical",20,1.328,1.301,15.5,10,"girl",1.915,5,5,"majority_language",0,0,8.2,8.2,6.9,7.5,7.8,2,6,8,10.5,1.7,3,50.8,4,5,5,4,5,5,5,5,5,5,4,5,5,5,5,1,1,1,2,2,1,1,1,1,1,2,1,1,1,1,2,2,2,5,4,4,4,3,4,2,3,4,4,4,4,4,4,4,4,3,5,4,5,5,5,4,5,4,1,1,1,1,1,1,1,1,0,0,0,1,0.751,-0.408,68.1,59.4,0,0,0,0,0,"A"
867,"S11","C042","North","technical",20,1.328,1.301,14.9,10,"girl",1.482,5,5,"majority_language",0,0,7.7,7,8.1,8.1,8.5,1,4,0,9.9,2.3,5,55.1,3,4,5,3,2,5,5,5,,,5,5,3,5,5,1,3,2,1,,1,1,1,2,1,1,1,2,2,2,,,,5,4,5,4,5,5,5,4,,4,4,4,4,2,3,4,5,5,5,3,4,2,3,3,5,1,1,1,1,1,1,1,0,0,0,0,1,0.857,1.123,57.5,58.9,1,1,1,0,0,"C"
868,"S11","C042","North","technical",20,1.328,1.301,15.8,10,"girl",1.766,5,5,"majority_language",0,0,8.1,7.6,8.1,8.5,7.8,0,1,0,7,2.1,3,56.5,3,3,4,3,4,4,4,5,4,3,2,3,3,5,3,1,2,2,1,1,1,1,2,2,1,1,1,1,2,2,2,1,3,4,5,5,3,4,5,5,5,5,5,5,5,5,5,5,4,4,4,5,2,5,5,5,5,4,1,1,0,1,1,1,1,1,1,1,0,1,0.879,-0.197,33.2,62.5,0,0,0,0,0,"A"
869,"S11","C042","North","technical",20,1.328,1.301,15.2,10,"girl",0.371,4,3,"majority_language",0,0,6.4,7.2,7.5,6.3,6.1,9,3,3,1.3,1.2,1,43.6,1,1,2,2,3,2,1,5,5,2,4,,4,4,2,1,1,3,1,3,1,1,1,1,,,,1,1,3,1,2,2,5,4,5,3,3,3,5,5,5,4,,3,5,,,4,4,4,3,3,5,5,4,4,5,1,1,1,,1,1,1,0,0,0,1,0,0.863,-1.266,55.9,50.8,1,1,1,0,0,"B"
870,"S11","C042","North","technical",20,1.328,1.301,15.7,10,"boy",1.445,3,5,"majority_language",0,0,8,7.9,8.6,7.4,6.9,3,0,1,7.6,1.4,4,51.6,5,5,3,3,3,5,5,5,,,4,4,2,,4,1,2,1,3,1,2,2,1,2,2,1,2,1,1,1,,,,5,5,4,5,5,5,5,5,5,5,5,5,5,5,4,5,4,3,3,5,4,5,3,3,4,1,1,1,1,1,0,0,1,0,1,0,0,0.883,1.025,80,66.5,0,1,1,0,0,"C"
871,"S11","C042","North","technical",20,1.328,1.301,16,10,"another_or_no_answer",1.406,4,1,"majority_language",0,0,8.7,7.6,8.6,7.8,8.3,2,4,5,6.1,2.4,3,51.8,4,3,4,3,5,4,5,4,,,5,5,5,5,5,3,3,2,1,3,1,,2,2,2,2,3,2,3,3,,,,5,5,5,4,3,5,5,4,5,4,4,5,5,,4,5,4,4,5,5,4,4,4,4,5,1,1,0,1,0,1,1,1,0,0,1,1,0.659,0.597,46.8,49,0,1,1,0,0,"C"
872,"S11","C042","North","technical",20,1.328,1.301,15.2,10,"boy",-1.411,1,1,"majority_language",0,0,6.5,,,7,6.5,1,,,1,3.5,1,47.5,2,4,4,,2,,,,,,,,,,,2,2,5,4,5,4,,,,,,,,,,,,,4,4,4,5,5,,,,,,,,,,,3,4,4,3,3,4,4,4,5,4,,0,,1,0,0,1,0,0,1,0,0,0.619,-1.579,32.8,34.2,1,1,1,1,1,"C"
873,"S11","C043","North","technical",23,1.328,0.69,15.3,10,"boy",1.385,4,5,"majority_language",1,0,7.5,7.7,7,7.7,8.5,1,9,0,8.5,5.2,5,65,4,4,4,5,5,5,5,5,,,,3,3,3,4,3,3,3,3,3,4,4,3,3,2,4,3,4,3,2,,,,2,4,5,3,4,3,5,3,5,5,5,5,5,5,3,5,5,5,5,5,2,4,5,5,4,1,1,1,1,1,1,1,1,1,0,1,0,0.884,1.779,68.2,60.2,0,1,1,0,0,"C"
874,"S11","C043","North","technical",23,1.328,0.69,15.6,10,"boy",-0.271,2,3,"majority_language",0,0,5.6,6,6.8,6.7,6.2,7,3,5,4.8,2.4,2,48.2,3,2,2,4,3,3,2,2,5,,,4,4,5,4,4,3,1,4,4,3,2,3,1,,,,4,3,3,2,2,3,4,4,5,4,4,3,,4,2,3,5,4,5,,,5,4,5,3,5,5,4,5,5,5,1,1,1,,0,0,0,0,0,0,0,1,0.754,-0.124,37.4,45,1,1,1,0,0,"B"
875,"S11","C043","North","technical",23,1.328,0.69,16,10,"girl",3.06,5,5,"majority_language",0,0,10,8.7,8.8,9.4,6,0,0,2,12.2,1.3,5,65.3,5,4,5,5,5,4,4,5,4,5,4,5,5,3,4,1,1,1,2,1,1,1,1,1,3,1,1,2,1,2,2,1,1,5,5,5,5,4,5,5,4,5,4,5,5,4,5,5,5,4,5,4,4,2,4,3,5,2,1,1,1,1,1,1,1,1,1,1,0,1,0.921,1.632,76.6,64.3,0,0,0,0,0,"A"
876,"S11","C043","North","technical",23,1.328,0.69,15.6,10,"girl",0.061,,2,"majority_language",0,0,7.1,7.9,8.4,7.3,8,3,1,1,4.4,4.3,5,51.8,2,5,4,5,3,4,4,4,5,4,5,5,5,5,5,2,1,2,1,3,3,1,2,2,2,3,3,1,1,1,1,1,2,4,5,5,,5,5,,5,5,5,,4,5,,5,4,4,3,5,2,4,3,3,3,3,1,0,1,1,1,1,1,0,1,0,0,,0.897,0.998,59.1,54.8,1,1,1,0,0,"A"
877,"S11","C043","North","technical",23,1.328,0.69,15.1,10,"girl",3.14,5,5,"majority_language",0,0,8.7,7.9,8.9,8.4,8.4,1,1,2,12.3,1.3,5,64.4,5,5,5,5,5,5,5,5,,,5,4,4,5,5,1,1,1,1,1,1,1,1,1,1,1,1,1,1,1,,,,4,4,5,3,5,4,5,5,5,4,5,4,5,4,4,5,5,5,5,5,5,5,5,3,5,1,1,1,1,1,0,1,1,1,1,1,1,0.755,0.84,72.3,62.4,0,1,1,0,0,"C"
878,"S11","C043","North","technical",23,1.328,0.69,15.7,10,"boy",-0.576,1,4,"other_language",0,0,5.8,6.5,6.5,6.4,5.5,5,5,5,9.7,2.7,2,52.1,,4,5,4,,3,5,5,,,5,5,5,5,5,4,4,3,4,,5,2,3,1,3,1,3,1,5,1,,,,4,4,2,5,4,3,3,3,5,5,3,4,3,3,5,5,4,3,2,2,4,3,4,4,4,1,0,1,0,0,0,0,0,0,0,0,0,0.427,-0.825,39,46.8,1,1,1,0,0,"C"
879,"S11","C043","North","technical",23,1.328,0.69,15.5,10,"girl",0.049,1,3,"majority_language",0,1,6.8,7.4,,6.7,6,15,2,,6.8,2.5,4,53.6,5,4,5,3,5,5,3,5,4,3,,,,,,4,4,3,3,3,2,,,2,3,3,2,,,,,,,4,3,3,3,3,2,4,,3,3,,,,,,3,2,3,2,,5,4,,4,5,1,0,0,0,1,0,0,0,1,0,1,1,0.513,-0.329,54.2,56.1,1,1,1,0,1,"A"
880,"S11","C043","North","technical",23,1.328,0.69,15.2,10,"girl",0.526,4,5,"majority_language",1,0,7.5,7.3,7.7,6.7,6.5,4,1,0,5.9,6.1,4,54.1,5,3,3,5,5,4,2,5,3,4,4,5,3,2,4,4,3,4,4,3,1,2,2,2,,,,1,2,2,2,3,,3,2,3,4,5,4,3,5,2,3,5,4,4,,,,,4,5,5,5,4,4,3,4,1,1,1,0,1,0,0,1,0,1,0,0,0.721,0.09,63.9,36.9,1,1,1,0,0,"B"
881,"S11","C043","North","technical",23,1.328,0.69,15.6,10,"boy",1.048,5,5,"majority_language",0,0,7.9,7.1,7.3,7.8,6.7,1,1,4,7.4,7.3,3,52.3,2,4,2,5,5,2,2,4,3,3,5,,5,5,4,2,3,1,2,3,1,1,1,1,1,3,3,2,2,1,2,1,2,3,2,5,5,3,3,5,4,4,3,3,3,5,2,4,5,5,5,5,5,5,,5,5,3,1,1,1,1,0,0,1,1,1,1,1,0,0.806,1.849,70.1,70.1,1,0,1,0,0,"A"
882,"S11","C043","North","technical",23,1.328,0.69,15.4,10,"girl",0.843,4,4,"majority_language",0,0,7.1,6.7,6.5,6.4,6.6,0,5,0,4,3.9,2,44.8,3,3,4,4,3,5,4,5,,4,5,5,3,4,3,3,4,3,2,3,4,3,3,,4,3,2,3,3,1,3,3,2,4,5,4,2,4,2,4,3,4,3,4,5,3,2,3,5,3,3,2,,4,4,5,4,2,1,0,1,1,1,0,0,0,1,0,0,0,0.814,-1.013,54.7,47.2,1,1,0,0,0,"A"
883,"S11","C043","North","technical",23,1.328,0.69,15.3,10,"boy",1.748,5,3,"majority_language",0,0,7,8.2,,7.8,5.9,1,0,,4.7,1.2,4,56.2,4,5,5,4,3,5,5,2,5,3,,,,,,3,1,1,1,1,1,1,2,1,2,1,2,,,,,,,4,3,4,4,3,,4,4,2,3,,,,,,5,5,4,5,4,3,4,4,3,3,1,0,1,1,0,0,1,0,1,0,0,0,0.511,-0.147,50.7,58.8,0,1,1,0,1,"A"
884,"S11","C043","North","technical",23,1.328,0.69,14.9,10,"girl",-0.526,5,2,"majority_language",0,0,6.8,6.9,6.7,6.2,6.7,2,0,6,3.7,3.5,1,50.5,3,3,3,4,,4,4,5,4,3,3,3,1,2,2,1,1,1,2,1,2,1,1,,2,1,1,1,1,2,2,2,2,4,1,5,4,3,3,4,2,3,4,2,1,4,3,3,4,2,4,3,4,5,5,4,5,5,0,1,0,1,1,0,0,0,0,0,0,0,,,,,1,1,0,0,0,"A"
885,"S11","C043","North","technical",23,1.328,0.69,15.5,10,"boy",-0.193,3,2,"majority_language",0,0,7.5,7.6,8.9,8.3,8.3,3,1,0,4.4,4,5,58.3,5,5,,5,4,,5,5,,,4,4,4,5,5,3,1,2,,2,1,3,1,1,3,3,1,2,1,1,,,,5,3,5,5,4,3,4,5,4,5,4,5,5,5,5,3,5,4,2,5,5,5,5,5,4,1,1,0,0,1,0,0,0,1,0,0,0,0.857,0.281,69.5,59.1,1,1,1,0,0,"C"
886,"S11","C043","North","technical",23,1.328,0.69,15.4,10,"boy",-0.058,3,4,"majority_language",0,0,7.2,7.1,7.6,7.6,7.5,4,2,2,9.4,1.3,5,67,5,4,5,3,,5,5,3,2,5,4,3,5,3,3,2,3,2,2,,,3,1,3,,,,1,1,3,1,,1,4,4,5,5,4,5,5,5,4,4,3,4,4,,,4,5,4,4,5,3,,4,5,5,1,,0,1,0,1,,1,0,0,0,0,0.707,-0.347,55.4,43.7,1,1,1,0,0,"B"
887,"S11","C043","North","technical",23,1.328,0.69,15.5,10,"girl",1.238,5,5,"majority_language",0,0,7.3,7.3,7.5,7.3,6.1,5,2,4,9.9,2.5,5,62.8,5,5,5,4,4,5,5,5,3,5,4,5,3,5,4,2,3,3,1,1,2,4,3,1,,,,2,3,2,1,1,1,5,5,5,5,5,5,5,5,5,4,5,5,5,,,5,5,5,,5,4,4,3,5,5,1,1,1,1,1,1,1,1,0,1,0,0,0.719,0.202,45.7,48.5,1,1,1,0,0,"B"
888,"S11","C043","North","technical",23,1.328,0.69,15.3,10,"girl",0.835,3,2,"majority_language",0,0,9,8.4,7.3,8.5,7.4,2,8,7,9.9,3,4,61.4,5,5,5,5,5,,5,5,5,,4,4,5,4,3,1,1,2,1,2,2,3,2,4,1,2,1,3,3,1,1,1,3,3,4,4,4,5,5,5,3,4,5,5,5,5,3,5,5,4,4,5,5,4,4,5,5,5,1,1,1,1,0,0,1,1,1,0,0,0,0.888,0.52,51.8,60.6,0,1,0,0,0,"A"
889,"S11","C043","North","technical",23,1.328,0.69,15.5,10,"girl",-1.18,1,1,"majority_language",0,0,6.5,,,6,7.4,4,,,3.3,2.2,2,44.4,5,4,4,5,4,,,,,,,,,,,1,,3,3,1,4,,,,,,,,,,,,,4,4,3,4,3,,,,,,,,,,,1,3,2,2,3,3,4,3,2,3,0,1,1,0,1,0,0,1,0,0,0,,,,,,1,1,1,1,1,"B"
890,"S11","C043","North","technical",23,1.328,0.69,15.6,10,"boy",-0.53,3,1,"other_language",0,0,7.7,7.5,8.4,7.1,7.9,1,0,6,6.1,3.4,4,56.4,5,5,5,3,4,5,,5,5,5,5,5,5,5,4,1,1,2,1,1,2,2,2,1,,,,4,5,3,2,4,3,2,3,5,4,3,,5,4,4,4,3,5,4,,,5,5,5,5,5,3,4,5,4,4,0,0,1,1,1,1,1,0,0,1,0,,0.727,0.204,64,58.8,1,1,1,0,0,"B"
891,"S11","C043","North","technical",23,1.328,0.69,15.3,10,"girl",0.88,4,3,"majority_language",1,0,8.1,7.5,8.3,8.1,7.3,1,1,11,3.7,1.6,2,48.2,5,5,5,4,5,5,,5,4,5,4,5,4,5,3,2,4,,4,1,2,1,2,3,,,,1,1,,3,3,1,3,4,5,5,2,2,3,2,3,5,,3,5,,,4,1,4,,5,4,4,3,4,2,1,1,1,1,1,1,1,1,0,1,1,1,0.88,-0.89,56.5,43.5,1,1,1,0,0,"B"
892,"S11","C043","North","technical",23,1.328,0.69,15.8,10,"boy",0.243,2,3,"majority_language",0,0,7.9,7.6,7.6,7.4,7.7,2,2,2,11.7,2.2,5,50,5,5,5,4,4,4,5,4,,,5,3,5,,5,1,2,2,1,1,1,3,2,3,3,1,3,3,2,3,,,,5,5,5,5,5,4,4,5,4,5,5,4,5,5,4,5,5,5,3,5,5,4,5,5,5,1,1,1,1,1,1,1,1,0,1,0,1,0.597,-0.024,36.3,56.1,0,1,1,0,0,"C"
893,"S11","C043","North","technical",23,1.328,0.69,15.3,10,"boy",0.362,3,5,"majority_language",1,0,7.1,7.6,6.6,6.4,6.4,2,0,2,8.5,1.8,5,56.5,5,4,4,4,4,5,5,3,3,3,,5,5,4,5,3,3,1,1,3,2,1,3,1,3,3,2,2,3,1,1,1,,4,4,4,5,2,2,4,5,5,5,4,3,4,4,5,5,5,5,5,5,5,5,5,4,,0,1,1,0,,1,0,0,0,0,1,0,0.626,1.188,46.6,55.4,1,0,1,0,0,"A"
894,"S11","C043","North","technical",23,1.328,0.69,15.5,10,"girl",1.05,3,5,"majority_language",0,0,6.4,7.1,6.4,8,7.2,4,8,5,6,2.4,3,44.6,4,,2,3,3,4,5,3,2,2,4,5,2,3,4,3,3,3,3,3,2,5,3,4,,,,3,,2,4,3,3,3,4,4,4,3,4,4,5,3,2,5,4,5,,,4,3,4,4,4,4,5,5,4,5,1,1,,1,1,0,0,0,1,0,0,0,0.869,1.152,53.9,51.8,1,1,1,0,0,"B"
895,"S11","C043","North","technical",23,1.328,0.69,15.6,10,"girl",1.459,5,5,"majority_language",0,0,7.8,7.1,8.5,8.3,6.8,4,1,2,10.1,2,5,63.5,5,4,5,5,,5,4,5,,4,5,3,5,5,,4,4,3,4,2,2,2,2,2,2,1,3,1,2,1,1,2,3,4,3,3,4,2,4,4,3,5,5,4,,4,3,2,5,5,5,5,5,4,4,4,5,4,1,1,1,1,1,1,1,1,1,1,1,0,,,,,1,1,1,0,0,"A"
896,"S11","C044","North","technical",25,1.328,0.675,15.2,10,"girl",-0.429,2,2,"majority_language",0,0,6.8,7,,6.6,7.4,2,1,,4.7,2.6,5,49.4,4,3,3,5,5,5,3,4,5,4,,,,,,1,2,,4,3,2,1,1,5,,,,,,,,,,4,5,3,4,4,3,5,4,3,4,,,,,,1,1,2,2,3,4,4,5,2,5,,1,,0,0,1,1,0,0,1,1,0,0.769,0.852,47.4,56.9,1,1,1,0,1,"B"
897,"S11","C044","North","technical",25,1.328,0.675,15,10,"boy",2.12,5,5,"majority_language",0,0,7.3,7.5,8.1,7.9,7.2,4,1,0,9.8,1.1,2,53.2,4,4,5,5,4,4,5,5,5,5,4,5,4,5,4,1,1,1,2,3,2,1,1,1,,,,3,1,1,2,2,1,5,5,4,4,3,4,3,4,5,,4,5,5,,,5,5,3,3,3,5,5,3,4,4,1,1,0,1,0,0,0,1,1,0,0,0,,,,,1,1,1,0,0,"B"
898,"S11","C044","North","technical",25,1.328,0.675,14.9,10,"girl",-0.726,3,2,"majority_language",0,0,7.2,7.1,7.3,7.8,8.4,5,0,1,6.1,3.7,5,50.1,5,,,5,4,4,5,4,3,5,3,5,,4,4,3,2,3,1,2,3,2,3,3,1,3,3,2,2,4,,4,3,4,4,3,3,2,5,5,5,4,3,4,4,3,3,4,5,5,4,4,5,5,3,4,2,2,1,1,0,1,1,1,0,1,0,0,1,0,,,,,1,0,1,0,0,"A"
899,"S11","C044","North","technical",25,1.328,0.675,15.8,10,"girl",-0.303,2,3,"majority_language",0,0,7.7,7.6,8,7,7.1,1,2,0,6.7,2.5,3,53.1,4,3,4,5,4,4,5,5,4,5,2,3,,3,4,2,2,1,,2,2,2,2,1,2,1,1,2,1,2,3,2,2,4,3,5,4,3,5,,5,5,5,5,5,4,5,5,5,5,2,3,3,5,5,4,,5,1,1,1,1,1,1,1,1,1,1,0,1,0.942,1.43,67.3,63.8,1,1,1,0,0,"A"
900,"S11","C044","North","technical",25,1.328,0.675,15.7,10,"girl",0.881,4,3,"majority_language",0,0,6.9,7.8,8.1,7.1,6.8,1,4,3,9.4,3,4,49,3,3,4,4,5,5,5,4,5,3,5,4,5,4,4,3,5,3,4,4,3,2,2,1,4,2,2,2,3,1,1,2,1,,5,3,5,3,3,5,3,5,4,3,4,2,2,2,4,3,3,3,4,4,1,2,3,3,1,1,1,1,0,1,1,0,0,0,1,0,0.752,0.062,48.3,35.8,1,0,0,0,0,"A"
901,"S11","C044","North","technical",25,1.328,0.675,15.4,10,"girl",1.099,4,2,"majority_language",0,0,8.5,8.5,8.2,7.2,8.6,4,0,5,8.8,1.7,5,60,5,5,5,5,5,3,3,4,,,4,3,4,5,5,1,1,1,2,1,3,1,1,1,2,1,2,1,1,1,,,,4,4,4,4,3,4,3,4,1,4,3,5,4,4,2,4,4,4,5,5,3,5,3,4,4,1,1,1,1,1,1,1,1,0,0,1,1,0.835,0.742,45.4,44.8,0,1,1,0,0,"C"
902,"S11","C044","North","technical",25,1.328,0.675,15.9,10,"girl",-0.013,5,3,"majority_language",0,0,6.8,7.7,7.6,7.1,7.3,0,1,0,4.9,4.6,1,46.5,3,5,5,5,5,3,4,3,,,3,5,2,4,5,2,2,1,,2,2,3,1,1,2,1,1,1,2,2,,,,4,,4,4,2,5,5,5,4,5,5,5,4,2,5,2,3,,4,2,5,3,4,5,5,1,1,1,1,1,1,1,1,1,0,1,1,,,,,1,1,1,0,0,"C"
903,"S11","C044","North","technical",25,1.328,0.675,14.9,10,"boy",2.809,5,5,"majority_language",0,0,9.4,8.9,8.3,9.1,8.2,0,0,2,11.1,1.8,5,63.9,4,3,4,4,,5,4,5,,,5,5,5,4,4,2,1,1,1,1,1,2,2,2,1,1,1,1,1,2,,,,5,4,5,5,5,2,1,4,2,3,4,3,4,4,4,5,4,5,4,5,3,3,4,4,3,1,1,1,1,1,1,,1,1,1,1,1,0.929,0.914,67.9,72.9,1,1,1,0,0,"C"
904,"S11","C044","North","technical",25,1.328,0.675,14.8,10,"boy",0.68,5,5,"majority_language",1,0,8.2,7.5,8,7.4,6.8,1,1,3,4.4,1.6,5,50.6,3,3,4,4,4,5,4,4,,,3,4,3,3,3,2,1,1,2,2,1,1,2,1,1,1,1,2,3,3,,,,4,4,4,4,5,4,2,5,3,4,4,4,5,3,5,4,3,3,4,4,5,4,4,4,4,1,1,1,1,1,1,1,1,0,0,1,0,,,,,1,1,1,0,0,"C"
905,"S11","C044","North","technical",25,1.328,0.675,15.8,10,"girl",1.531,5,5,"majority_language",0,0,7.9,7.6,6.7,7.3,7.3,3,0,2,4.8,3.5,5,52.8,4,5,5,5,5,4,4,5,2,4,4,5,4,5,3,2,,1,2,2,3,1,1,2,,,,3,3,4,1,2,1,3,4,5,3,3,4,4,4,2,4,3,5,1,,,4,5,,4,4,3,4,2,2,4,1,1,1,1,,1,1,1,1,1,1,0,0.864,1.083,65.1,65.3,1,1,1,0,0,"B"
906,"S11","C044","North","technical",25,1.328,0.675,15.1,10,"girl",0.66,3,1,"other_language",0,0,8.7,7.5,8.5,8,8,0,1,0,10,0.9,4,57.2,4,4,5,5,5,4,5,4,,,5,2,4,4,4,1,1,1,1,2,2,2,2,1,2,1,2,1,1,1,,,,5,5,4,5,4,3,,5,4,4,5,5,4,4,4,4,4,4,4,3,4,4,5,3,5,1,1,1,1,1,1,0,1,1,0,0,1,0.807,0.675,44.8,64.2,0,1,1,0,0,"C"
907,"S11","C044","North","technical",25,1.328,0.675,15.4,10,"another_or_no_answer",0.246,2,3,"majority_language",1,0,8.6,8.5,8.8,9.1,7.2,6,3,0,3.9,2,3,52.6,5,5,5,4,4,4,3,5,,,4,4,4,5,5,3,2,1,2,2,1,3,1,2,1,1,3,2,2,1,,,,2,4,3,2,2,3,3,5,2,3,5,3,3,2,2,4,4,4,,3,3,,3,4,3,1,1,1,1,1,0,1,1,1,0,0,,0.697,-0.422,58.6,47.9,1,1,1,0,0,"C"
908,"S11","C044","North","technical",25,1.328,0.675,15,10,"boy",0.367,4,5,"majority_language",0,0,7.1,,,7.6,9,0,,,7.9,1.8,2,56.4,4,,2,4,2,,,,,,,,,,,3,1,1,2,4,3,,,,,,,,,,,,,4,4,3,5,5,,,,,,,,,,,3,4,5,4,5,4,3,3,5,4,1,1,0,1,1,1,0,0,0,0,1,0,,,,,1,1,1,1,1,"B"
909,"S11","C044","North","technical",25,1.328,0.675,15.3,10,"boy",0.127,4,4,"majority_language",0,0,6.9,6.7,6.5,6.5,6.4,1,7,7,9.6,3.5,2,51.1,3,4,3,4,3,4,5,5,4,5,,5,5,3,5,4,2,2,4,4,4,,3,3,5,1,4,1,1,2,2,1,2,4,5,5,5,5,,4,5,4,3,4,5,4,4,3,3,3,3,,3,4,5,4,5,,1,1,0,1,0,0,0,0,1,0,0,0,0.492,0.383,52.6,45.3,1,1,1,0,0,"A"
910,"S11","C044","North","technical",25,1.328,0.675,15.3,10,"girl",2.364,5,5,"majority_language",0,0,9.3,8.4,9.5,8.2,8,1,2,0,9.9,1.7,5,70.3,5,5,5,5,5,5,5,5,,,5,5,5,5,4,1,2,2,1,1,2,1,1,2,1,1,2,1,2,1,,,,1,3,2,1,2,1,3,3,4,1,4,5,3,3,4,5,5,5,5,3,4,4,4,2,3,1,1,1,1,1,1,1,1,1,1,1,1,0.974,1.697,64.2,69,0,1,1,0,0,"C"
911,"S11","C044","North","technical",25,1.328,0.675,15.1,10,"boy",0.923,4,5,"other_language",0,0,7.8,7.6,7.5,7.9,6.9,1,1,2,7,1.8,5,54.2,3,5,2,2,3,4,4,5,3,4,4,5,5,5,3,1,2,3,4,2,1,2,3,3,2,2,3,1,2,3,2,1,1,5,3,3,4,5,4,5,4,4,5,5,4,4,4,4,5,3,4,5,4,5,5,3,5,5,1,1,1,1,1,1,1,0,1,1,0,0,0.966,2.131,62.8,70.7,0,0,0,0,0,"A"
912,"S11","C044","North","technical",25,1.328,0.675,15.5,10,"girl",0.753,2,4,"majority_language",0,0,7.7,7.7,8.4,7.8,7.6,5,1,0,9.3,2,2,60.7,5,2,3,4,3,3,3,5,2,5,5,3,5,5,5,1,2,2,2,,1,2,1,1,,,2,1,1,3,1,2,2,4,5,5,5,4,5,5,5,4,4,5,4,5,3,2,4,3,5,4,3,4,3,4,3,4,1,1,1,1,1,1,1,0,0,0,0,1,0.807,0.464,59.5,60,1,1,0,0,0,"A"
913,"S11","C044","North","technical",25,1.328,0.675,15.3,10,"girl",2.388,5,5,"majority_language",0,0,9,8.6,7.9,7.7,6.6,1,1,1,10.7,1.1,3,55.5,5,5,5,5,5,3,5,5,5,5,4,5,5,5,4,1,2,3,,2,3,1,1,1,,,,1,2,,,1,3,5,4,4,3,3,4,5,3,2,1,1,1,2,,,,3,5,4,5,3,4,3,3,3,1,1,1,1,1,0,1,1,1,0,1,0,0.924,1.794,62.3,53.6,1,1,1,0,0,"B"
914,"S11","C044","North","technical",25,1.328,0.675,15.4,10,"girl",-0.226,3,2,"majority_language",0,0,7.6,7.9,,8,8.3,1,2,,4.4,3.7,2,48.7,,5,5,5,4,3,4,4,3,1,,,,,,3,4,2,2,,4,3,1,3,4,3,3,,,,,,,4,4,4,4,,5,3,5,3,5,,,,,,2,2,2,3,4,4,3,5,4,4,0,1,1,1,0,1,0,1,1,0,0,1,,,,,1,0,1,0,1,"A"
915,"S11","C044","North","technical",25,1.328,0.675,15.8,10,"boy",0.02,4,2,"majority_language",0,0,7,8.1,7.8,8.3,5.6,0,4,2,4.6,2.1,4,52.7,5,3,4,3,3,4,4,5,4,4,4,2,2,5,3,2,2,2,2,1,4,2,2,1,2,1,2,1,4,2,3,3,2,3,4,3,4,4,3,1,3,2,3,2,2,4,2,2,,2,2,2,3,3,4,2,3,4,1,1,1,1,1,0,1,,0,1,0,0,0.721,-1.029,53.2,49.4,1,0,0,0,0,"A"
916,"S11","C044","North","technical",25,1.328,0.675,15.6,10,"boy",0.46,3,4,"majority_language",0,0,7.3,7.2,7.2,8.7,6.9,0,8,8,7.8,2.8,3,51.1,5,4,2,,3,4,2,3,2,1,5,5,4,5,3,3,2,1,2,,2,1,2,1,4,2,1,3,3,4,3,1,2,5,4,4,4,2,3,4,3,4,2,4,3,3,3,4,5,3,3,2,3,4,4,4,4,3,1,1,1,1,1,1,0,1,0,0,,1,0.826,0.074,62.7,51.7,1,0,0,0,0,"A"
917,"S11","C044","North","technical",25,1.328,0.675,15.5,10,"girl",0.669,3,3,"majority_language",0,0,7.8,8.3,8.3,8.3,7.2,0,3,0,9.6,2.4,2,46.3,3,4,2,3,5,4,2,5,3,3,5,5,4,5,5,1,1,1,1,3,1,1,1,1,2,1,1,1,1,1,1,1,1,5,4,5,5,4,4,5,4,4,5,2,4,5,5,,1,3,3,4,2,4,4,3,,3,1,1,0,1,1,1,1,1,1,1,1,1,0.747,0.866,59.2,60.1,1,0,1,0,0,"A"
918,"S11","C044","North","technical",25,1.328,0.675,16,10,"boy",0.058,2,3,"majority_language",0,0,7.5,7,6.2,7.6,7.4,5,0,3,4.3,1.5,1,47.2,3,1,3,,2,2,4,4,5,3,4,2,4,5,4,2,3,1,1,4,2,3,2,2,,,,1,1,2,1,3,1,5,5,5,4,4,5,5,3,4,3,4,5,5,,,2,2,1,3,1,4,5,3,5,4,1,1,1,1,0,1,1,0,1,0,1,0,0.837,0.704,56.6,42.9,1,1,1,0,0,"B"
919,"S11","C044","North","technical",25,1.328,0.675,15.5,10,"boy",0.277,3,2,"majority_language",0,0,5.9,7,5.9,6.1,8,7,5,0,6.8,2.8,2,38.2,4,4,4,4,5,,5,2,,,4,,,5,,4,,2,2,1,4,1,2,2,3,3,4,3,3,3,,,,4,4,5,4,5,5,4,5,3,4,5,4,5,5,3,5,4,3,4,4,5,4,4,4,4,1,1,0,0,0,0,1,0,0,1,,0,0.367,0.401,49.1,47.4,1,1,1,0,0,"C"
920,"S11","C044","North","technical",25,1.328,0.675,14.8,10,"girl",0.937,5,3,"majority_language",0,0,8.2,8.9,8.1,6.9,7.7,0,0,6,13.2,2.1,5,61.2,5,5,5,5,5,5,5,4,5,5,5,5,5,5,5,1,1,1,1,1,1,1,1,4,,,,1,1,1,1,1,1,4,4,5,4,4,5,5,5,5,4,4,3,5,,,5,5,4,5,4,3,5,4,3,3,1,,0,1,,1,,1,1,0,0,1,0.858,1.697,57.9,66.2,1,1,1,0,0,"B"
921,"S12","C045","North","general",22,1.366,1.333,15.4,10,"boy",1.105,5,,"majority_language",0,0,7.5,7.5,7.1,7.6,7.2,1,6,12,5.8,3.2,4,53.1,4,3,2,4,4,3,3,4,,,3,4,3,4,3,4,1,1,1,4,1,5,4,3,3,3,3,4,4,3,,,,4,3,5,4,5,3,5,4,4,5,5,3,4,4,4,5,5,5,3,5,4,5,5,4,4,1,1,1,1,1,1,0,1,1,0,0,0,0.779,0.318,76.1,53.1,0,1,1,0,0,"C"
922,"S12","C045","North","general",22,1.366,1.333,14.8,10,"boy",-1.018,2,3,"majority_language",0,0,8.6,8.2,8.6,6.5,6.4,1,2,1,9.5,1.5,4,55.6,5,5,5,5,,5,5,5,,,5,4,5,4,3,1,1,2,1,2,1,1,1,2,1,1,1,1,,1,,,,5,5,5,5,4,5,4,4,5,5,5,,5,5,4,3,5,3,4,3,5,4,5,5,5,1,1,1,1,1,1,1,0,0,0,0,0,0.914,0.689,46.9,53.5,1,1,1,0,0,"C"
923,"S12","C045","North","general",22,1.366,1.333,16,10,"girl",0.177,5,4,"other_language",1,0,6.4,6.9,6.7,7,7.1,3,0,7,10.1,2.5,3,52.7,3,2,5,4,4,2,2,2,,,3,3,1,5,3,1,2,1,1,2,1,2,2,1,1,2,1,3,1,1,,,,5,5,5,5,5,4,4,5,5,4,1,4,3,3,3,4,3,5,5,5,4,5,2,3,5,1,0,0,0,1,1,0,0,0,0,0,0,0.766,-2.168,35.2,43.2,0,1,1,0,0,"C"
924,"S12","C045","North","general",22,1.366,1.333,15.7,10,"girl",-0.122,4,2,"majority_language",0,0,7.9,8.2,7.4,6.9,9.4,1,2,0,13.1,2.2,5,59.9,,5,5,5,5,5,4,4,5,5,5,5,5,5,5,1,3,1,1,1,2,1,1,1,,,,1,1,1,1,1,1,5,4,4,4,5,4,4,4,3,5,4,5,5,,,5,4,5,,4,5,5,5,5,5,1,1,1,0,1,1,1,0,0,0,0,0,0.811,0.629,60.8,76.4,1,1,1,0,0,"B"
925,"S12","C045","North","general",22,1.366,1.333,15.5,10,"girl",1.368,4,5,"majority_language",0,0,8.2,7.5,8.4,6.8,8.5,3,0,2,11.3,2.2,5,52.9,4,5,5,5,5,5,5,5,,,5,5,5,5,5,3,1,3,1,1,2,3,4,2,2,1,1,1,2,2,,,,5,3,5,3,3,5,3,4,4,5,3,3,5,2,2,4,2,5,3,5,4,3,4,4,5,0,1,1,0,1,1,1,0,0,0,1,1,0.772,0.099,40.6,57.8,0,1,1,0,0,"C"
926,"S12","C045","North","general",22,1.366,1.333,15.4,10,"boy",-0.3,1,1,"majority_language",0,0,7.4,7.9,8,6.8,8.7,4,4,3,4.9,1.4,5,51.5,5,4,2,3,4,4,3,4,4,5,5,3,4,4,,3,1,3,2,2,3,3,1,3,2,,3,1,1,1,1,,3,5,5,5,5,4,5,5,5,5,5,4,4,3,5,4,4,4,3,5,3,5,5,4,5,4,1,1,1,1,1,1,1,1,0,0,1,1,0.897,0.067,53.8,74.3,0,1,1,0,0,"A"
927,"S12","C045","North","general",22,1.366,1.333,15.7,10,"girl",-0.795,2,4,"majority_language",0,0,6.2,6.6,5.6,7.8,6.5,1,1,3,2.7,2.8,1,47.4,2,1,2,2,3,3,3,4,,,3,4,4,4,3,2,3,4,3,3,3,2,2,2,3,2,,3,4,4,,,,4,5,5,5,4,3,4,5,4,4,2,3,3,1,3,4,3,2,5,1,5,4,5,5,5,1,0,,1,1,0,1,0,0,0,1,0,0.728,0.217,47.1,30.3,1,1,1,0,0,"C"
928,"S12","C045","North","general",22,1.366,1.333,15.4,10,"another_or_no_answer",0.748,5,5,"other_language",0,0,7.3,8.1,7.5,7.3,7.4,4,1,0,5.9,1.2,2,55.2,5,5,5,4,5,5,4,5,4,5,5,5,3,5,5,1,2,2,2,2,1,1,1,3,1,2,1,1,1,4,1,3,2,3,4,4,4,,3,5,4,4,5,5,5,5,5,5,4,2,3,5,2,2,2,2,3,3,1,1,1,1,1,0,1,0,1,1,1,0,0.881,0.396,63.4,50.9,1,0,0,0,0,"A"
929,"S12","C045","North","general",22,1.366,1.333,14.7,10,"girl",1.961,4,5,"majority_language",0,0,7.3,7.7,7.9,7.8,6.8,6,0,1,8.1,0.9,3,43.4,4,2,5,5,4,4,5,5,5,5,,3,5,5,4,1,1,1,4,2,1,2,3,1,,,,1,1,1,2,1,1,5,3,3,5,3,5,5,4,5,3,5,5,5,,,2,,1,,2,,3,5,5,4,1,1,1,1,,0,1,0,0,0,1,0,0.75,-0.954,41.8,59.6,1,1,1,0,0,"B"
930,"S12","C045","North","general",22,1.366,1.333,15.8,10,"boy",0.643,5,3,"majority_language",0,0,8.1,8.3,6.5,7.1,6.7,5,1,0,7.1,2.9,2,45.7,3,3,5,4,2,4,4,5,,,4,,4,5,3,3,4,,3,3,4,4,3,2,4,3,4,3,2,2,,,,5,3,4,4,3,5,4,,4,3,4,5,4,4,3,3,4,3,4,4,2,3,4,2,3,1,0,0,0,1,0,0,0,0,0,0,0,0.957,2.277,65.1,64.3,1,1,1,0,0,"C"
931,"S12","C045","North","general",22,1.366,1.333,15.7,10,"girl",0.623,2,4,"majority_language",0,0,6.5,7,6.4,6.1,6.9,1,1,6,8.9,3.5,2,56.8,4,5,5,4,4,4,4,4,5,,4,2,4,4,2,3,1,4,3,3,4,2,3,1,1,2,2,2,3,3,1,3,1,3,4,5,3,2,4,5,3,5,3,5,5,3,5,4,5,5,4,4,4,5,4,4,4,4,1,1,0,0,1,1,1,0,0,0,0,1,0.708,0.611,61.3,41.8,0,1,0,0,0,"A"
932,"S12","C045","North","general",22,1.366,1.333,15.7,10,"girl",0.062,4,4,"majority_language",0,0,7.5,6.9,6.9,8.6,7.1,3,3,4,8.4,1.7,2,55.2,4,4,4,2,5,3,4,5,4,5,4,4,4,4,4,1,1,1,1,1,1,2,1,2,1,1,1,2,1,2,1,1,2,5,4,4,5,4,4,4,4,5,4,3,2,4,4,2,4,5,4,4,4,2,4,4,5,3,1,1,1,1,1,1,1,0,0,0,0,0,0.61,-0.118,51.4,59.2,0,0,0,0,0,"A"
933,"S12","C045","North","general",22,1.366,1.333,16,10,"boy",-1.62,3,1,"majority_language",0,0,6.8,7.2,,6.2,5.8,16,5,,2.7,4.1,1,34.3,4,4,4,3,5,4,2,5,3,4,,,,,,2,4,3,3,2,4,3,2,3,3,4,4,,,,,,,4,3,5,3,4,4,4,4,3,5,,,,,,4,2,2,,4,3,4,3,5,3,1,1,0,0,0,0,0,0,0,,0,0,0.784,-0.505,33.7,41.6,1,0,1,0,1,"A"
934,"S12","C045","North","general",22,1.366,1.333,14.9,10,"boy",0.258,5,4,"majority_language",0,0,7.2,,,7.5,6.6,3,,,3.5,2.8,2,49.5,4,3,3,4,3,,,,,,,,,,,,3,2,3,1,3,,,,,,,,,,,,,3,4,4,4,2,,,,,,,,,,,5,3,3,4,4,5,5,4,3,4,,1,0,0,0,1,0,0,0,0,0,0,0.864,0.581,54.9,49.7,1,1,1,1,1,"A"
935,"S12","C045","North","general",22,1.366,1.333,15.9,10,"boy",1.737,5,5,"majority_language",0,0,7.4,7.6,8.2,8.7,7,0,4,2,6.3,3.1,5,54,5,3,5,4,3,3,3,2,,,1,3,2,2,5,1,2,1,2,2,1,2,1,2,2,2,1,1,1,1,,,,5,,4,5,3,3,3,2,4,5,4,3,2,1,4,5,5,4,5,4,4,5,4,2,4,1,,1,1,0,0,1,1,1,1,0,0,0.754,-1.068,44.9,60.5,1,1,1,0,0,"C"
936,"S12","C045","North","general",22,1.366,1.333,15.4,10,"boy",0.053,5,1,"majority_language",0,0,8,7.7,8.3,9.4,8.7,2,3,1,6.2,1.8,5,58.6,5,5,5,5,5,4,4,5,4,5,4,4,5,3,5,1,1,1,,1,1,1,1,2,,,,,1,1,1,3,1,3,3,4,5,4,4,3,5,4,5,4,5,4,,,5,5,5,3,5,4,3,4,5,5,1,1,1,1,1,1,1,1,0,1,1,1,0.856,1.303,60.9,52.7,1,1,1,0,0,"B"
937,"S12","C045","North","general",22,1.366,1.333,16,10,"girl",0.114,4,1,"majority_language",0,0,5.8,,,7.3,6.9,0,,,7.8,5.8,3,43.5,3,3,2,4,4,,,,,,,,,,,2,1,3,3,4,1,,,,,,,,,,,,,3,4,4,5,4,,,,,,,,,,,5,5,4,3,2,3,4,4,4,,1,1,1,1,0,1,0,1,0,0,0,0,0.705,0.662,49.5,50.1,1,1,1,1,1,"A"
938,"S12","C045","North","general",22,1.366,1.333,15.7,10,"girl",0.141,4,2,"other_language",0,0,7.6,7.8,7.9,7.4,6.9,3,3,0,5.6,1.9,2,61.3,5,5,5,5,5,2,3,4,4,4,3,4,5,4,5,2,1,1,1,1,1,1,2,4,2,3,2,2,2,1,2,3,2,5,5,5,5,5,4,5,5,5,4,4,5,4,5,4,3,3,2,4,3,5,5,5,5,4,1,0,1,1,1,0,0,1,0,0,0,1,0.762,0.985,46.7,63.9,0,0,0,0,0,"A"
939,"S12","C045","North","general",22,1.366,1.333,15.8,10,"girl",0.279,4,5,"majority_language",0,0,7.4,7.4,7.9,7.3,7.3,1,0,1,4.6,2.6,4,45.9,5,5,4,5,4,5,,3,5,4,5,4,4,4,3,2,,1,2,1,2,,2,1,2,1,,2,1,1,1,1,1,5,5,5,3,,2,5,4,4,5,4,5,5,3,5,3,2,4,5,5,4,4,4,4,5,1,1,1,1,1,1,,0,1,,0,,0.816,0.776,64.6,57.5,1,1,0,0,0,"A"
940,"S12","C045","North","general",22,1.366,1.333,15.9,10,"boy",1.238,5,4,"majority_language",0,0,6.9,6.2,6.2,6.8,6.2,3,1,4,6,2.2,5,55.5,5,2,3,5,5,4,4,3,4,2,4,3,4,3,2,1,1,1,2,2,2,1,2,1,3,2,1,1,1,1,3,2,2,3,4,5,5,5,5,5,4,5,2,3,5,3,3,3,5,4,3,4,4,4,3,3,5,3,0,0,1,0,1,0,1,0,,0,0,0,0.35,-0.773,36.5,24.1,1,0,0,0,0,"A"
941,"S12","C045","North","general",22,1.366,1.333,15.1,10,"girl",0.28,3,3,"majority_language",0,0,7.7,8.8,8.4,7.2,8,3,2,0,5.6,1.6,4,54.9,4,4,3,5,4,4,5,4,,,4,5,5,5,5,1,1,1,2,1,1,1,2,3,3,1,1,1,1,3,,,,4,5,5,4,4,5,5,5,5,5,5,3,4,5,5,3,3,3,5,5,4,5,5,4,5,1,1,1,1,1,1,0,0,1,1,1,1,0.835,1.47,70.9,64.2,0,1,1,0,0,"C"
942,"S12","C045","North","general",22,1.366,1.333,15.6,10,"boy",0.498,3,5,"majority_language",0,0,7.5,6.9,7.7,6.5,7.4,1,10,3,6.7,0.9,1,48.6,4,2,4,4,5,4,3,4,3,4,5,5,5,,5,1,1,2,2,3,1,2,2,2,2,2,2,3,2,3,2,3,3,5,3,4,4,4,4,4,4,,4,5,5,4,2,5,5,4,5,5,4,5,4,3,2,5,1,0,0,1,1,1,0,1,1,0,1,1,,,,,1,1,1,0,0,"A"
943,"S12","C046","North","general",18,1.366,0.157,17.6,12,"boy",-0.995,1,1,"majority_language",0,0,7,6.5,6.4,6.2,6.3,7,3,22,3,2.4,1,43.6,1,2,3,3,3,4,3,4,4,2,,5,3,,,4,4,4,1,3,3,4,4,3,,,,3,5,4,,3,3,5,3,,4,,3,1,5,3,4,2,2,3,,,3,4,2,4,,5,3,4,4,5,1,1,0,1,0,0,1,0,,0,0,0,,,,,1,1,1,0,0,"B"
944,"S12","C046","North","general",18,1.366,0.157,17.1,12,"girl",-0.302,1,1,"majority_language",0,0,6.9,,,6.2,5.9,8,,,5.5,4.2,1,46.1,3,,3,2,4,,,,,,,,,,,1,2,3,2,2,1,,,,,,,,,,,,,3,3,3,2,3,,,,,,,,,,,2,3,4,4,4,2,3,1,,3,1,1,0,1,1,1,0,1,0,0,1,0,0.615,-0.972,53.5,44.7,1,1,1,1,1,"B"
945,"S12","C046","North","general",18,1.366,0.157,17.6,12,"girl",0.715,3,5,"majority_language",0,0,7.4,8.6,8,8.7,8.2,1,9,2,7.1,2.1,5,66.3,5,3,4,5,5,5,5,3,5,5,5,3,4,5,4,1,1,2,1,2,1,1,2,1,1,3,2,1,1,2,2,3,2,4,4,3,3,4,5,3,3,4,4,4,2,4,5,4,5,4,4,5,4,4,3,4,3,4,1,1,1,1,1,0,0,1,0,0,0,0,0.818,0.382,41.8,45.9,0,0,0,0,0,"A"
946,"S12","C046","North","general",18,1.366,0.157,17.1,12,"boy",-0.207,4,2,"majority_language",0,0,6,6.7,7.9,6.9,6.9,3,3,0,6.9,2.6,2,50.1,2,2,3,4,4,4,3,3,5,3,4,5,4,4,3,1,3,1,4,3,1,1,3,,3,1,3,2,2,1,2,3,4,4,3,4,4,2,5,5,3,4,4,4,3,3,4,4,4,4,4,2,5,3,4,5,5,5,1,1,0,1,0,1,1,1,0,0,1,0,0.575,0.053,45.5,51.5,0,1,0,0,0,"A"
947,"S12","C046","North","general",18,1.366,0.157,17.9,12,"girl",-0.371,5,2,"majority_language",0,0,7.5,7.4,7.7,7.9,6.8,2,3,2,8,2.3,2,47.6,3,,3,3,,2,2,4,,,3,1,2,3,2,1,2,2,2,3,2,1,1,3,1,2,1,2,1,1,,,,4,4,4,4,5,4,5,5,5,2,4,5,4,4,5,5,3,4,5,5,5,5,5,,4,1,1,1,1,1,1,1,0,0,0,1,0,0.901,0.783,46,59.8,1,1,1,0,0,"C"
948,"S12","C046","North","general",18,1.366,0.157,17.3,12,"girl",-1.473,1,1,"majority_language",1,0,6.1,6.1,5.8,5.4,7.6,22,10,8,5.1,1.9,1,38.5,2,3,4,,3,4,3,4,,4,5,5,4,3,2,4,3,1,,2,3,1,1,1,,,,3,2,1,,1,3,3,3,3,4,5,4,4,5,4,,4,4,5,,,2,,4,4,,5,,5,3,5,1,0,1,0,0,0,0,0,0,0,0,0,0.826,-1.994,36.1,38.7,1,1,1,0,0,"B"
949,"S12","C046","North","general",18,1.366,0.157,17.5,12,"girl",0.072,4,4,"majority_language",0,0,7.1,7.1,8.3,6.4,7.5,5,4,0,3.6,2.7,3,58.5,3,4,5,5,4,5,5,5,5,4,5,4,5,4,5,4,3,2,2,3,1,3,1,3,3,3,3,,3,2,,3,3,3,4,5,3,4,,5,4,3,3,5,4,,5,4,4,5,5,3,2,4,5,4,5,4,1,1,1,1,1,,1,1,1,1,0,0,0.844,1.502,55.1,61.1,1,1,1,0,0,"A"
950,"S12","C046","North","general",18,1.366,0.157,17.4,12,"boy",-0.666,2,3,"majority_language",0,0,7,,,6.2,6.9,1,,,3.9,4.3,1,50.1,5,,4,5,4,,,,,,,,,,,,3,3,1,4,2,,,,,,,,,,,,,2,5,5,5,4,,,,,,,,,,,4,4,2,4,2,5,4,5,,4,1,1,1,1,1,0,1,0,0,0,0,0,0.772,0.087,43.2,34.2,1,1,1,1,1,"C"
951,"S12","C046","North","general",18,1.366,0.157,17.8,12,"boy",0.888,3,5,"majority_language",0,0,7.5,,,7.4,7.4,0,,,7.2,1.5,5,61.2,5,5,4,5,4,,,,,,,,,,,2,1,3,3,1,1,,,,,,,,,,,,,5,5,5,5,5,,,,,,,,,,,4,3,5,3,4,3,5,4,4,4,1,1,1,1,1,1,1,1,0,1,0,0,0.892,1.061,56.8,52,0,1,1,1,1,"A"
952,"S12","C046","North","general",18,1.366,0.157,17.7,12,"boy",1.273,5,3,"majority_language",0,0,8.1,8.9,9,8.8,6.4,3,1,0,5.3,1.5,5,68.1,5,5,4,5,5,5,5,5,,,4,5,4,5,5,1,1,,1,1,3,1,1,1,1,1,1,3,1,1,,,,4,5,4,4,4,5,4,5,4,4,4,5,3,3,4,5,3,4,5,4,4,5,3,4,4,1,1,1,1,1,1,1,1,1,1,1,1,0.739,0.398,51.4,59.9,1,1,1,0,0,"C"
953,"S12","C046","North","general",18,1.366,0.157,17,12,"another_or_no_answer",-1.063,3,1,"majority_language",0,0,5.1,,,6.4,6.3,11,,,6.2,4,4,35,2,2,1,1,2,,,,,,,,,,,2,1,1,1,4,1,,,,,,,,,,,,,4,,3,4,,,,,,,,,,,,4,5,3,2,5,,4,2,4,4,1,1,1,0,0,1,0,1,0,0,0,0,0.886,0.73,49.8,50.9,1,1,1,1,1,"A"
954,"S12","C046","North","general",18,1.366,0.157,17,12,"boy",0.218,4,3,"majority_language",0,0,7.1,8.4,7.7,7.5,7.7,1,3,2,6.7,2.3,5,53.8,4,4,4,5,5,5,5,3,4,4,5,4,3,5,2,2,1,1,1,1,2,3,3,2,2,2,2,3,3,2,,1,2,3,4,4,2,3,,3,5,3,4,4,5,5,4,5,4,2,4,5,4,4,4,5,3,4,1,1,1,1,1,1,1,0,1,0,0,0,0.698,-0.568,51.3,48.3,0,1,1,0,0,"A"
955,"S12","C046","North","general",18,1.366,0.157,17.8,12,"girl",-0.871,2,2,"other_language",0,0,7.1,7.8,7.4,7.4,8.2,5,3,2,6.6,2.8,3,49.3,2,4,3,3,3,5,5,4,4,4,5,5,5,5,4,1,1,,2,4,2,1,1,2,4,2,1,2,2,2,2,2,1,4,,4,3,3,4,3,2,2,4,4,2,2,4,5,2,2,3,3,2,3,3,3,4,2,1,1,1,1,1,1,0,1,0,1,0,0,0.803,0.049,46.4,57.5,1,0,0,0,0,"A"
956,"S12","C046","North","general",18,1.366,0.157,17.6,12,"another_or_no_answer",-0.357,3,2,"majority_language",1,0,6.5,6.4,6.1,6.1,7.6,3,3,2,5.2,3.9,2,54.1,,3,,5,4,,3,3,2,5,3,4,3,2,3,1,3,3,1,2,3,1,3,3,,,,1,2,1,1,3,2,5,2,5,3,4,3,4,,2,5,5,5,4,,,4,4,3,5,4,3,4,4,5,2,1,1,1,1,1,0,1,1,0,0,0,0,0.558,-0.276,46.5,51.8,1,1,1,0,0,"B"
957,"S12","C046","North","general",18,1.366,0.157,17.6,12,"boy",0.445,4,5,"majority_language",0,0,7.8,7.8,6.9,7.5,6.4,3,6,1,7.4,1.2,3,48.6,5,4,4,5,5,4,4,5,3,3,5,5,5,5,3,3,3,1,3,2,1,2,2,4,2,2,3,4,3,2,2,3,4,4,2,2,3,4,2,,2,5,4,2,4,3,4,2,4,4,4,3,3,4,3,3,4,4,1,1,0,1,1,1,0,0,0,1,0,0,0.614,1.042,55.2,38.9,0,1,0,0,0,"A"
958,"S12","C046","North","general",18,1.366,0.157,17.1,12,"girl",0.105,4,4,"majority_language",0,0,6.8,7.5,7.1,8,7.6,3,0,5,4.9,2.6,4,60.1,5,5,4,3,5,5,4,5,2,4,4,5,4,3,5,1,1,1,3,3,2,3,2,3,,,,2,2,1,1,1,3,4,4,3,5,5,3,4,5,4,5,4,4,4,,,3,4,4,4,2,5,4,4,4,3,1,1,,1,0,0,0,0,1,0,0,0,0.849,1.667,53.9,56.9,1,1,1,0,0,"B"
959,"S12","C046","North","general",18,1.366,0.157,17.6,12,"boy",0.265,5,3,"majority_language",0,0,6.6,,,7.4,6,4,,,0,3.8,3,45,4,5,4,2,5,,,,,,,,,,,,1,4,4,5,3,,,,,,,,,,,,,4,3,3,3,4,,,,,,,,,,,4,2,3,5,4,3,4,3,3,4,1,1,1,0,1,1,,0,0,0,0,1,0.535,-0.802,35.5,57.4,1,1,1,1,1,"B"
960,"S12","C046","North","general",18,1.366,0.157,17.5,12,"girl",0.778,3,4,"majority_language",0,0,7.8,8.3,7.4,7,7.5,0,2,0,8.3,1.8,4,54.5,4,3,4,3,2,5,5,5,4,4,5,5,5,5,5,,1,1,1,2,1,2,1,1,1,2,1,1,2,1,1,1,3,2,5,2,2,4,3,3,3,5,2,4,3,2,4,2,4,2,4,4,4,,2,1,4,3,1,1,1,1,1,0,1,1,1,0,0,0,0.906,1.35,56.4,50.7,1,0,0,0,0,"A"
961,"S12","C047","North","general",23,1.366,0.704,16.4,11,"girl",0.66,4,5,"majority_language",0,0,7.5,7.2,7.5,7.7,8.6,4,4,2,7.1,2.7,3,63.4,4,5,5,5,5,5,4,,,,5,3,4,4,5,1,1,1,2,2,1,1,3,2,1,2,2,3,2,2,,,,5,4,5,5,4,3,5,4,3,3,,5,,5,3,5,5,5,4,4,4,5,5,5,5,1,1,1,1,,0,1,1,0,1,0,,0.624,-0.401,36.1,61.2,1,1,1,0,0,"C"
962,"S12","C047","North","general",23,1.366,0.704,16.6,11,"boy",-0.601,2,1,"majority_language",0,0,6,6.7,6.9,7.3,7.3,3,12,7,8.7,2,5,53.3,4,4,5,4,4,3,3,5,4,4,,5,5,4,4,2,,2,1,1,2,4,2,1,2,3,3,5,1,3,,3,4,5,,5,3,2,5,5,4,4,4,5,5,4,4,3,4,3,4,5,4,5,3,3,5,5,1,1,1,1,1,1,0,0,0,0,0,0,0.766,-0.327,42.2,38.1,1,0,1,0,0,"A"
963,"S12","C047","North","general",23,1.366,0.704,16.1,11,"girl",-0.123,5,2,"majority_language",0,0,7.6,8.2,8.1,8.5,7.8,5,5,2,11.8,0.9,2,56.3,5,,5,5,3,5,5,5,5,4,5,5,5,5,5,2,3,1,,2,4,2,1,1,1,1,2,3,2,1,1,1,3,5,3,5,5,4,4,5,5,5,5,5,5,5,5,4,4,4,4,5,5,5,5,5,4,5,1,1,1,1,1,0,1,1,1,1,1,0,0.739,1.198,47,52,1,0,0,0,0,"A"
964,"S12","C047","North","general",23,1.366,0.704,17.6,11,"girl",0.466,4,3,"other_language",0,0,7.9,8.8,8.3,8.2,7.3,3,1,7,7.7,2,3,58.5,4,4,5,4,,4,5,3,4,3,5,4,4,5,5,1,1,2,1,2,1,1,1,1,,,,1,1,1,2,2,2,5,5,4,5,5,5,4,5,3,5,3,4,3,,,5,4,5,5,3,4,4,4,3,4,1,1,1,1,1,0,1,1,1,1,1,1,0.778,1.068,68.3,59.9,1,1,1,0,0,"B"
965,"S12","C047","North","general",23,1.366,0.704,16.7,11,"girl",0.14,4,2,"other_language",0,0,6.8,7.3,7.5,7.3,8,1,2,2,5.5,2,5,50.2,4,,4,5,4,4,4,5,,,5,5,5,3,5,2,1,,1,2,3,1,3,1,1,1,2,2,1,2,,,,4,4,4,4,3,5,5,4,5,1,4,4,4,4,1,5,4,4,4,4,3,4,4,3,4,1,1,1,1,1,1,0,1,1,0,1,0,0.75,-0.624,53.5,65.7,1,1,1,0,0,"C"
966,"S12","C047","North","general",23,1.366,0.704,16.6,11,"girl",1.292,2,5,"other_language",0,0,7.6,7.3,7.2,8.1,6.2,6,1,0,5.3,1.1,5,63.3,4,4,4,4,3,4,5,4,3,4,5,5,4,5,5,1,1,1,1,1,3,2,1,1,,,,1,3,2,3,,1,4,3,5,3,4,4,3,,2,5,3,2,,,,3,5,4,5,4,,2,4,1,3,1,1,1,1,1,1,,1,0,1,1,0,0.693,0.293,47.3,29.3,1,1,1,0,0,"B"
967,"S12","C047","North","general",23,1.366,0.704,16.6,11,"girl",0.457,4,5,"majority_language",0,0,7.2,6.2,6.6,6.8,7.6,3,3,1,5.1,1.6,2,44.2,2,,3,3,4,3,3,4,4,3,4,4,4,5,4,2,3,3,3,3,2,2,3,2,3,,3,3,3,3,2,3,3,3,2,3,3,3,2,3,3,1,,4,5,4,4,4,5,3,4,4,3,4,3,3,2,4,1,1,1,0,1,0,1,0,0,1,0,1,0.944,0.71,51.3,49.2,1,1,0,0,0,"A"
968,"S12","C047","North","general",23,1.366,0.704,16.6,11,"boy",0.34,4,4,"majority_language",0,0,7.3,6.7,6.9,6.9,7,16,1,4,7.3,3.7,3,60,4,5,4,5,5,5,4,,5,5,5,5,2,4,4,2,,1,3,2,3,3,2,2,2,2,2,3,1,1,4,3,4,5,4,4,4,1,3,4,5,2,4,2,5,5,,3,2,5,4,4,4,5,4,4,4,5,1,1,1,1,0,0,1,0,1,1,0,1,0.591,0.584,49.3,52.4,1,1,1,0,0,"A"
969,"S12","C047","North","general",23,1.366,0.704,17.6,11,"girl",-0.139,3,3,"majority_language",0,0,7.2,7.8,6.8,6.1,7.2,1,3,0,4.4,3.8,2,44.6,2,3,3,2,3,2,2,3,2,3,2,2,3,1,4,2,2,3,3,4,2,4,4,3,4,4,3,1,1,2,,2,1,1,4,4,5,4,5,4,4,4,4,4,5,5,,5,4,5,4,3,5,5,4,4,3,3,1,1,1,1,1,1,1,0,1,1,0,0,0.762,1.023,44,44.9,0,0,1,0,0,"A"
970,"S12","C047","North","general",23,1.366,0.704,16.7,11,"girl",0.295,3,3,"majority_language",0,0,7.1,8.5,8.6,7.6,8.5,0,0,2,5.5,1.8,4,59.3,5,4,5,5,5,3,4,5,5,4,5,4,3,4,4,3,1,3,2,1,2,3,3,2,4,1,3,1,3,2,3,1,2,4,4,3,4,3,5,3,5,4,5,3,4,5,5,3,4,5,5,5,4,4,3,4,4,4,0,1,1,1,1,1,1,1,0,1,1,0,0.843,0.329,74.7,55.4,0,0,0,0,0,"A"
971,"S12","C047","North","general",23,1.366,0.704,17.4,11,"boy",0.064,2,5,"majority_language",0,0,7,8.2,8.2,7.7,7.1,1,5,3,6.3,1.6,5,44,5,5,4,5,4,4,5,4,,5,5,5,5,4,4,,2,2,3,1,2,3,2,2,,,,3,3,2,1,1,2,5,4,4,5,4,3,5,4,5,5,2,5,3,,,5,4,4,3,4,3,5,4,4,2,1,1,1,1,1,1,1,1,1,,0,0,0.782,-0.644,43.6,37.4,1,1,1,0,0,"B"
972,"S12","C047","North","general",23,1.366,0.704,16.5,11,"boy",0.535,4,3,"majority_language",0,0,7.8,7.9,7.4,6.9,7.2,2,3,2,9.9,2.6,3,55.4,,5,5,5,4,5,3,4,,,5,3,5,5,4,1,2,2,2,2,2,3,3,2,4,2,1,2,3,2,,,,4,3,2,2,3,5,4,5,5,5,4,2,5,5,3,5,4,3,3,4,5,4,4,4,4,1,0,1,1,1,1,1,0,1,0,1,1,0.91,1.096,52.2,60.2,1,1,1,0,0,"C"
973,"S12","C047","North","general",23,1.366,0.704,16.6,11,"girl",0.054,2,2,"majority_language",1,0,7,7.1,7.4,6.6,7.1,13,1,12,8.7,1.8,2,44.1,5,3,5,3,3,2,5,5,3,4,4,3,,3,3,,2,1,2,1,1,1,1,,,,,3,4,4,3,,3,3,2,4,2,3,4,2,,3,4,4,,4,,,4,4,4,2,2,3,5,5,5,5,0,1,,0,,1,0,0,,1,0,0,0.873,0.22,58.4,60.3,1,1,1,0,0,"B"
974,"S12","C047","North","general",23,1.366,0.704,16.7,11,"girl",1.26,3,4,"majority_language",0,0,7.2,,,7.1,7.7,1,,,5.5,2.8,2,62.9,2,,4,4,3,,,,,,,,,,,1,2,1,2,1,1,,,,,,,,,,,,,3,4,3,3,,,,,,,,,,,,3,5,4,5,5,4,4,3,4,4,1,1,1,1,1,1,1,0,1,1,1,0,0.824,0.579,43.7,55.1,1,1,1,1,1,"B"
975,"S12","C047","North","general",23,1.366,0.704,16,11,"girl",1.278,5,2,"majority_language",0,0,8.7,8.4,8.1,7.6,7.7,3,0,4,6.7,2.1,5,57.7,4,4,5,5,5,5,5,5,4,5,4,2,5,2,2,1,1,2,2,1,1,2,1,1,1,1,1,1,1,1,2,1,1,3,,2,4,3,3,3,5,5,4,4,5,3,4,3,5,5,4,,5,2,2,4,2,3,1,1,1,1,1,1,1,1,1,0,0,0,0.953,-0.154,71.9,68.8,1,0,0,0,0,"A"
976,"S12","C047","North","general",23,1.366,0.704,16.8,11,"girl",-0.088,3,4,"majority_language",0,0,7.2,7.3,7.1,6.5,7.5,4,1,2,6,2.2,1,48.6,3,2,4,4,4,5,5,4,5,5,4,4,5,4,4,4,3,4,2,1,2,,,3,3,2,2,2,1,1,1,2,1,3,5,5,3,4,4,5,5,3,4,5,5,3,5,5,,3,4,,,4,5,3,5,5,1,1,1,0,0,1,1,0,0,0,0,1,0.862,1.548,54.2,52.8,1,1,0,0,0,"A"
977,"S12","C047","North","general",23,1.366,0.704,16.9,11,"girl",0.214,5,3,"majority_language",0,1,7.1,7,8.1,6.4,7.5,2,0,0,4.4,1.9,5,57.5,4,5,4,3,3,4,5,5,,,4,3,4,5,5,1,2,1,1,2,2,1,1,1,1,1,2,1,1,,,,,5,4,4,4,4,,4,5,5,3,5,5,5,5,4,4,3,4,3,5,5,5,3,5,5,1,1,1,0,1,1,0,0,0,0,1,0,,,,,1,1,1,0,0,"C"
978,"S12","C047","North","general",23,1.366,0.704,16.2,11,"boy",-0.852,2,2,"majority_language",0,0,6.8,6,6,7.1,7.5,4,2,6,4.5,3,3,56,3,2,2,3,2,3,3,4,,,3,1,3,,4,3,3,1,4,2,3,4,2,3,3,2,1,1,1,2,,,,4,4,4,4,4,3,2,3,4,5,5,5,5,5,4,4,4,5,5,,5,4,4,4,3,1,0,0,1,1,1,1,0,0,0,1,0,0.441,-0.847,37.6,41.4,1,1,1,0,0,"C"
979,"S12","C047","North","general",23,1.366,0.704,16.3,11,"boy",0.297,3,2,"majority_language",1,0,7.6,,,6.4,7.3,3,,,6.9,1.4,5,57.2,,3,5,5,5,,,,,,,,,,,3,1,1,1,1,1,,,,,,,,,,,,,4,5,5,4,4,,,,,,,,,,,4,5,5,5,4,4,4,5,5,4,1,1,1,0,0,1,1,1,1,1,0,0,0.786,-0.303,52.2,45.4,1,1,1,1,1,"C"
980,"S12","C047","North","general",23,1.366,0.704,16.3,11,"boy",0.387,4,3,"majority_language",0,0,7.2,7,7.3,8,6.8,0,7,4,8.1,2.3,5,59.9,,5,5,3,4,5,4,5,4,5,4,5,4,5,4,1,,1,1,1,1,2,2,1,1,2,1,2,1,1,1,1,4,4,3,5,5,4,5,5,5,4,3,5,4,5,5,4,3,3,,4,3,5,5,4,4,5,1,1,0,1,0,0,0,0,0,0,1,0,0.542,-0.382,31.7,39.2,1,0,0,0,0,"A"
981,"S12","C047","North","general",23,1.366,0.704,16.5,11,"boy",0.359,3,1,"other_language",0,0,7.6,7.3,8.3,7,7.3,5,4,1,8.6,2.4,4,50.8,5,5,5,4,5,4,3,5,,,4,4,5,4,5,4,2,3,2,3,1,2,2,1,2,1,1,2,3,1,,,,4,3,3,3,4,3,5,,4,3,5,5,4,4,5,4,5,5,3,4,5,5,4,5,5,1,1,1,1,1,1,1,0,,1,0,0,0.795,-0.97,47.2,51.2,1,1,1,0,0,"C"
982,"S12","C047","North","general",23,1.366,0.704,16.3,11,"girl",-0.406,2,3,"majority_language",0,0,6.8,7.3,7.8,5.8,7.2,2,6,1,5,2.6,2,42.4,4,3,5,2,4,5,,5,,,3,3,4,5,2,1,1,1,2,1,,3,2,,1,1,1,1,1,1,,,,2,3,4,4,5,3,5,4,4,2,3,4,4,3,4,4,5,4,3,4,5,5,4,5,5,1,1,1,1,1,1,0,1,1,1,0,0,0.559,-0.785,47.4,39.8,1,1,1,0,0,"C"
983,"S12","C047","North","general",23,1.366,0.704,15.9,11,"boy",-1.637,1,1,"other_language",0,0,7.2,7.8,8.8,6.7,7.4,1,1,4,7.5,2.8,4,51.9,3,4,5,4,5,4,3,,3,4,3,5,3,3,4,2,2,1,1,2,1,3,2,2,,,,2,,2,1,3,3,4,3,4,5,5,5,5,5,4,5,4,4,5,,,2,4,,2,3,5,4,4,5,3,1,1,1,1,1,,1,,0,0,,0,,,,,1,1,1,0,0,"B"
984,"S12","C048","North","general",26,1.366,1.255,17.7,12,"girl",0.224,3,2,"majority_language",0,0,8.2,8.1,6.8,7.5,7.3,1,0,0,7.7,1.2,3,54.3,4,5,3,5,5,5,5,5,5,5,5,5,4,4,5,1,1,1,1,,1,1,1,2,,,,1,1,2,2,1,3,4,4,4,5,5,4,5,4,5,4,5,5,5,,,3,3,4,2,3,3,4,3,5,2,1,1,1,1,1,1,1,1,1,0,,0,0.585,1.169,41.8,41.8,1,1,1,0,0,"B"
985,"S12","C048","North","general",26,1.366,1.255,17.3,12,"boy",-0.238,4,4,"other_language",0,0,7.3,7.2,7.5,7.9,7.2,6,5,5,6.6,4.5,4,59.4,5,3,4,4,5,5,5,3,,,5,5,5,5,5,3,3,1,2,,3,3,,2,2,4,2,2,1,2,,,,5,4,,5,3,5,5,5,5,4,5,5,5,5,4,3,4,5,2,3,5,5,5,5,5,1,1,0,0,0,0,0,0,0,0,0,0,0.754,0.368,45,58.1,1,1,1,0,0,"C"
986,"S12","C048","North","general",26,1.366,1.255,17.5,12,"boy",-0.177,2,2,"majority_language",0,0,6.8,6.6,7.2,7.7,7,2,5,2,9.2,2.6,4,64.1,5,5,5,5,5,5,5,4,5,5,5,3,5,5,5,1,3,2,2,1,3,2,1,1,,,,2,1,1,2,2,3,5,5,5,5,5,5,4,,4,5,4,4,5,,,5,3,,4,3,5,5,4,5,4,1,0,1,1,1,0,0,0,0,1,0,0,0.35,-0.302,26.4,45.4,1,1,1,0,0,"B"
987,"S12","C048","North","general",26,1.366,1.255,17.4,12,"boy",-0.421,3,2,"majority_language",0,0,7.6,7.5,6.8,7.2,7.9,1,6,12,2.6,1.9,2,44.7,5,3,2,4,3,3,5,3,2,3,5,4,,,2,,2,2,1,,2,3,4,2,,,,3,2,1,1,3,3,5,5,4,5,4,5,3,5,5,5,4,3,5,,,3,3,4,4,2,4,5,4,4,4,0,0,1,,0,0,0,1,0,0,0,0,0.661,0.088,37.6,42.9,1,1,1,0,0,"B"
988,"S12","C048","North","general",26,1.366,1.255,17.2,12,"boy",-0.053,1,3,"majority_language",0,0,7.2,7.1,,5.1,6,8,8,,5.5,2.8,2,48,4,2,5,4,2,3,5,5,4,3,,,,,,1,3,1,3,2,2,2,,3,3,3,1,,,,,,,5,4,4,3,3,4,3,,2,3,,,,,,3,3,4,4,4,4,5,4,5,3,0,0,0,1,0,0,1,0,0,0,0,0,0.794,-0.361,49.4,57.1,0,1,1,0,1,"A"
989,"S12","C048","North","general",26,1.366,1.255,17.1,12,"boy",-0.024,2,1,"majority_language",0,0,7.8,7.3,8.8,7.8,5.5,0,4,6,7.1,1.9,5,54.5,4,5,3,5,4,4,4,5,4,4,,3,2,2,3,1,3,2,1,1,1,2,1,1,,,,3,1,1,3,2,3,3,4,4,5,3,3,,4,3,4,4,5,4,,,4,3,4,4,5,4,5,5,5,5,1,,1,1,1,0,0,1,1,0,0,0,0.821,-0.581,49.9,47.9,1,1,1,0,0,"B"
990,"S12","C048","North","general",26,1.366,1.255,17.2,12,"girl",1.502,5,4,"majority_language",0,0,9.3,9.5,7.9,7.5,7.3,2,1,1,5.6,1.6,5,57.9,5,5,5,5,5,4,5,3,5,5,4,4,5,5,4,1,2,1,1,1,3,2,1,1,,,,1,3,1,1,1,2,3,4,2,3,3,3,4,4,5,3,5,5,4,,,5,5,5,5,5,3,3,3,5,,1,1,1,1,0,1,1,1,1,1,1,1,0.913,1.2,58.5,68.2,1,1,1,0,0,"B"
991,"S12","C048","North","general",26,1.366,1.255,17.4,12,"girl",-0.712,2,1,"majority_language",0,0,6.7,7,6.6,6.1,6.8,2,1,5,5.3,2,2,52.5,3,2,2,4,3,4,4,5,4,4,3,2,3,4,1,3,3,3,3,1,2,1,3,1,2,2,2,2,3,1,2,2,1,4,,4,5,5,4,5,5,5,3,5,5,5,5,5,4,4,4,3,5,2,3,5,5,3,1,1,0,0,0,0,0,0,1,0,0,0,0.505,-0.796,53.2,42.4,1,0,0,0,0,"A"
992,"S12","C048","North","general",26,1.366,1.255,17.4,12,"boy",-1.367,2,1,"majority_language",0,0,7,6.3,7.4,6.6,7.5,5,5,3,7.2,1.4,3,49,3,4,5,4,2,4,3,4,2,,3,2,3,4,3,1,1,1,2,,3,1,1,1,3,2,2,3,2,1,3,1,3,4,5,4,4,4,5,3,5,3,3,5,5,5,3,4,2,4,2,4,4,5,5,5,4,3,1,1,1,1,0,0,0,0,0,1,0,0,0.833,1.891,56.6,40.1,1,1,0,0,0,"A"
993,"S12","C048","North","general",26,1.366,1.255,18,12,"boy",-0.497,3,3,"majority_language",0,0,7.4,8,7.6,8.4,6.5,2,0,6,10.8,1.9,4,53.4,5,4,4,4,4,4,5,4,5,5,5,5,3,5,5,1,1,2,1,2,1,1,1,1,,,,1,1,1,1,1,1,4,,4,5,4,3,4,4,2,3,4,4,5,,,3,5,4,4,5,2,3,4,,1,1,1,1,,1,1,1,1,1,1,1,1,0.794,-0.474,43.4,51.9,1,1,1,0,0,"B"
994,"S12","C048","North","general",26,1.366,1.255,17.1,12,"girl",-0.42,2,3,"majority_language",0,0,7.8,9.1,8.1,7.6,6.8,3,0,1,7.5,1.6,3,47.6,5,4,4,4,3,5,5,5,5,3,,4,4,4,3,2,2,2,2,1,1,1,2,2,1,1,1,1,3,1,1,4,3,5,5,5,5,5,5,5,5,5,3,3,5,5,5,4,2,2,3,4,3,4,5,5,3,3,0,1,0,,0,,0,1,0,1,0,0,0.664,0.157,48.1,63.3,1,0,1,0,0,"A"
995,"S12","C048","North","general",26,1.366,1.255,17.2,12,"girl",1.233,5,5,"majority_language",1,0,7,7.2,6.7,7.3,6.8,4,2,0,5.7,2.4,3,53.3,5,3,5,5,5,2,4,4,4,4,2,4,4,5,5,4,2,1,3,1,,1,1,2,,,,2,2,1,3,1,1,4,5,5,5,5,4,5,5,3,5,3,5,4,,,5,5,4,3,5,5,4,3,3,3,1,1,1,0,0,1,1,0,1,1,0,0,0.649,-0.586,45.9,51.5,1,1,1,0,0,"B"
996,"S12","C048","North","general",26,1.366,1.255,16.9,12,"boy",-0.872,3,2,"majority_language",0,0,6.6,,,7.7,5.9,6,,,6.6,1.8,5,47.5,4,4,5,,3,,,,,,,,,,,,1,2,1,1,2,,,,,,,,,,,,,4,4,5,5,5,,,,,,,,,,,2,2,2,2,3,3,5,4,4,5,1,1,0,1,1,0,1,1,1,1,1,0,0.651,-1.21,33.7,37.9,1,1,1,1,1,"B"
997,"S12","C048","North","general",26,1.366,1.255,17.7,12,"girl",1.093,3,5,"majority_language",0,0,8,7.6,6.7,7.9,7.5,0,1,1,9.6,1.8,3,56.1,4,5,5,3,4,5,4,5,,,2,2,3,3,4,2,,1,4,2,2,1,4,1,3,5,2,3,2,1,,,,5,3,5,4,5,2,3,3,3,4,5,3,3,,3,3,3,5,3,3,4,4,4,3,4,1,1,1,1,1,1,0,1,1,0,1,0,0.889,0.219,56.4,60.5,1,1,1,0,0,"C"
998,"S12","C048","North","general",26,1.366,1.255,17.5,12,"girl",-0.423,4,3,"majority_language",0,0,7.1,7,7.9,6.7,6.2,6,1,3,7,2.9,4,61.3,5,4,4,5,5,5,5,4,,,5,5,5,4,5,1,3,1,1,1,1,1,1,1,1,2,1,2,2,1,,,,4,5,5,4,5,5,5,5,5,5,5,5,5,5,5,4,5,3,3,5,5,5,5,5,5,1,1,1,1,0,0,1,0,0,0,0,0,0.803,-1.043,37.4,45.8,0,1,1,0,0,"C"
999,"S12","C048","North","general",26,1.366,1.255,17.6,12,"girl",1.68,4,4,"majority_language",0,0,7.1,7.4,7.5,7.2,6.9,2,3,3,5,6.6,5,56.5,5,5,5,4,5,4,4,5,5,4,4,2,,4,4,2,1,1,3,1,2,1,1,1,,,,1,1,1,2,2,2,5,4,4,5,5,5,5,5,5,5,5,,5,,,4,5,5,5,5,5,5,5,5,5,1,1,0,,1,1,1,1,0,0,0,0,0.894,0.505,49.5,46.5,1,1,1,0,0,"B"
1000,"S12","C048","North","general",26,1.366,1.255,17.1,12,"girl",0.653,3,3,"majority_language",1,1,7.5,7,7.6,7.6,6,2,6,0,8.5,1.6,4,55.1,5,5,4,5,5,,5,5,4,4,5,5,5,3,4,1,1,2,1,1,2,2,2,3,,,,1,1,3,3,1,2,1,1,2,2,3,3,4,5,3,4,4,5,5,,,5,5,2,3,3,5,4,3,5,5,1,1,1,1,1,1,,0,0,1,0,0,0.778,1.108,38.4,46.3,1,1,1,0,0,"B"
1001,"S12","C048","North","general",26,1.366,1.255,17.9,12,"girl",0.292,3,4,"majority_language",0,0,7.2,8.1,6.9,7.6,8.2,7,6,8,8.3,1.8,4,55.5,4,,2,4,,3,5,4,,,5,5,3,,4,3,5,4,3,3,1,3,,2,4,2,4,2,2,3,,,,4,4,4,4,4,4,4,,2,5,3,4,4,3,4,4,3,3,5,5,2,3,2,4,3,1,1,1,1,1,1,1,1,1,1,1,1,,,,,1,1,1,0,0,"C"
1002,"S12","C048","North","general",26,1.366,1.255,17.2,12,"girl",0.191,3,4,"majority_language",0,0,7.1,6.3,6.8,7,6.9,2,5,1,3.5,3.9,4,49.8,3,5,4,4,3,4,5,5,,,5,5,5,5,5,2,1,2,2,,2,2,1,2,2,1,1,1,1,1,,,,5,5,5,5,5,5,5,5,5,5,4,5,4,5,5,4,4,5,5,4,5,5,5,5,5,1,1,1,0,1,0,1,0,0,0,0,0,0.774,-1.224,39.8,38.2,1,1,1,0,0,"C"
1003,"S12","C048","North","general",26,1.366,1.255,17.3,12,"girl",-0.297,3,4,"majority_language",0,0,6.6,6.7,6.9,5.8,6.7,9,1,10,6.1,4.1,2,45.2,4,3,3,3,4,,5,,5,5,5,5,4,2,5,3,3,1,3,4,2,4,4,2,2,4,3,2,2,1,2,1,2,5,3,4,4,5,4,4,5,4,3,4,2,4,4,2,5,5,5,4,4,5,5,,5,,0,0,0,0,0,0,0,1,0,1,1,0,0.611,0.462,37,40.8,1,1,0,0,0,"A"
1004,"S12","C048","North","general",26,1.366,1.255,17.5,12,"girl",-0.08,5,2,"majority_language",0,1,7.1,6.9,6.2,8.2,6.5,4,4,7,7.3,2.3,5,65.1,4,3,,3,4,4,3,5,,,2,2,4,3,3,4,2,3,2,1,1,2,2,2,2,1,2,,3,3,,,,5,5,5,3,5,3,4,5,3,5,2,2,4,4,4,5,5,5,5,5,4,4,4,4,,1,1,1,0,1,1,1,,1,0,0,1,0.557,0.987,50.3,42.7,1,1,1,0,0,"C"
1005,"S12","C048","North","general",26,1.366,1.255,17.4,12,"girl",1.645,3,3,"majority_language",0,0,8.5,8.1,8.6,7.8,7.4,3,1,0,11.4,1.5,5,57.5,5,5,4,5,5,4,4,5,5,4,4,5,5,5,3,1,2,1,1,1,,1,,2,,,,2,1,2,2,2,2,5,5,3,3,4,4,1,2,3,3,5,5,4,,,4,5,,5,5,4,4,5,4,4,1,1,1,1,1,1,1,1,0,,1,0,0.826,1.006,60.2,61.2,1,1,1,0,0,"B"
1006,"S12","C048","North","general",26,1.366,1.255,17.5,12,"girl",0.66,3,5,"majority_language",0,0,8.3,7.8,7.3,8.5,7.4,0,1,0,7.4,1.9,5,52.8,4,4,5,4,4,4,5,3,4,2,5,5,4,5,5,3,3,4,2,2,3,1,3,1,2,1,1,1,3,3,2,1,3,3,4,4,4,5,4,3,4,3,4,4,4,4,4,4,4,3,4,5,4,5,3,4,3,4,1,1,1,1,1,1,1,1,1,0,0,0,0.89,2.054,58.9,73.5,0,0,0,0,0,"A"
1007,"S12","C048","North","general",26,1.366,1.255,17.3,12,"boy",-0.177,4,2,"other_language",0,0,8.1,7.9,8.1,7.2,6.9,3,2,11,6.1,1.6,3,53.5,5,4,3,4,4,5,4,5,5,5,5,5,4,5,5,2,1,1,2,2,3,3,3,1,,,,1,1,1,2,,1,5,,4,5,4,5,4,5,5,5,4,3,3,,,5,5,5,4,,4,4,4,5,5,1,1,1,0,0,0,0,1,1,1,0,0,0.796,-0.845,43.6,43.9,1,1,1,0,0,"B"
1008,"S12","C048","North","general",26,1.366,1.255,17.6,12,"girl",0.585,3,5,"majority_language",0,0,9.4,9.5,8.1,8.1,8.1,0,1,1,9.6,1.5,3,69.3,4,4,5,5,3,4,5,3,3,3,5,4,5,5,4,1,1,1,1,1,1,1,1,2,,,,2,1,1,2,1,1,5,5,5,5,5,5,5,5,5,5,5,4,4,,,4,4,5,4,5,5,4,5,4,5,1,1,1,1,1,1,1,1,1,0,0,1,0.727,-0.22,54.9,40.6,0,1,1,0,0,"B"
1009,"S12","C048","North","general",26,1.366,1.255,17.3,12,"boy",-0.435,3,1,"other_language",0,0,8,8.3,8.3,7.3,6.6,2,2,0,9.3,2.2,5,62.9,3,5,4,4,5,5,5,5,4,5,3,5,3,3,3,1,2,1,1,1,2,1,2,3,1,1,2,3,3,1,1,2,2,4,5,4,4,5,4,4,5,4,4,1,3,3,3,3,4,5,5,5,4,3,5,5,5,5,1,1,1,1,1,1,0,1,0,0,1,0,0.827,-0.174,43.9,69.7,0,0,0,0,0,"A"
1010,"S13","C049","North","general",29,1.251,0.76,14.7,9,"girl",-0.221,3,3,"majority_language",0,0,6.1,6.6,6.3,5.8,6.8,7,6,3,6.4,1.4,5,58.5,3,5,4,3,5,3,3,3,2,4,2,5,4,3,4,3,,3,3,2,3,3,3,1,3,3,3,4,4,2,2,3,2,3,5,3,5,4,4,5,4,5,4,2,4,2,4,4,5,5,4,4,5,4,5,,5,5,0,0,1,1,1,0,1,0,0,0,0,,0.497,-1.791,34.2,30.2,1,0,0,0,0,"A"
1011,"S13","C049","North","general",29,1.251,0.76,14.9,9,"girl",1.188,4,5,"majority_language",0,0,8.2,8.8,7.6,7.8,8.3,1,3,3,10.3,2.2,3,55.4,,5,5,3,5,5,3,5,4,5,5,4,5,5,5,1,1,1,1,1,1,1,1,1,1,1,1,1,1,1,1,1,1,5,4,3,5,4,4,5,4,5,5,4,4,4,4,3,4,4,3,3,,5,5,3,5,5,1,1,1,1,1,0,0,1,0,1,,0,0.935,0.576,59.5,41.7,1,0,0,0,0,"A"
1012,"S13","C049","North","general",29,1.251,0.76,13.8,9,"girl",1.532,,5,"majority_language",0,0,8.6,7.8,7.6,9.2,8.7,4,2,0,7.3,2.4,4,54.4,5,3,4,4,4,4,4,4,,,3,3,5,4,3,2,1,3,3,1,3,1,1,2,2,1,1,1,1,2,,,,4,2,5,3,4,5,5,5,4,4,4,5,5,5,,5,3,4,3,4,5,5,5,5,3,1,1,1,1,1,1,1,1,1,0,0,1,0.857,0.756,59,49.6,0,1,1,0,0,"C"
1013,"S13","C049","North","general",29,1.251,0.76,14.2,9,"girl",1.677,5,4,"majority_language",0,0,9.1,9.2,9.1,7.9,8.1,0,1,0,4.5,4.6,2,54.1,5,4,4,5,4,5,5,5,5,5,5,5,5,5,5,1,2,2,1,1,1,2,1,3,1,1,1,,3,2,3,3,1,4,5,5,5,4,4,5,4,5,4,4,4,5,5,3,5,5,5,4,5,4,5,4,4,5,1,1,1,1,1,1,1,1,1,1,1,0,0.794,-1.211,43.4,51.1,0,0,1,0,0,"A"
1014,"S13","C049","North","general",29,1.251,0.76,14.8,9,"girl",-1.602,3,1,"majority_language",1,0,7.6,7.4,7.9,6.9,7.6,5,2,6,3.6,4.1,3,54.6,4,3,4,5,2,4,5,5,5,4,5,5,5,4,5,2,1,1,2,1,2,2,2,2,,2,3,4,2,2,2,2,,3,4,2,5,3,3,5,5,3,3,4,3,5,4,5,4,3,5,4,3,3,3,5,4,5,1,1,1,1,0,,1,0,0,1,1,0,0.859,-0.311,57.8,64.1,1,1,1,0,0,"A"
1015,"S13","C049","North","general",29,1.251,0.76,14.8,9,"girl",0.03,4,3,"other_language",0,1,7.9,8.2,7.5,6.9,5.7,1,3,3,6.4,3,3,55.3,4,5,4,4,5,4,4,3,4,3,,4,5,4,5,2,2,1,2,1,2,1,2,1,,1,1,1,2,1,1,2,1,5,5,4,4,4,5,5,5,5,5,4,4,3,4,4,5,4,3,4,5,4,4,3,5,3,,1,1,1,0,1,0,0,0,1,1,0,0.878,0.972,53.6,56.8,1,1,1,0,0,"A"
1016,"S13","C049","North","general",29,1.251,0.76,14.3,9,"boy",1.977,5,5,"majority_language",0,0,8.7,7.1,8,7.8,8,6,1,2,8.1,1.4,2,47.9,5,4,4,5,5,5,5,4,5,4,5,4,5,5,4,1,2,2,1,2,1,2,1,1,3,1,1,1,1,1,2,1,1,3,2,4,5,5,4,5,4,3,5,5,5,5,4,5,2,2,3,3,5,3,3,4,4,5,1,1,1,1,1,1,1,1,1,1,0,0,0.819,1.877,70.8,48.3,0,0,0,0,0,"A"
1017,"S13","C049","North","general",29,1.251,0.76,14.6,9,"girl",1.06,5,4,"majority_language",0,0,8.7,8.3,,8.2,6.7,7,2,,7,3.1,3,51.5,4,5,5,4,5,4,3,4,4,4,,,,,,3,2,2,3,4,2,1,1,1,1,1,1,,,,,,,3,3,3,2,4,4,4,4,3,4,,,,,,5,5,5,,5,3,,5,3,4,1,1,1,1,1,1,1,1,1,1,1,1,0.799,0.849,67.3,63.9,1,0,1,0,1,"A"
1018,"S13","C049","North","general",29,1.251,0.76,14.1,9,"boy",0.815,4,4,"majority_language",1,0,8,7.7,7.6,6.3,8.2,0,15,4,5,2.2,4,52.5,5,5,4,3,3,5,3,5,3,4,4,4,3,4,3,3,1,2,3,1,3,4,2,4,3,2,3,5,2,3,3,2,3,2,5,4,3,4,5,3,3,5,2,3,3,2,3,2,5,5,5,5,5,2,2,2,3,3,1,1,1,0,1,1,1,1,1,0,0,0,0.869,0.293,64.1,65.4,0,0,0,0,0,"A"
1019,"S13","C049","North","general",29,1.251,0.76,14.4,9,"girl",0.73,5,3,"majority_language",0,0,7.5,7.4,7.6,6.8,10,2,2,0,7,3.8,4,55.9,4,4,4,4,4,4,,4,,4,3,5,3,3,4,2,4,3,4,1,1,4,4,,,,,3,2,3,2,2,3,4,5,4,5,5,,5,5,5,5,5,5,5,,,4,5,5,4,4,5,4,,5,5,1,0,1,1,0,1,1,1,1,1,0,0,0.887,-0.074,49,59.5,1,1,1,0,0,"B"
1020,"S13","C049","North","general",29,1.251,0.76,14.6,9,"boy",1.261,4,3,"majority_language",0,0,8.7,7.9,7.9,9.2,7.3,0,1,1,8.5,1,5,58.9,5,5,5,4,4,5,5,5,5,5,5,5,5,4,5,1,3,2,2,2,2,1,1,1,,,,1,1,1,1,1,2,4,4,5,5,5,4,4,4,4,,5,4,3,,,5,5,4,4,3,5,4,5,5,4,1,0,1,1,1,1,0,1,1,1,0,1,0.734,0.485,41.9,67.2,0,1,1,0,0,"B"
1021,"S13","C049","North","general",29,1.251,0.76,15.2,9,"girl",0.11,4,2,"majority_language",0,0,7.3,6.5,7.1,6.9,7.5,11,0,6,6.6,2.5,3,50.3,4,4,3,4,3,,5,4,3,4,5,4,3,4,4,2,3,3,1,3,3,,4,2,2,2,,1,2,3,3,2,1,,4,,,3,4,5,5,3,4,5,5,4,5,5,5,4,5,5,3,1,1,4,2,2,1,1,1,1,1,0,1,0,0,0,0,1,0.772,0.076,37.8,46.9,1,1,0,0,0,"A"
1022,"S13","C049","North","general",29,1.251,0.76,14.3,9,"boy",1.405,,3,"majority_language",0,0,8,7.7,8.5,7.4,7.4,0,5,1,8.1,1.5,5,57,5,4,3,3,5,4,4,4,2,5,5,,4,4,5,1,1,1,2,2,2,1,1,2,2,2,1,1,1,2,1,2,2,5,5,5,5,5,4,5,5,3,5,3,3,3,2,3,5,5,5,3,4,3,3,4,3,4,0,1,0,,1,0,1,1,1,1,0,0,0.789,1.92,49.8,58.4,1,0,1,0,0,"A"
1023,"S13","C049","North","general",29,1.251,0.76,14.2,9,"girl",0.39,4,4,"majority_language",1,0,6.1,6.3,,6.2,5.4,5,6,,5.1,3.4,1,38.9,1,2,3,2,2,3,4,3,2,3,,,,,,1,2,1,1,3,3,1,2,1,3,1,2,,,,,,,2,4,2,2,2,3,3,3,3,3,,,,,,2,3,1,2,,5,3,3,5,4,0,1,1,0,0,0,1,0,0,0,0,0,0.577,0.27,39.7,42.1,1,0,1,0,1,"A"
1024,"S13","C049","North","general",29,1.251,0.76,14.5,9,"girl",1.264,5,5,"majority_language",0,0,8.6,7.8,7.8,7.7,6.7,4,1,1,6.2,2.1,4,58.8,4,3,2,4,3,4,5,4,5,5,5,5,4,5,5,2,1,,2,1,2,1,1,1,3,1,2,1,1,1,2,1,1,5,,5,5,5,5,4,5,4,4,5,5,4,4,3,4,5,5,5,4,4,3,3,3,4,1,1,1,1,1,1,1,,1,1,0,1,0.758,-0.028,58.4,43.7,1,0,0,0,0,"A"
1025,"S13","C049","North","general",29,1.251,0.76,14.6,9,"girl",1.428,5,5,"majority_language",0,0,7.2,7.4,7.7,7.7,7.1,0,5,2,9,2.6,5,64.9,5,5,4,3,5,4,5,4,5,5,4,3,4,3,4,2,3,1,2,2,1,2,,2,1,2,3,1,2,1,2,2,1,5,5,5,5,4,5,4,5,5,5,5,4,5,5,3,4,5,5,5,2,5,5,5,4,5,,1,1,1,1,1,1,1,1,0,1,1,0.806,0.761,49.3,52.5,1,1,0,0,0,"A"
1026,"S13","C049","North","general",29,1.251,0.76,14.1,9,"another_or_no_answer",-1.403,1,1,"majority_language",0,0,7.4,8.2,7.7,7,6.7,1,1,0,6.8,3.9,4,49.2,3,5,5,3,5,3,,3,,,4,3,4,5,5,3,4,2,2,1,3,3,1,2,,2,2,3,2,2,,,,4,4,4,2,3,3,3,4,3,3,3,,4,2,3,3,3,2,,4,5,4,3,3,3,0,1,1,1,1,1,0,1,1,0,,0,0.839,-0.573,48.8,47.5,1,1,1,0,0,"C"
1027,"S13","C049","North","general",29,1.251,0.76,15.1,9,"boy",1.545,5,5,"other_language",0,0,7.4,7.6,7.7,6.6,5.9,2,2,2,8.5,1.3,2,54.2,3,4,4,2,4,5,2,4,,,5,5,4,3,5,2,1,2,2,1,1,2,2,3,3,2,3,2,1,2,,,,4,3,2,1,5,3,2,2,2,4,2,3,2,1,4,5,4,3,5,5,2,2,3,2,5,1,0,1,1,1,0,0,0,0,0,1,0,0.644,-0.241,56.6,52.6,0,1,1,0,0,"C"
1028,"S13","C049","North","general",29,1.251,0.76,13.8,9,"girl",1.215,5,2,"other_language",0,0,7.8,7.4,7.4,7.8,8.1,2,1,3,2.5,1.3,3,55.5,4,5,5,4,4,5,4,,,,5,,4,3,5,2,3,2,1,2,4,1,2,1,3,1,1,2,3,2,,,,4,4,2,5,3,3,4,3,4,4,,5,5,5,3,5,4,3,4,4,3,5,,5,4,1,1,1,0,1,1,1,1,1,0,0,0,0.929,1.051,46.3,51.4,1,1,1,0,0,"C"
1029,"S13","C049","North","general",29,1.251,0.76,14.3,9,"boy",1.488,5,4,"majority_language",0,0,8.5,8.5,9.2,7.2,9.2,1,3,2,9.8,2.4,5,66.5,5,4,5,4,5,4,3,5,5,5,4,5,4,,5,2,1,1,1,1,1,1,1,,,,,4,4,3,3,3,3,4,3,3,5,3,5,3,1,4,4,3,4,2,,,5,4,5,5,5,4,4,4,5,2,1,,1,1,1,1,1,0,1,0,1,0,0.932,1.237,67.6,63.8,1,1,1,0,0,"B"
1030,"S13","C049","North","general",29,1.251,0.76,14.7,9,"girl",0.608,5,2,"majority_language",0,0,8.9,9.1,8.5,7.3,5.1,0,1,1,11.1,1.9,2,58.7,5,5,4,5,4,5,5,5,,,5,5,5,5,5,2,2,1,1,1,1,1,1,1,1,1,1,1,1,1,,,,2,3,4,3,,4,5,5,3,3,5,4,5,,5,5,5,5,5,5,4,5,5,4,3,1,1,1,1,1,1,1,1,1,0,1,1,0.798,1.056,61.2,62.2,1,1,1,0,0,"C"
1031,"S13","C049","North","general",29,1.251,0.76,14.9,9,"girl",1.523,4,5,"majority_language",1,0,7.9,7.2,6.5,6.8,7.4,2,1,2,7.7,3,5,63.7,5,5,5,4,4,5,5,5,5,5,3,4,4,5,5,1,1,2,1,1,1,1,1,2,,,,2,2,2,1,1,1,2,3,4,2,2,3,2,5,4,3,2,2,4,,,5,5,5,4,5,4,4,4,2,5,0,1,1,1,1,1,1,1,0,0,1,0,0.933,0.809,46.9,51.9,0,1,1,0,0,"B"
1032,"S13","C049","North","general",29,1.251,0.76,14.6,9,"boy",2.377,5,5,"majority_language",0,0,7.5,8,7.4,8,8.1,1,1,0,8.3,1.6,5,57.3,4,4,3,4,4,3,5,4,4,5,5,5,5,4,5,1,1,1,2,1,1,2,2,2,3,3,3,1,1,1,2,1,1,5,4,4,3,3,5,5,4,5,3,5,5,3,4,5,5,3,4,4,5,4,4,3,2,4,1,1,1,1,1,1,1,1,0,1,0,1,0.728,0.846,34.8,49.6,0,0,0,0,0,"A"
1033,"S13","C049","North","general",29,1.251,0.76,14.6,9,"girl",1.345,2,3,"other_language",0,0,8.3,,,5.9,6.6,1,,,11.7,4.3,4,51.6,1,4,4,5,3,,,,,,,,,,,2,1,1,4,2,2,,,,,,,,,,,,,5,5,4,4,4,,,,,,,,,,,4,5,5,4,3,4,5,2,3,4,1,1,1,1,1,0,1,0,0,1,0,1,0.894,0.59,50.7,49.9,0,1,1,1,1,"C"
1034,"S13","C049","North","general",29,1.251,0.76,14.7,9,"boy",0.637,5,4,"majority_language",0,0,7.6,7.8,7.8,8.5,7.8,0,1,0,3.5,2.7,3,58,3,4,5,5,5,3,4,2,,,2,5,3,4,3,2,2,1,2,1,1,1,1,3,2,3,1,1,1,1,,,,2,1,2,2,4,2,4,,2,3,3,3,2,3,2,4,4,3,5,3,2,4,,2,5,1,1,1,1,1,1,1,1,1,1,1,1,0.839,1.204,63.6,66.4,1,1,1,0,0,"C"
1035,"S13","C049","North","general",29,1.251,0.76,14,9,"girl",1.655,5,5,"majority_language",0,0,8.5,8.3,7.7,7.1,7.5,3,0,2,8.4,2.5,5,68.5,5,5,4,5,5,4,3,4,,,4,4,3,3,,1,1,1,3,2,3,,2,2,3,2,3,2,1,5,,,,5,,4,2,4,5,5,5,4,5,4,4,5,2,5,5,5,5,4,5,4,4,5,5,3,0,1,1,1,,1,1,0,0,1,0,0,0.549,-1.111,34.9,43.4,1,1,1,0,0,"C"
1036,"S13","C049","North","general",29,1.251,0.76,14,9,"girl",0.986,5,4,"other_language",0,0,8.9,8.3,8.5,8.4,7.6,1,1,2,8.6,3.5,5,57.8,5,4,5,4,5,5,5,5,,,5,5,5,4,5,2,2,1,1,1,1,2,3,1,1,1,2,2,2,2,,,,4,2,4,3,3,3,4,5,,5,5,5,5,4,5,4,5,2,5,5,5,4,5,4,4,1,1,1,1,1,1,1,1,1,1,1,1,0.899,1.813,80,65.8,0,1,1,0,0,"C"
1037,"S13","C049","North","general",29,1.251,0.76,15.1,9,"boy",1.638,5,4,"majority_language",0,0,9.4,8.8,8.3,8.5,7.5,0,1,3,10,1.2,2,56.4,5,5,3,5,4,4,4,5,5,4,3,5,4,4,5,2,1,2,1,1,1,3,3,1,,,,2,2,1,1,1,2,5,5,4,4,5,3,5,5,5,5,2,4,4,,,4,3,5,4,4,4,4,4,1,3,1,,1,1,0,1,1,1,1,1,0,0,0.873,0.405,52.8,43.1,1,1,1,0,0,"B"
1038,"S13","C049","North","general",29,1.251,0.76,14.4,9,"boy",1.148,5,5,"majority_language",1,0,8.2,7.9,8.2,7.8,7.6,0,3,4,8.4,2.1,3,52.3,4,5,5,5,5,5,4,5,,,5,5,5,4,5,1,2,1,1,1,3,1,2,2,3,1,2,2,2,3,,,,4,5,5,5,4,2,3,4,3,2,3,4,3,4,3,4,3,4,4,4,4,4,4,2,4,1,1,1,1,1,1,1,0,1,1,0,1,0.875,-0.054,59.8,40.2,0,1,1,0,0,"C"
1039,"S13","C050","North","general",14,1.251,-0.477,16.7,11,"boy",0.978,3,5,"majority_language",0,0,6.2,8.1,6.7,7.1,6.6,3,1,0,5.7,6.6,2,43,3,4,4,3,3,4,3,2,,,2,2,3,4,4,4,3,3,1,3,1,2,3,3,3,3,2,5,2,2,,,,4,4,,5,5,,5,4,5,5,4,5,5,5,5,4,5,5,4,,4,3,4,5,4,1,1,0,1,0,0,1,0,0,0,0,0,0.694,0.68,53.7,66.7,1,1,1,0,0,"C"
1040,"S13","C050","North","general",14,1.251,-0.477,16.4,11,"boy",1.279,4,5,"majority_language",0,0,7.6,6.9,7.1,6.5,7.1,6,2,5,4.9,2,1,52.5,3,2,3,4,3,5,4,3,,,5,5,4,3,4,2,4,3,4,3,5,1,2,2,3,2,3,3,2,1,,,,2,3,3,3,3,4,3,4,3,4,2,,2,2,2,3,2,5,2,5,3,4,2,5,3,1,,1,1,1,0,0,0,0,0,0,1,0.886,0.679,62.9,53.3,1,1,1,0,0,"C"
1041,"S13","C050","North","general",14,1.251,-0.477,16.4,11,"boy",-0.103,4,2,"majority_language",0,0,8.2,,,8.5,7,3,,,8.3,6.4,3,49.3,5,4,4,4,,,,,,,,,,,,3,1,2,1,2,2,,,,,,,,,,,,,2,4,4,1,2,,,,,,,,,,,4,5,3,5,5,4,3,2,3,,1,1,1,0,1,1,1,0,0,0,0,0,0.883,0.848,62,63.6,1,1,1,1,1,"B"
1042,"S13","C050","North","general",14,1.251,-0.477,16.6,11,"boy",-0.088,1,2,"majority_language",0,0,7.5,7.3,7.4,7.4,7.7,0,17,1,3.8,3.9,4,49.8,5,5,3,4,4,4,3,4,4,3,4,3,2,3,4,1,1,1,1,1,2,,3,1,1,2,2,1,1,2,1,1,1,3,4,3,4,3,5,4,2,5,3,4,4,3,3,3,3,5,4,5,4,3,3,3,3,3,1,1,1,0,1,0,1,0,1,0,0,0,0.534,-0.695,41.7,56.9,0,1,0,0,0,"A"
1043,"S13","C050","North","general",14,1.251,-0.477,16.8,11,"girl",0.602,3,2,"majority_language",0,0,5.9,4.9,,7.3,6.6,2,4,,3.5,3.8,4,36.3,2,3,2,2,4,3,3,3,4,4,,,,,,2,,2,1,2,2,4,3,2,,,,,,,,,,2,,2,3,3,3,3,3,3,3,,,,,,2,3,2,3,3,2,3,3,4,4,1,1,1,,0,1,1,0,1,0,1,1,0.63,-0.086,54.4,41.7,1,1,1,0,1,"B"
1044,"S13","C050","North","general",14,1.251,-0.477,16.8,11,"girl",1.268,5,4,"majority_language",0,0,6.9,,,8.1,7.7,9,,,4.8,2.7,4,43.4,4,5,5,2,5,,,,,,,,,,,4,3,3,2,4,4,,,,,,,,,,,,,4,3,5,3,2,,,,,,,,,,,4,4,5,4,3,5,4,3,3,3,1,1,1,1,1,0,1,1,1,1,0,1,0.721,0.628,48.2,53.8,0,1,1,1,1,"B"
1045,"S13","C050","North","general",14,1.251,-0.477,16.7,11,"girl",1.911,5,5,"majority_language",0,0,8.8,7.9,8.3,8.2,7.5,0,0,4,7.2,2.7,4,57,2,3,3,2,5,3,4,5,4,3,2,3,3,2,,2,2,1,3,1,1,1,3,3,1,2,2,2,2,3,1,2,1,2,4,1,4,4,4,5,2,3,4,4,3,4,1,4,5,4,4,5,4,3,3,2,3,2,1,1,0,1,1,1,1,1,1,1,0,1,0.936,0.842,74.2,73.7,0,0,1,0,0,"A"
1046,"S13","C050","North","general",14,1.251,-0.477,16.7,11,"girl",1.866,5,5,"other_language",1,0,8.8,8.4,8.7,7.1,8.2,4,1,0,9,3,3,53.2,5,5,5,5,5,5,5,5,5,5,5,5,5,5,5,3,2,3,1,1,2,1,2,1,,,,1,1,1,1,1,2,3,4,4,2,1,4,5,1,1,4,4,4,3,,,5,5,5,5,5,3,3,3,2,4,1,1,1,1,1,1,1,1,1,1,1,,0.818,0.094,50.2,56.8,1,1,1,0,0,"B"
1047,"S13","C050","North","general",14,1.251,-0.477,16.9,11,"girl",-0.026,2,3,"majority_language",0,0,6.5,,,5.3,8.4,13,,,4.3,1.7,3,42.8,,2,4,2,3,,,,,,,,,,,3,3,1,3,3,2,,,,,,,,,,,,,2,4,3,3,3,,,,,,,,,,,4,4,2,3,4,3,3,4,1,4,1,0,1,1,0,0,0,0,0,0,1,0,,,,,1,1,1,1,1,"A"
1048,"S13","C050","North","general",14,1.251,-0.477,16.4,11,"boy",1.354,5,4,"majority_language",0,0,8.5,8.6,7.8,7.5,7.6,2,1,1,7.3,3.3,3,50.8,4,4,4,4,1,5,4,4,4,5,5,4,4,5,5,2,1,1,1,2,3,1,1,1,,,,1,1,2,2,1,2,3,4,5,3,5,4,5,2,2,2,4,4,3,,,5,4,3,4,3,4,3,3,5,4,0,1,1,0,,1,,0,0,0,0,0,0.923,1.968,74.8,67.6,1,1,1,0,0,"B"
1049,"S13","C050","North","general",14,1.251,-0.477,16.2,11,"girl",-0.23,4,3,"majority_language",0,0,5.7,5.7,,5.8,7.5,7,4,,2.6,2.6,4,46.7,3,3,3,4,2,3,4,4,,,,,,,,4,3,2,3,4,1,2,1,2,1,1,1,,,,,,,4,5,4,5,3,4,4,4,5,5,,,,,,,2,4,2,5,3,4,3,3,3,1,1,0,1,0,0,0,0,0,0,0,0,0.739,-0.812,33.5,31.4,1,1,1,0,1,"C"
1050,"S13","C050","North","general",14,1.251,-0.477,16,11,"girl",1.409,5,5,"other_language",0,0,6.5,5.8,,8.1,6.1,8,11,,4.7,2,2,50.3,3,2,5,2,4,,2,4,5,2,,,,,,5,2,1,,,5,3,4,2,,,,,,,,,,4,2,2,2,1,,4,5,4,4,,,,,,3,1,3,3,3,2,3,2,1,2,1,1,1,1,0,0,0,0,1,0,0,0,0.938,0.009,58.3,44,1,1,1,0,1,"B"
1051,"S13","C050","North","general",14,1.251,-0.477,16.6,11,"girl",0.023,2,2,"majority_language",1,0,8,7.9,7.7,7.4,7.3,2,2,4,3.5,2.6,3,51.6,5,4,5,4,3,5,5,5,,,5,5,5,4,2,1,2,3,,3,3,2,1,3,2,1,2,1,1,2,,,,2,2,,2,5,3,3,3,4,4,3,4,2,3,4,4,2,3,1,1,3,2,2,3,4,1,1,1,1,1,1,1,1,0,1,0,0,0.844,-0.572,54.6,57.8,1,1,1,0,0,"C"
1052,"S13","C050","North","general",14,1.251,-0.477,17,11,"boy",-0.406,3,1,"majority_language",0,0,8.2,8.5,8.8,7.2,8.2,1,1,6,3.5,3.4,2,43.6,4,2,5,4,5,3,,4,3,5,3,4,3,3,4,4,3,4,2,2,2,5,2,1,2,3,1,3,2,5,,3,1,3,,5,2,1,3,3,2,1,2,2,3,2,3,3,3,2,4,3,2,,5,4,,4,1,1,,1,1,0,1,0,0,0,0,0,0.842,1.382,49.2,57.8,1,1,1,0,0,"A"
1053,"S13","C051","North","general",20,1.251,1.418,14.7,9,"boy",2.25,5,5,"other_language",0,0,8.3,8.3,8.2,8.6,8,0,0,0,9.9,1.6,5,69.8,5,5,5,5,5,5,4,5,,,5,,5,5,5,1,1,1,,1,1,1,2,1,2,1,1,2,3,2,,,,4,3,4,5,3,3,1,4,4,5,5,4,4,3,3,5,4,4,4,5,5,4,5,5,5,1,0,1,1,1,1,1,1,1,0,1,0,0.94,1.852,63,73.8,1,1,1,0,0,"C"
1054,"S13","C051","North","general",20,1.251,1.418,13.8,9,"boy",0.703,5,5,"majority_language",0,0,7.3,7.8,7.8,7.5,7.5,1,2,1,9.3,3.1,2,48,4,,5,5,3,,3,2,3,2,4,2,4,3,2,3,1,2,2,2,2,1,1,1,,,,1,1,1,2,2,2,4,4,5,5,5,5,5,5,5,4,5,4,3,,,5,4,5,4,3,4,5,4,3,5,1,1,1,0,,1,1,0,1,1,0,1,0.886,-0.258,46.6,54.8,1,1,1,0,0,"B"
1055,"S13","C051","North","general",20,1.251,1.418,14.9,9,"girl",1.512,3,5,"majority_language",0,0,7.1,7.4,7.7,7,5.8,3,4,0,5.6,1.6,4,47.9,2,3,4,4,4,5,5,4,,,3,4,3,5,4,4,3,2,3,2,1,1,1,3,2,2,1,2,4,1,,,,3,5,2,3,4,3,5,2,5,5,3,3,3,3,3,2,2,3,3,5,,3,3,3,5,1,1,0,1,1,1,1,0,,0,0,0,0.793,1.76,59.9,59.5,1,1,1,0,0,"C"
1056,"S13","C051","North","general",20,1.251,1.418,14.3,9,"boy",1.738,5,4,"majority_language",0,0,6.8,6.6,6.6,7.9,7.7,2,3,1,7.8,1.1,5,51.5,4,4,4,5,4,5,5,3,,,5,3,3,4,5,1,3,1,2,2,2,3,2,4,1,1,2,1,1,1,,,,4,4,3,4,4,5,5,5,4,4,3,5,4,4,3,4,5,5,5,5,2,3,4,5,5,1,1,1,1,0,1,0,1,1,0,1,0,0.793,-0.714,47.8,39.7,0,1,1,0,0,"C"
1057,"S13","C051","North","general",20,1.251,1.418,14.5,9,"girl",1.152,5,5,"majority_language",1,0,7.9,7.9,8.1,7.1,9.7,1,5,0,11.1,2.3,3,59.4,4,4,3,5,5,5,5,4,5,5,5,5,5,5,4,2,2,2,1,1,2,1,1,1,1,1,1,2,2,5,2,3,4,5,3,5,5,4,5,5,5,5,4,4,3,5,4,5,5,5,4,4,4,5,5,4,4,4,1,1,1,1,1,1,1,0,1,0,1,0,0.819,1.193,54.8,65.8,0,0,0,0,0,"A"
1058,"S13","C051","North","general",20,1.251,1.418,14.7,9,"boy",-0.188,1,3,"majority_language",0,0,7.3,6.7,,7.3,7.9,3,5,,5.3,3.3,1,34.9,4,1,4,3,5,2,3,4,3,4,,,,,,2,2,1,2,1,1,1,2,2,,,,,,,,,,3,4,2,3,5,4,4,4,4,4,,,,,,1,2,2,2,3,5,4,3,3,3,0,1,1,1,1,1,1,0,0,0,0,0,0.77,-0.217,34.2,42.8,0,1,1,0,1,"B"
1059,"S13","C051","North","general",20,1.251,1.418,14.1,9,"girl",0.99,2,2,"majority_language",0,0,7.4,,,7.5,8.1,1,,,6.1,1.8,3,50.7,5,3,5,3,3,,,,,,,,,,,2,1,2,1,1,3,,,,,,,,,,,,,3,2,3,2,4,,,,,,,,,,,4,4,4,3,3,5,3,3,2,3,1,1,1,1,1,0,0,0,0,0,0,0,0.676,1.041,50.6,59.9,0,1,1,1,1,"B"
1060,"S13","C051","North","general",20,1.251,1.418,14.8,9,"girl",0.363,5,2,"majority_language",0,0,6.9,7.5,6.8,7.1,8,1,2,1,10.5,3.7,3,66.9,5,4,5,5,5,5,3,4,,,5,5,,5,5,1,1,1,3,1,2,2,2,1,2,2,1,1,1,3,,,,4,5,5,3,5,2,3,4,3,4,5,3,4,,2,5,5,5,5,5,3,3,3,4,4,1,1,0,1,1,1,0,0,0,0,0,0,0.799,0.07,39.5,36.4,0,1,1,0,0,"C"
1061,"S13","C051","North","general",20,1.251,1.418,14.2,9,"boy",2.079,5,4,"majority_language",0,0,8.5,9.1,8.2,7.8,8.4,0,2,1,6.6,0.8,2,56.1,4,4,4,5,5,3,5,3,4,5,4,5,4,4,4,1,1,1,1,1,2,3,3,1,,,,1,3,1,2,,4,4,4,4,4,5,4,5,3,4,5,4,4,3,,,4,3,5,3,5,4,4,5,4,3,1,1,1,0,1,0,1,0,1,1,1,1,0.935,0.839,55.5,55.3,0,1,1,0,0,"B"
1062,"S13","C051","North","general",20,1.251,1.418,14.7,9,"boy",3.043,5,5,"majority_language",0,0,8.5,8.7,9.1,6.6,7.3,1,1,0,9,1.5,5,57,5,4,5,5,5,5,4,5,5,5,5,5,5,5,5,3,2,1,2,2,1,1,1,1,,,,2,1,1,1,1,1,4,3,5,4,3,2,4,3,3,3,4,5,5,,,4,4,5,5,5,4,4,4,3,4,1,1,0,1,1,1,0,1,0,0,0,0,0.712,-0.551,39.7,43.2,0,1,1,0,0,"B"
1063,"S13","C051","North","general",20,1.251,1.418,14.7,9,"girl",1.817,5,5,"majority_language",0,0,8.3,8.3,8.4,8.3,5.8,1,0,6,8.2,1.4,5,62.7,4,4,1,3,3,5,5,4,5,4,5,5,5,5,4,1,1,2,1,1,2,1,1,,1,1,1,1,3,3,2,2,3,5,5,2,5,4,4,5,2,3,,3,5,3,4,5,1,3,4,3,4,2,3,4,5,4,1,1,1,0,1,1,0,1,1,1,0,0,0.765,0.858,60,65.5,0,1,0,0,0,"A"
1064,"S13","C051","North","general",20,1.251,1.418,14.2,9,"boy",1.339,5,5,"majority_language",0,0,7.5,7.8,8.3,9.5,6.8,1,1,4,5.1,2.4,4,62,5,5,4,5,4,4,5,4,5,5,5,5,5,5,5,1,4,2,2,2,2,1,1,1,,,,2,2,2,2,1,1,4,4,4,3,5,3,3,4,4,1,3,5,5,,,4,4,,4,5,4,5,5,5,5,1,1,1,1,1,1,1,1,1,1,1,1,0.86,0.896,64.5,61.5,1,1,1,0,0,"B"
1065,"S13","C051","North","general",20,1.251,1.418,13.8,9,"boy",1.438,5,3,"other_language",1,0,8.3,8.9,9.1,8.3,7,0,9,3,8.7,5.3,4,58.7,5,4,4,,4,3,3,4,3,3,2,3,2,3,3,1,2,2,2,2,2,1,2,1,2,1,,1,2,3,2,3,2,5,4,4,5,5,5,4,2,5,4,5,5,5,4,5,5,5,4,,5,5,5,5,4,5,1,1,1,1,1,,1,1,1,0,1,0,0.853,0.699,66.8,55.8,1,1,0,0,0,"A"
1066,"S13","C051","North","general",20,1.251,1.418,14.1,9,"girl",0.659,4,3,"other_language",0,0,8,9.4,8.5,7.6,8,3,0,4,7.3,1.2,3,61,5,5,5,5,5,5,5,5,5,5,4,5,4,5,5,1,1,1,3,1,1,1,1,1,1,1,2,1,1,1,1,1,1,5,,5,5,5,5,5,5,5,5,5,5,5,5,5,4,3,5,5,4,4,4,5,3,3,1,1,1,1,1,1,1,1,0,1,0,1,0.946,1.085,64.1,55.9,1,0,0,0,0,"A"
1067,"S13","C051","North","general",20,1.251,1.418,14.7,9,"boy",-0.228,3,4,"majority_language",0,0,6.1,6.8,,5.3,7,3,4,,1.2,2.9,3,45.1,2,2,4,3,4,5,4,3,,,,,,,,1,3,2,2,2,1,1,2,2,2,1,2,,,,,,,5,4,4,5,4,5,5,4,5,3,,,,,,2,2,2,2,3,3,5,4,4,4,,1,0,0,1,1,1,0,0,0,0,0,0.663,-0.622,39.8,32.7,1,1,1,0,1,"C"
1068,"S13","C051","North","general",20,1.251,1.418,14.9,9,"boy",0.545,4,4,"majority_language",0,0,8.3,7.9,9,7.1,6.8,4,1,2,6.7,2.5,1,53.2,3,3,4,3,4,5,5,5,5,4,5,5,3,5,5,,3,1,1,2,3,2,2,1,,,,1,1,1,,1,1,,5,5,5,5,5,5,5,5,5,5,5,5,,,5,,4,3,4,5,4,3,4,,1,1,1,,1,1,0,0,0,0,0,0,0.736,0.67,65,64.8,1,1,1,0,0,"B"
1069,"S13","C051","North","general",20,1.251,1.418,14.5,9,"boy",0.631,5,3,"majority_language",0,0,7.5,8.3,7.4,7.7,7.9,1,0,1,11.8,3.1,5,59.7,5,5,,4,5,5,5,5,5,5,5,4,5,5,5,2,2,2,2,3,2,2,2,1,,,,3,3,2,2,1,2,,4,5,4,4,3,3,4,4,4,4,3,3,,,4,4,,,5,4,4,4,5,4,1,1,1,1,1,1,0,1,1,1,0,0,0.773,-0.386,37.2,49.1,1,1,1,0,0,"B"
1070,"S13","C051","North","general",20,1.251,1.418,13.9,9,"boy",0.539,5,2,"majority_language",0,0,7.1,6.9,7,7.7,7,1,10,1,7.9,1,4,69.3,5,4,5,5,5,5,5,5,,,,5,2,5,5,3,4,3,2,1,1,2,2,2,3,,3,1,2,1,,,,,4,3,3,4,2,3,4,3,2,5,3,4,3,3,5,5,5,4,5,4,4,4,5,4,1,1,1,1,1,1,1,1,0,1,1,0,0.833,0.699,40,39.7,1,1,1,0,0,"C"
1071,"S13","C051","North","general",20,1.251,1.418,14.3,9,"girl",0.26,3,4,"majority_language",0,0,8,8.5,8.4,7,9.2,1,4,0,9.4,2.9,3,56.7,5,4,5,4,4,5,5,5,,,5,5,5,5,5,1,1,1,1,1,2,2,1,1,3,2,2,1,1,1,,,,5,5,5,4,5,4,3,5,4,5,4,3,3,2,4,3,5,5,4,,5,5,5,5,5,1,1,,1,1,1,1,1,1,1,0,0,0.643,-1.487,35.4,38.8,1,1,1,0,0,"C"
1072,"S13","C051","North","general",20,1.251,1.418,14.6,9,"boy",2.814,5,5,"majority_language",0,0,8.3,8.9,8.4,7.5,8,0,1,0,9,0.8,5,63.3,5,5,5,5,4,4,5,5,,,5,5,5,5,5,1,1,1,1,1,1,1,2,2,2,1,1,1,2,2,,,,5,4,4,4,4,4,4,4,5,2,5,5,5,5,5,5,5,4,,5,5,4,4,4,5,1,1,1,1,0,1,1,0,,1,1,0,,,,,1,1,1,0,0,"C"
1073,"S13","C052","North","general",18,1.251,1.905,16.2,11,"girl",2.429,5,5,"majority_language",0,0,10,8.9,8.7,8.3,9.3,1,0,1,12.4,1,5,67.7,5,5,5,5,5,5,5,5,5,5,4,5,4,4,4,1,2,1,2,1,2,2,1,1,,,,1,1,2,1,1,3,4,4,5,5,5,3,5,3,5,5,5,5,5,,,5,5,5,5,5,5,4,5,5,3,1,1,1,1,1,1,1,1,1,1,0,0,0.899,-0.273,59.9,56.3,0,1,1,0,0,"B"
1074,"S13","C052","North","general",18,1.251,1.905,16,11,"girl",2.147,5,5,"majority_language",0,0,7.8,8.1,8.3,7.6,7.5,1,1,1,3.8,2.1,4,55.9,5,3,4,3,3,5,4,5,,,5,4,4,5,3,1,1,,2,2,1,1,1,2,2,3,1,1,1,1,,,,4,5,5,3,3,5,4,5,3,5,5,4,5,4,5,5,5,5,5,5,5,4,3,5,3,1,1,1,1,1,1,1,1,1,1,1,1,0.886,0.374,68,64.3,1,1,1,0,0,"C"
1075,"S13","C052","North","general",18,1.251,1.905,16.4,11,"boy",2.138,5,4,"majority_language",0,0,7.6,7.8,7.5,6.7,6.7,0,0,15,4.8,2.5,2,39.8,1,4,,3,4,3,1,5,2,5,2,1,2,3,2,5,3,2,3,3,4,1,3,2,,,,3,,2,2,2,3,5,5,5,5,,3,4,3,4,4,5,4,5,,,4,5,3,4,2,4,4,5,5,4,1,1,1,1,1,1,1,1,0,0,1,0,0.918,1.432,69.1,65.8,1,1,1,0,0,"B"
1076,"S13","C052","North","general",18,1.251,1.905,16.6,11,"girl",2.201,5,4,"majority_language",0,0,9.1,8.9,7.8,8.6,8.2,0,1,4,9.1,1.4,4,55.4,5,,,5,4,5,4,5,5,5,4,4,2,4,4,,1,3,3,1,4,3,2,1,,,,1,1,4,2,2,2,4,5,4,4,4,5,5,5,4,4,5,5,4,,,5,5,5,4,5,5,5,4,4,4,0,1,1,1,1,1,1,,1,1,0,0,0.847,1.114,62.6,60.8,1,1,1,0,0,"B"
1077,"S13","C052","North","general",18,1.251,1.905,16.1,11,"girl",2.563,5,5,"majority_language",0,0,8.4,9.3,8.1,8.4,7.1,1,1,5,12.6,0.9,5,56.5,5,5,5,5,4,5,5,5,5,5,5,5,5,5,4,1,,2,2,3,2,3,,1,,,,2,1,1,2,1,2,4,2,4,4,,5,4,5,5,5,4,5,5,,,4,5,5,4,5,5,5,4,5,5,1,1,0,1,1,1,1,1,1,0,1,1,0.908,1.016,55.1,58,1,1,1,0,0,"B"
1078,"S13","C052","North","general",18,1.251,1.905,16.2,11,"boy",0.063,4,3,"majority_language",0,0,8.5,6.9,6.9,8,7.5,3,2,4,9.5,2.5,2,55.3,3,4,4,3,3,5,4,5,5,4,5,5,2,4,3,1,2,1,1,1,1,2,2,2,,,,2,2,3,3,2,3,,3,5,3,3,4,4,3,4,3,4,2,5,,,,4,5,4,5,5,5,1,4,5,1,0,1,0,1,1,1,1,0,0,0,0,0.897,0.834,51.3,50.3,1,1,1,0,0,"B"
1079,"S13","C052","North","general",18,1.251,1.905,16.2,11,"boy",1.203,5,3,"majority_language",0,0,8.1,8,7.8,6.5,7.5,0,0,0,9,0.8,5,65.4,5,5,5,4,4,4,5,5,4,5,4,4,4,5,5,1,1,1,1,1,1,2,2,1,1,,2,1,1,1,1,1,1,4,5,4,4,5,5,5,5,2,3,5,5,4,4,4,4,5,5,5,5,4,3,5,4,5,1,1,0,1,0,0,0,0,1,1,0,,0.793,-1.07,37.2,51.8,1,1,0,0,0,"A"
1080,"S13","C052","North","general",18,1.251,1.905,16.3,11,"boy",1.567,5,5,"majority_language",0,0,8.3,7.8,8.2,6,8,2,0,5,5.8,5,2,55.9,2,2,2,3,1,3,5,4,3,4,4,4,4,5,4,1,,1,1,1,,1,1,1,,,,1,1,1,1,1,,3,4,4,5,4,5,5,3,5,4,5,4,3,,,5,5,3,4,4,3,3,3,2,2,1,1,1,1,1,0,1,1,1,0,0,0,0.705,0.898,53.8,54.5,1,1,1,0,0,"B"
1081,"S13","C052","North","general",18,1.251,1.905,17,11,"boy",0.312,1,5,"majority_language",0,0,6.9,8.4,8,7.6,8.4,1,1,1,3.1,2.8,4,65.3,3,4,5,5,5,5,5,5,,,4,5,5,5,5,1,1,1,1,2,1,2,1,2,1,1,,1,1,2,,,,5,5,5,4,5,5,5,5,5,4,5,5,,4,5,2,2,3,4,2,5,5,5,5,5,1,1,1,0,0,1,0,1,0,0,0,0,0.817,-0.111,44.2,42.3,0,1,1,0,0,"C"
1082,"S13","C052","North","general",18,1.251,1.905,16.5,11,"boy",1.576,5,5,"majority_language",0,0,7.2,7.6,7.6,9.1,6.9,2,4,2,10.9,2.7,3,52.7,5,4,4,3,5,4,4,4,3,5,3,2,5,2,4,3,2,,1,2,2,2,1,1,3,3,3,1,2,2,1,3,1,3,3,2,2,4,4,4,5,5,3,3,3,3,2,3,5,5,4,4,4,2,2,3,2,1,1,1,1,1,1,1,1,1,1,1,1,1,0.824,1.692,62.4,58,1,0,0,0,0,"A"
1083,"S13","C052","North","general",18,1.251,1.905,16.7,11,"another_or_no_answer",1.064,4,5,"majority_language",1,0,6.9,7.8,,6.6,7.3,2,0,,7.8,2.2,3,65.2,5,5,5,,3,4,4,5,3,2,,,,,,1,1,1,1,2,1,2,1,,1,2,1,,,,,,,4,3,5,4,5,4,5,4,5,3,,,,,,4,5,4,5,5,5,5,5,,4,0,1,1,0,1,1,0,0,1,0,0,0,0.62,-0.779,53.6,33.1,1,1,1,0,1,"A"
1084,"S13","C052","North","general",18,1.251,1.905,16,11,"girl",1.333,3,5,"majority_language",0,0,7.7,7.6,8,7.4,7,0,3,2,6.7,1,3,57.2,4,3,2,2,4,4,5,4,5,5,5,5,5,5,4,1,1,2,3,1,2,2,2,4,,,,2,3,4,3,4,2,5,4,4,5,5,2,4,5,5,2,5,3,5,,,4,5,4,,4,5,5,5,5,5,1,1,0,1,0,1,0,1,0,0,0,0,0.939,0.311,60.6,61.7,1,1,1,0,0,"B"
1085,"S13","C052","North","general",18,1.251,1.905,15.5,11,"girl",0.562,5,2,"other_language",1,0,7.6,7.8,8.1,7.5,7.1,1,8,3,9.7,2,5,50.3,3,3,2,5,3,4,4,4,,,4,4,4,5,3,1,3,1,1,3,1,2,1,1,2,3,2,4,4,1,,,,3,3,5,5,4,4,4,4,3,5,,5,4,4,4,4,3,2,3,2,5,5,5,5,5,1,1,1,1,0,0,0,1,0,0,1,0,0.945,1.018,67.7,56.3,0,1,1,0,0,"C"
1086,"S13","C052","North","general",18,1.251,1.905,16.2,11,"boy",-0.431,3,4,"other_language",1,0,7.3,7.7,7.3,7.6,6.4,4,8,1,7.4,2.6,3,45.6,3,4,4,5,5,5,5,4,,,4,3,4,4,3,3,3,2,2,,3,3,1,1,1,2,1,1,2,3,,,,4,4,5,5,2,,4,2,3,2,5,4,4,5,4,2,4,3,5,5,4,4,,4,4,1,,1,1,1,,0,1,1,0,0,0,0.888,0.749,62.4,63.7,1,1,1,0,0,"C"
1087,"S13","C052","North","general",18,1.251,1.905,16.8,11,"girl",0.382,4,3,"other_language",0,0,6.7,8,,7.2,7.4,2,9,,5.3,2.9,3,51.3,3,2,3,5,4,3,3,1,3,4,,,,,,3,,3,3,3,3,4,2,3,3,1,1,,,,,,,3,4,4,1,3,4,2,3,3,3,,,,,,4,3,3,3,2,2,4,3,2,3,1,,1,1,1,0,0,1,0,1,0,0,0.691,-0.616,44.4,41.9,1,0,1,0,1,"A"
1088,"S13","C052","North","general",18,1.251,1.905,16.3,11,"boy",1.036,5,2,"majority_language",0,0,8.2,7.1,7.9,6.4,7.6,4,1,2,4.1,0.7,4,48.9,3,4,5,5,3,4,5,4,4,4,4,4,5,4,4,1,1,1,1,1,1,1,1,1,,,,1,1,1,1,2,1,5,5,5,2,4,5,4,4,4,3,2,5,4,,,5,5,3,3,2,5,5,4,5,5,1,1,1,,0,1,1,1,0,1,0,0,0.411,-1.371,24.2,28.6,1,1,1,0,0,"B"
1089,"S13","C052","North","general",18,1.251,1.905,16.1,11,"girl",0.806,5,1,"majority_language",0,0,6.8,7.9,7.4,8,8.3,0,4,0,6.5,2.5,3,52.2,4,3,4,3,3,2,4,2,,,5,5,3,4,4,1,1,3,2,2,1,1,2,3,2,3,2,2,2,2,,,,5,4,4,4,5,5,5,5,5,5,5,4,5,5,4,5,3,4,3,3,5,4,5,5,5,1,1,1,1,1,0,0,0,0,1,0,1,0.556,-0.524,37.1,45.1,0,1,1,0,0,"C"
1090,"S13","C052","North","general",18,1.251,1.905,16.3,11,"girl",2.136,5,5,"majority_language",0,0,7.8,8.7,8.1,8,7.4,6,4,4,7,5.9,2,54.4,5,4,5,3,5,4,4,4,4,5,5,4,4,4,5,2,2,2,3,2,,2,2,2,,,,3,4,4,5,3,5,5,4,4,4,4,4,3,5,3,3,3,3,5,,,5,4,5,4,3,4,5,5,5,5,1,1,1,1,1,1,1,1,1,1,0,0,0.915,0.414,62.6,76.2,1,1,1,0,0,"B"
1091,"S14","C053","South","vocational",15,-0.576,-0.877,15.2,10,"girl",0.12,3,4,"majority_language",0,0,7.5,,,7.3,8.3,8,,,7.9,2.6,3,47.4,3,2,4,4,5,,,,,,,,,,,4,5,3,3,,2,,,,,,,,,,,,,2,3,4,5,3,,,,,,,,,,,3,4,5,4,2,3,2,3,3,2,1,1,1,0,1,1,1,1,1,1,1,0,0.834,0.1,46.4,65.1,1,1,1,1,1,"C"
1092,"S14","C053","South","vocational",15,-0.576,-0.877,15.3,10,"boy",-0.284,3,2,"majority_language",0,0,5.7,5.2,6.9,5.6,6.1,2,13,1,4.6,5.1,4,43.5,4,4,4,4,2,3,3,3,3,2,4,5,2,3,4,2,2,3,4,3,2,2,2,3,3,3,,3,,3,1,3,4,3,3,2,4,2,2,4,1,3,3,2,4,3,4,2,4,3,4,3,4,2,1,,3,2,1,0,0,1,0,0,0,1,0,0,0,0,0.582,-1.522,38.8,31.4,1,1,1,0,0,"A"
1093,"S14","C053","South","vocational",15,-0.576,-0.877,15.3,10,"girl",-1.134,1,1,"majority_language",1,1,7.7,7.1,,7.1,7,5,4,,7.7,3.7,2,47.1,4,4,4,3,5,3,4,3,,,,,,,,3,2,2,3,1,1,1,2,1,1,2,1,,,,,,,2,,4,3,4,5,3,5,,2,,,,,,3,4,2,,4,5,5,3,,4,1,0,1,,0,1,0,1,0,1,0,1,0.867,1.484,49.4,50.3,1,1,1,0,1,"C"
1094,"S14","C053","South","vocational",15,-0.576,-0.877,15.3,10,"boy",-0.201,2,3,"majority_language",0,0,6.9,7.9,6.4,5.8,5.4,6,2,12,6.8,6.2,3,47.5,5,4,4,5,5,4,3,3,,2,3,3,4,2,3,,2,,2,1,3,2,2,1,2,2,3,2,2,2,1,1,2,3,5,5,2,2,4,5,4,3,4,4,5,5,4,3,4,2,3,4,2,2,4,3,5,2,0,1,0,1,0,0,1,0,0,0,0,0,0.622,0.076,48.4,42.5,1,1,0,0,0,"A"
1095,"S14","C053","South","vocational",15,-0.576,-0.877,15.6,10,"girl",-1.023,2,2,"other_language",1,0,6.9,6.2,,7,6.4,3,4,,5.1,4.1,2,44.2,4,3,4,4,5,4,5,5,,,,,,,,3,5,,4,5,5,2,3,2,2,4,3,,,,,,,3,4,3,4,2,1,4,1,3,1,,,,,,4,1,2,5,3,3,2,3,2,3,1,1,1,1,1,0,1,0,,0,0,0,0.766,0.11,41.9,51.9,1,1,1,0,1,"C"
1096,"S14","C053","South","vocational",15,-0.576,-0.877,15.8,10,"girl",-0.485,5,2,"majority_language",0,0,7.7,8.5,7.3,8.4,7.6,3,3,2,6.9,1.8,4,54.9,5,4,,2,5,5,4,,,,5,5,3,5,4,1,1,2,2,1,1,1,2,1,2,2,1,2,1,2,,,,5,5,3,3,3,,4,4,4,2,5,,5,2,4,3,3,5,5,4,3,4,2,3,2,1,1,1,0,0,1,1,0,1,1,0,0,0.715,-0.497,39.1,45.9,1,1,1,0,0,"C"
1097,"S14","C053","South","vocational",15,-0.576,-0.877,15.4,10,"girl",-0.279,2,3,"majority_language",0,0,6.3,6.7,6.6,6.8,7.3,7,4,2,3.1,4.4,1,37.2,4,4,3,3,3,3,3,3,4,3,2,3,4,2,4,2,3,2,4,3,,4,4,3,1,4,2,3,2,3,2,3,2,2,2,2,2,2,2,3,4,2,3,3,3,3,4,5,3,3,3,3,3,3,3,,4,3,1,1,1,1,1,0,0,0,1,0,0,0,0.865,0.024,58.8,58.6,1,0,0,0,0,"A"
1098,"S14","C053","South","vocational",15,-0.576,-0.877,15.3,10,"girl",-0.185,3,3,"majority_language",0,0,7.6,7.3,7.2,6.6,7.9,1,16,2,3.9,4.5,4,47.1,3,3,3,2,5,1,2,3,5,4,2,2,3,3,4,2,1,5,1,4,3,1,2,4,,,,3,5,3,3,5,5,4,4,1,3,2,3,1,1,2,3,3,3,1,,,5,4,3,3,4,2,1,2,2,1,1,1,1,1,1,1,1,1,0,0,0,1,0.883,1.481,48.6,56.9,0,1,1,0,0,"B"
1099,"S14","C053","South","vocational",15,-0.576,-0.877,15.6,10,"girl",0.613,2,3,"majority_language",1,0,8.7,8.5,7.6,7.9,6.9,1,0,4,8.7,2.1,5,56.5,5,4,5,5,5,5,4,5,4,,4,4,5,4,4,1,1,1,,1,1,1,3,1,,,,1,1,2,,2,2,2,2,3,2,3,1,2,1,2,2,4,2,1,,,3,3,5,2,5,2,2,2,2,4,1,1,0,0,1,1,1,0,,0,0,0,0.95,2.306,63.9,74,1,1,1,0,0,"B"
1100,"S14","C053","South","vocational",15,-0.576,-0.877,15.2,10,"girl",0.242,5,4,"majority_language",1,0,6.4,6.4,6.8,5.5,7.4,3,5,13,2.8,3.1,2,37.8,3,2,4,3,4,4,1,4,,,3,3,3,3,5,5,4,3,3,3,2,2,3,2,3,3,2,3,4,2,,,,5,2,4,,1,2,1,2,2,3,3,1,2,1,1,3,1,3,3,3,2,1,4,3,2,1,1,1,1,1,1,0,1,1,0,0,0,0.944,0.473,62.9,59.3,1,1,1,0,0,"C"
1101,"S14","C053","South","vocational",15,-0.576,-0.877,15.3,10,"girl",-0.68,1,4,"majority_language",0,0,6.9,6.7,7.3,6.9,6.1,2,9,11,3.7,2.9,3,33.6,4,2,3,4,5,4,4,4,3,4,3,5,5,5,4,3,1,2,4,,2,2,1,,2,1,2,4,3,3,3,2,1,1,1,4,4,3,4,2,3,4,2,2,2,,3,3,3,3,4,2,4,3,3,2,4,3,1,1,1,1,0,,1,1,0,0,1,0,0.86,0.797,60.7,60.4,1,1,1,0,0,"A"
1102,"S14","C053","South","vocational",15,-0.576,-0.877,15.3,10,"boy",-1.263,1,1,"majority_language",0,0,6.4,7.7,7.7,6.4,6.2,4,3,0,8.5,2.9,4,50.7,3,4,4,1,4,4,4,3,3,3,5,4,3,4,4,1,3,1,1,1,2,2,1,1,1,2,2,1,1,1,2,2,1,3,3,5,3,4,5,4,5,,5,5,5,5,4,,2,3,3,3,,4,4,3,3,2,1,1,0,1,0,1,0,0,1,0,0,0,0.455,0.027,41.9,47.1,1,1,1,0,0,"A"
1103,"S14","C053","South","vocational",15,-0.576,-0.877,14.5,10,"boy",-0.026,2,2,"majority_language",0,1,7.6,7.6,6.5,7,7.2,3,0,1,8.2,1.5,4,44.2,4,5,4,3,3,2,4,4,,,4,5,2,3,4,3,2,2,3,3,3,3,2,3,2,2,1,3,2,1,,,,5,5,4,5,4,5,5,4,4,4,3,5,4,4,2,4,4,2,3,4,4,4,4,2,3,0,1,1,0,1,0,1,1,1,0,0,1,0.797,0.175,53.6,59.8,0,1,1,0,0,"C"
1104,"S14","C053","South","vocational",15,-0.576,-0.877,15.7,10,"boy",-0.267,4,2,"majority_language",1,0,6.9,7.8,7.6,7.3,6.8,1,1,4,7.1,3.1,5,48.5,5,4,4,4,2,4,5,,,,2,4,2,5,3,1,2,2,2,2,3,1,1,2,2,1,2,3,3,2,,,,3,4,5,4,4,5,5,5,5,5,4,5,4,5,4,5,5,4,3,2,4,2,4,4,5,1,1,1,1,1,1,1,1,1,0,0,0,0.819,0.914,60,63.6,0,1,1,0,0,"C"
1105,"S14","C053","South","vocational",15,-0.576,-0.877,15.5,10,"boy",-0.584,1,3,"majority_language",0,0,6.3,6.4,6.5,7.2,7.5,4,7,4,3.7,5.6,3,45.8,2,4,,3,2,2,2,3,2,3,1,3,,2,1,2,3,2,3,3,1,1,3,2,,,,3,1,2,3,1,1,4,5,4,4,3,4,3,3,2,3,4,,5,,,2,2,3,3,1,3,2,3,3,3,1,1,1,1,1,1,0,1,1,1,0,0,0.84,-0.706,40.1,45.4,1,1,1,0,0,"B"
1106,"S14","C054","South","vocational",15,-0.576,-1.967,15.3,10,"boy",-0.896,2,5,"other_language",0,0,5.7,6.3,,5.8,6.8,6,3,,2.9,3,1,33.7,4,4,3,4,2,2,2,2,2,1,,,,,,4,2,3,3,4,2,5,2,4,3,5,4,,,,,,,4,3,3,1,5,2,2,3,2,,,,,,,3,2,4,4,4,1,2,2,2,3,0,1,0,0,0,1,1,0,0,0,0,0,,,,,1,1,1,0,1,"A"
1107,"S14","C054","South","vocational",15,-0.576,-1.967,15.7,10,"boy",0.593,5,3,"majority_language",0,0,7.5,7.1,7.6,7.6,5.7,1,11,2,10,4.3,3,38.1,3,4,4,3,2,2,3,3,5,4,2,4,2,5,2,3,1,4,3,1,2,1,1,3,,,,4,4,3,4,4,2,,1,1,2,1,2,2,1,2,1,1,2,1,,,3,5,3,4,5,3,2,2,2,2,1,1,1,1,1,0,1,1,0,0,0,0,0.826,0.037,55.5,67.6,1,1,1,0,0,"B"
1108,"S14","C054","South","vocational",15,-0.576,-1.967,16,10,"boy",0.161,3,1,"majority_language",0,0,7.8,7.6,6.9,8.8,8.6,2,0,4,6.9,1.1,3,65.5,5,5,5,4,5,4,3,,,,3,2,4,5,2,2,2,1,2,1,1,3,2,3,3,4,3,2,2,2,,,,2,2,4,4,4,5,1,2,3,1,3,4,3,4,3,3,4,4,4,5,2,2,3,2,4,1,,1,1,1,1,1,1,1,0,0,1,0.857,-0.73,46.2,56.5,1,1,1,0,0,"C"
1109,"S14","C054","South","vocational",15,-0.576,-1.967,15.4,10,"boy",-0.406,1,2,"majority_language",0,0,7.4,7.1,7.2,7.3,8.3,1,3,1,10.2,2.2,5,58.7,4,4,5,5,4,4,4,4,3,4,5,4,4,5,5,1,1,1,1,1,1,2,2,2,,,,2,1,1,1,2,2,4,4,4,4,3,2,3,4,3,5,4,4,5,,,4,4,4,5,4,5,4,4,4,5,1,1,1,1,1,1,1,,1,1,1,1,0.972,1.89,78.7,59.4,1,1,1,0,0,"B"
1110,"S14","C054","South","vocational",15,-0.576,-1.967,15.5,10,"girl",-1.209,1,2,"other_language",1,0,6.4,,,7,7,4,,,2.1,4.7,3,51.3,3,2,3,3,4,,,,,,,,,,,4,3,2,3,3,1,,,,,,,,,,,,,3,5,2,3,5,,,,,,,,,,,1,4,3,2,4,1,2,3,,2,1,1,1,,0,1,1,,1,,1,1,0.785,-0.072,54,46.8,1,1,1,1,1,"C"
1111,"S14","C054","South","vocational",15,-0.576,-1.967,15.6,10,"boy",-0.324,3,4,"majority_language",0,0,5.4,5.9,,5.8,7.3,8,8,,3.1,4.3,1,42.7,4,3,1,4,3,,2,1,,,,,,,,3,2,1,2,2,3,2,2,2,3,3,2,,,,,,,3,4,3,4,4,,4,4,5,3,,,,,,,2,2,4,3,3,3,2,3,1,1,0,0,1,1,0,0,0,0,0,0,0,0.482,-1.206,37.4,46.1,1,1,1,0,1,"C"
1112,"S14","C054","South","vocational",15,-0.576,-1.967,15.2,10,"boy",-0.352,1,5,"majority_language",0,0,5.9,6.6,,6.2,6.6,9,11,,3.8,3.7,3,48.6,2,2,3,2,1,2,2,4,,,,,,,,2,3,3,3,4,3,5,4,2,4,,5,,,,,,,3,4,4,3,1,1,4,2,2,1,,,,,,4,5,5,4,3,2,,3,1,2,1,1,1,1,1,0,1,1,1,,1,0,0.591,-0.271,51.2,44.1,1,1,1,0,1,"C"
1113,"S14","C054","South","vocational",15,-0.576,-1.967,15.4,10,"girl",-1.302,3,1,"majority_language",0,1,6.6,6.6,,6.6,6.1,3,16,,1,2.3,1,45,3,2,3,1,1,2,3,2,3,3,,,,,,3,1,4,3,3,2,2,4,4,,,,,,,,,,2,1,1,2,1,1,1,1,1,4,,,,,,3,2,2,4,4,1,2,2,1,2,1,0,0,1,0,0,0,0,0,0,0,0,0.658,-0.927,29.9,29.2,0,1,1,0,1,"B"
1114,"S14","C054","South","vocational",15,-0.576,-1.967,15.5,10,"girl",0.573,5,2,"majority_language",0,0,7.1,7,8.7,7.5,5.6,4,5,8,4.3,1.9,3,45.9,5,2,4,5,5,4,3,4,,,4,3,3,4,3,1,1,,1,2,1,2,1,1,2,2,2,,2,4,,,,1,1,2,1,3,1,2,1,2,2,1,3,3,1,3,1,1,1,1,2,1,1,3,2,2,1,1,1,1,1,1,1,1,0,1,0,0,0.747,0.249,72.9,50.7,1,1,1,0,0,"C"
1115,"S14","C054","South","vocational",15,-0.576,-1.967,15.2,10,"girl",-0.548,1,4,"majority_language",0,0,6.9,,,7.4,7,19,,,6.8,3.7,2,49.1,1,3,2,3,3,,,,,,,,,,,4,2,3,2,3,3,,,,,,,,,,,,,3,1,4,3,1,,,,,,,,,,,4,4,4,1,3,3,,3,2,2,1,1,1,0,0,1,1,1,0,0,,1,0.845,1.105,41.9,41.7,1,1,1,1,1,"B"
1116,"S14","C054","South","vocational",15,-0.576,-1.967,15.1,10,"boy",-0.56,3,3,"majority_language",0,0,6.6,6.6,,7.2,6.3,4,7,,7.9,3.3,4,46,4,5,5,2,5,5,4,5,3,4,,,,,,1,2,1,1,1,1,2,1,1,,,,,,,,,,3,,3,3,4,5,4,4,5,4,,,,,,3,2,2,2,2,2,2,1,4,2,1,1,1,0,0,,0,0,0,0,1,1,0.62,-0.846,45.5,48.2,1,1,1,0,1,"B"
1117,"S14","C054","South","vocational",15,-0.576,-1.967,16.2,10,"girl",1.261,4,5,"majority_language",0,0,8.4,8.6,7.6,8.3,6.9,1,2,5,5.9,1.7,4,44.9,5,3,4,4,2,4,5,5,5,4,5,4,5,3,2,3,3,1,1,2,3,2,2,2,3,3,4,2,2,1,1,1,2,3,5,3,2,4,3,2,1,2,3,3,5,1,3,3,4,3,5,4,4,2,3,1,4,3,1,0,0,1,1,,1,1,0,0,0,,0.893,-1.005,45.3,61.4,1,0,0,0,0,"A"
1118,"S14","C054","South","vocational",15,-0.576,-1.967,14.6,10,"girl",-0.501,4,3,"majority_language",0,0,6.3,6.8,7.6,7.3,7.2,3,7,0,4,4.5,3,43.1,3,3,4,3,,3,5,5,,,1,3,3,4,4,1,2,1,3,,1,3,4,2,2,2,3,3,5,4,,,,2,4,1,4,2,3,3,2,3,4,3,4,2,2,4,,,4,3,4,,,4,3,4,0,1,0,1,1,1,1,0,0,,0,0,0.452,-1.025,49.7,31.7,1,1,1,0,0,"C"
1119,"S14","C054","South","vocational",15,-0.576,-1.967,15.4,10,"boy",-1.005,1,3,"majority_language",0,0,6.4,6.2,7.5,6.8,7.7,8,14,19,3.3,2.6,2,58.2,5,3,3,4,4,4,4,5,5,,,1,2,3,2,3,2,,2,4,3,5,4,3,5,5,3,,2,2,3,3,2,2,2,3,2,2,2,1,1,,1,1,1,2,3,,2,2,2,,,3,4,2,3,3,,1,0,0,0,1,0,1,0,0,0,0,0.683,-0.432,42.8,56.2,1,1,1,0,0,"A"
1120,"S14","C054","South","vocational",15,-0.576,-1.967,15.7,10,"boy",-0.198,3,4,"majority_language",0,0,6.4,,,7.9,7.3,2,,,5.4,3.6,1,44.9,3,3,2,4,2,,,,,,,,,,,4,4,2,4,,5,,,,,,,,,,,,,1,3,2,2,2,,,,,,,,,,,2,3,3,2,2,2,2,2,3,4,1,1,1,0,1,1,1,0,1,0,1,1,0.572,-0.349,41.3,44.9,1,1,1,1,1,"B"
1121,"S14","C055","South","vocational",19,-0.576,-1.105,14.8,9,"boy",-0.102,,3,"majority_language",0,0,7.7,6.8,6.8,7.6,8.4,2,1,1,9,3.1,3,54,5,4,5,4,5,3,3,,,,4,5,5,2,3,2,2,1,2,2,,2,2,1,1,3,1,1,2,2,,,,2,1,3,2,4,4,2,3,1,2,4,3,3,3,4,3,4,4,5,5,4,4,5,4,2,1,0,0,1,1,0,1,1,0,0,0,0,0.809,-0.047,49.7,40.9,1,1,1,0,0,"C"
1122,"S14","C055","South","vocational",19,-0.576,-1.105,14.6,9,"boy",0.755,3,4,"majority_language",0,0,6,,,7.3,6.5,5,,,5.9,2.9,2,38.8,4,,2,3,4,,,,,,,,,,,3,4,3,2,2,2,,,,,,,,,,,,,2,3,1,2,1,,,,,,,,,,,4,3,3,1,3,2,2,3,3,1,0,1,1,1,1,0,1,1,1,0,1,1,0.542,0.854,48.2,52,1,1,1,1,1,"A"
1123,"S14","C055","South","vocational",19,-0.576,-1.105,14.6,9,"girl",-0.81,3,1,"other_language",0,1,6,6.3,,8.2,6.6,2,15,,5.5,4.8,2,38.4,2,2,3,4,3,2,4,3,1,2,,,,,,3,2,3,3,,1,2,3,3,,,,,,,,,,2,2,5,4,4,3,3,4,2,2,,,,,,4,3,3,3,1,2,2,,3,1,1,1,1,1,1,1,0,1,0,0,0,0,0.786,0.119,48.1,50.1,1,1,1,0,1,"B"
1124,"S14","C055","South","vocational",19,-0.576,-1.105,14.8,9,"girl",-0.27,3,1,"majority_language",0,0,6.3,6.4,6.5,6.4,5.9,4,6,0,6.1,2.5,2,49.6,3,2,3,4,3,4,3,4,,,4,2,3,3,3,1,,2,3,2,3,1,3,2,3,1,2,1,2,1,,,,4,4,3,4,3,1,3,2,2,2,5,4,5,5,3,5,4,5,5,4,5,4,3,5,4,0,1,1,1,0,1,1,,0,0,1,0,0.921,-1.052,59.5,45.1,1,1,1,0,0,"C"
1125,"S14","C055","South","vocational",19,-0.576,-1.105,14.8,9,"girl",-1.797,1,1,"majority_language",0,0,5.9,5.9,,5.7,6.1,22,6,,1.4,2.8,1,36.5,2,,1,3,,,5,2,4,,,,,,,3,4,5,,5,2,5,4,3,3,3,4,,,,,,,2,,1,,3,2,2,1,2,2,,,,,,1,4,2,1,2,2,,1,1,2,1,1,,0,0,1,0,0,0,0,0,0,0.583,-0.61,31.2,52.6,1,1,1,0,1,"A"
1126,"S14","C055","South","vocational",19,-0.576,-1.105,15.2,9,"boy",-1.25,,1,"other_language",1,0,5.6,5.4,5.4,6.1,6.9,1,7,2,7.7,4.5,3,47.2,4,4,4,,3,2,,5,,,4,4,3,4,5,4,3,5,3,3,2,2,2,3,3,3,3,3,3,2,,,,3,4,2,2,4,4,4,2,2,5,2,5,3,3,,3,,3,3,2,3,5,,,3,1,1,0,0,0,,0,0,,0,0,,0.35,-2.616,33,41,1,1,1,0,0,"C"
1127,"S14","C055","South","vocational",19,-0.576,-1.105,14.6,9,"boy",-0.198,3,5,"majority_language",0,0,8,8.3,,6.2,8.4,4,2,,5.5,3.3,3,52.9,,5,5,5,5,4,5,5,5,5,,,,,,,3,3,3,3,3,3,3,2,4,2,3,,,,,,,,2,1,,3,5,4,,3,,,,,,,2,4,2,2,,3,3,2,2,3,0,1,1,1,0,1,0,1,0,0,0,1,0.89,-0.204,59.1,37.5,1,1,1,0,1,"A"
1128,"S14","C055","South","vocational",19,-0.576,-1.105,14.8,9,"girl",0.061,2,4,"majority_language",0,0,6.1,6,6.1,6.9,7.4,4,2,2,1.9,4.2,3,42.6,4,5,3,3,3,4,4,3,5,5,4,4,4,3,4,3,2,2,1,1,2,2,3,3,,,,2,1,3,1,1,3,4,4,1,3,2,4,3,1,3,2,3,4,2,,,2,2,3,2,5,2,2,2,2,3,1,1,1,1,1,0,1,1,,0,0,0,,,,,1,1,1,0,0,"B"
1129,"S14","C055","South","vocational",19,-0.576,-1.105,14.4,9,"boy",-0.547,1,1,"majority_language",0,0,6.6,6.8,6.5,6.6,6.5,0,3,4,8.8,4.1,2,46.8,5,4,4,4,3,4,3,2,4,4,4,4,4,4,2,3,3,1,3,3,1,3,,3,1,3,1,4,2,,2,3,2,4,4,2,3,1,2,4,3,4,2,2,4,2,4,2,3,5,5,3,2,3,3,4,3,3,1,,1,1,1,,1,0,0,0,1,1,0.848,-1.172,45.3,37.2,1,1,1,0,0,"A"
1130,"S14","C055","South","vocational",19,-0.576,-1.105,14,9,"boy",-1.339,1,2,"other_language",0,0,5.3,,,7.1,7.2,18,,,5.5,1.4,2,55.1,,,4,5,4,,,,,,,,,,,4,4,3,1,3,3,,,,,,,,,,,,,3,3,3,4,4,,,,,,,,,,,4,5,3,5,,3,2,3,,2,1,1,1,1,0,1,1,0,0,0,0,0,0.439,0.614,51.7,45.7,1,1,1,1,1,"A"
1131,"S14","C055","South","vocational",19,-0.576,-1.105,14.4,9,"boy",-0.874,2,2,"majority_language",0,0,6.9,6.7,6.4,5.7,7.3,5,4,6,7,3,3,54.9,2,,4,2,4,4,4,4,4,,5,,4,3,4,1,2,1,1,2,,2,2,1,,,,1,1,3,2,1,1,3,4,4,4,2,1,3,3,,2,2,3,2,,,3,3,5,4,4,3,4,2,3,1,1,0,1,0,0,0,1,0,0,0,0,0,0.924,0.143,50.4,69,1,1,1,0,0,"B"
1132,"S14","C055","South","vocational",19,-0.576,-1.105,14.4,9,"girl",-0.865,2,1,"other_language",1,0,7.8,7.8,6.6,7.5,6.8,9,6,1,3.6,1.4,4,55.6,3,5,4,5,4,,4,4,3,5,4,5,3,4,2,2,3,2,2,2,,1,2,2,3,3,1,2,2,3,1,3,3,1,4,4,2,2,3,1,5,2,1,3,5,2,3,2,2,3,2,4,4,3,3,2,4,3,1,0,,1,0,1,0,1,1,1,0,0,0.713,0.596,42.7,56.1,1,1,0,0,0,"A"
1133,"S14","C055","South","vocational",19,-0.576,-1.105,15,9,"boy",0.414,4,,"majority_language",0,0,7.3,,,7.6,6.6,6,,,8.2,3.6,2,54.3,4,5,4,4,5,,,,,,,,,,,3,3,4,3,3,3,,,,,,,,,,,,,3,2,4,4,2,,,,,,,,,,,5,4,4,4,4,5,5,5,,5,1,1,1,1,1,0,0,0,1,0,1,0,0.886,-0.046,56.8,56.1,1,1,1,1,1,"B"
1134,"S14","C055","South","vocational",19,-0.576,-1.105,14,9,"boy",0.111,3,3,"other_language",0,0,5.9,,,6.3,5.5,4,,,7.1,2.6,1,34.5,2,,3,,4,,,,,,,,,,,3,1,2,4,4,2,,,,,,,,,,,,,2,3,1,3,2,,,,,,,,,,,,,3,3,4,4,4,4,3,4,0,1,0,0,0,0,0,0,0,0,0,0,,,,,1,1,1,1,1,"C"
1135,"S14","C055","South","vocational",19,-0.576,-1.105,14.9,9,"girl",-0.23,4,2,"majority_language",0,0,6.3,6,6.5,7.2,5.4,2,3,1,3.1,2,1,37.6,2,2,3,2,2,3,5,4,,,4,4,2,1,3,2,1,3,2,3,2,1,3,3,3,3,3,2,1,2,,,,3,5,2,3,1,3,2,4,4,3,3,4,4,3,3,1,2,2,1,2,1,3,2,3,1,1,1,0,1,1,0,1,1,0,0,0,0,0.83,0.786,57,46.3,0,1,1,0,0,"C"
1136,"S14","C055","South","vocational",19,-0.576,-1.105,15.2,9,"boy",0.237,3,1,"majority_language",0,0,6.5,5.5,5.9,6.7,6.8,7,8,3,4.7,3.2,4,49.8,2,3,3,4,4,3,1,5,,,3,,4,3,4,1,1,1,1,1,1,3,2,2,3,1,3,2,2,,,,,4,2,3,3,4,3,3,5,5,3,3,,5,3,2,3,3,4,3,,3,2,1,3,1,1,0,1,0,1,1,0,1,0,0,0,0,0.456,-1.177,54.6,48.9,1,1,1,0,0,"C"
1137,"S14","C055","South","vocational",19,-0.576,-1.105,14.2,9,"girl",-0.352,3,4,"majority_language",0,0,5.8,5.9,6.4,7,7.2,1,8,9,6,3,1,42.9,5,4,4,2,4,3,3,4,,,4,3,5,2,2,2,1,2,3,2,1,1,1,,2,1,1,2,1,1,,,,5,4,3,4,4,5,3,3,,5,4,4,4,4,5,4,2,4,3,4,3,4,2,2,4,0,0,1,0,0,0,0,0,1,0,,0,0.543,-0.029,53.3,41.4,1,1,1,0,0,"C"
1138,"S14","C055","South","vocational",19,-0.576,-1.105,14.3,9,"girl",-0.104,4,3,"majority_language",0,0,6.2,6.5,6.1,5.9,7.7,3,0,3,8.2,1.3,4,52.5,4,3,5,4,5,5,4,5,5,4,3,4,4,4,5,2,1,1,3,1,1,1,3,1,1,1,1,2,3,1,1,2,2,1,3,3,3,5,3,3,3,3,4,3,4,4,4,2,3,4,2,4,3,2,3,4,1,4,1,0,1,0,0,,0,0,0,1,0,0,0.877,1.077,59,55.7,1,0,0,0,0,"A"
1139,"S14","C055","South","vocational",19,-0.576,-1.105,14.7,9,"boy",-1.054,2,2,"other_language",1,1,6.4,6.7,5.9,6.5,5.8,7,0,10,5.7,2.3,3,40.8,,2,4,3,3,1,,2,3,3,,,,2,2,1,1,,1,1,2,2,1,3,2,2,3,2,2,,4,3,5,3,,2,3,2,2,1,1,4,2,3,2,2,3,1,4,3,4,5,4,1,2,1,3,3,1,0,0,0,0,0,,0,0,0,0,0,,,,,1,1,1,0,0,"A"
1140,"S14","C056","South","vocational",22,-0.576,-0.97,15.5,10,"boy",0.394,3,5,"other_language",0,0,7.9,6.9,7.1,7,6.5,8,11,1,10,2.3,2,55.5,5,5,5,,4,5,5,2,,,4,4,2,3,3,3,,2,1,2,3,3,3,1,,1,3,4,3,2,,,,2,3,1,4,3,4,2,4,4,4,3,3,2,2,3,4,4,3,5,,2,3,2,3,3,1,1,1,0,1,1,1,1,1,,0,0,0.905,1.023,58.2,46.1,1,1,1,0,0,"C"
1141,"S14","C056","South","vocational",22,-0.576,-0.97,14.9,10,"boy",0.037,4,3,"majority_language",0,0,6.6,6.2,5.5,6.7,7.4,6,8,3,4.2,3.5,4,48.1,,4,4,2,4,4,5,5,5,5,4,4,3,5,3,3,3,3,3,3,2,3,2,1,,,,2,2,1,1,3,2,3,4,3,5,5,5,4,4,5,4,2,2,4,,,3,4,4,4,3,3,3,2,2,2,1,0,1,0,0,0,1,0,,0,0,,0.651,-0.306,33.9,34.1,1,1,1,0,0,"B"
1142,"S14","C056","South","vocational",22,-0.576,-0.97,15.4,10,"girl",-1.637,2,2,"majority_language",0,0,6,,,6.6,6.8,16,,,6.9,3.9,1,34.1,3,4,4,5,4,,,,,,,,,,,4,5,2,4,3,,,,,,,,,,,,,,3,1,1,2,3,,,,,,,,,,,,,3,3,4,4,4,2,4,3,1,1,1,1,1,0,1,1,1,0,0,0,0.751,-1.109,40.9,50,1,1,1,1,1,"B"
1143,"S14","C056","South","vocational",22,-0.576,-0.97,15.5,10,"boy",-0.549,3,2,"majority_language",0,0,5.6,5,6.9,7.8,6.4,0,10,3,4.2,3.7,2,45.6,3,3,3,3,2,3,4,5,3,3,3,5,4,4,4,3,4,1,4,2,3,3,1,2,3,4,3,2,3,2,3,3,3,3,3,4,,,4,3,2,,2,4,4,3,5,4,3,3,5,3,5,4,5,4,4,5,1,1,0,0,1,1,0,,0,0,0,0,0.741,0.155,53.5,54.4,1,1,0,0,0,"A"
1144,"S14","C056","South","vocational",22,-0.576,-0.97,16.1,10,"boy",-0.6,3,2,"majority_language",0,0,6.1,5.8,,6.2,6.7,5,10,,5,2.7,3,50.6,4,4,3,3,4,3,3,3,5,4,,,,,,3,4,2,4,2,3,2,4,3,,,,,,,,,,4,,3,1,2,3,3,3,2,,,,,,,4,4,4,5,5,4,4,3,4,3,0,1,0,0,0,0,1,0,1,0,0,0,0.633,-1.628,33.2,26.7,1,1,1,0,1,"B"
1145,"S14","C056","South","vocational",22,-0.576,-0.97,14.9,10,"boy",-1.445,1,2,"majority_language",0,0,6.3,5.1,,7.1,6.8,7,18,,5.4,2.5,1,35,4,3,2,4,3,,5,3,,,,,,,,,5,2,1,4,3,4,5,3,2,4,2,,,,,,,2,4,2,5,,2,3,5,3,4,,,,,,3,4,2,4,4,2,3,2,2,3,1,1,1,0,0,0,1,1,0,0,1,0,0.717,-0.036,37.2,38.9,1,1,1,0,1,"C"
1146,"S14","C056","South","vocational",22,-0.576,-0.97,15.6,10,"girl",-0.947,1,,"other_language",0,1,5.2,5.5,,6,5.5,17,1,,1.5,2.4,2,45.3,2,2,2,3,2,3,3,3,,,,,,,,4,3,2,2,4,3,4,5,5,3,5,5,,,,,,,4,,4,3,,4,4,3,3,4,,,,,,1,3,3,2,2,3,2,2,3,3,0,,0,0,0,0,0,0,0,0,0,0,0.566,-0.579,33.9,36.6,1,1,1,0,1,"C"
1147,"S14","C056","South","vocational",22,-0.576,-0.97,15.4,10,"girl",-0.341,1,5,"majority_language",0,0,7.4,,,7.2,6.6,5,,,7,3.6,3,41.2,3,,2,2,3,,,,,,,,,,,1,1,1,3,1,2,,,,,,,,,,,,,1,1,4,3,1,,,,,,,,,,,4,4,4,3,4,4,2,3,4,4,1,1,1,0,1,0,1,1,0,0,0,0,0.899,1.416,57.4,72.9,1,1,1,1,1,"B"
1148,"S14","C056","South","vocational",22,-0.576,-0.97,15.4,10,"boy",-0.423,2,3,"other_language",0,0,6.1,6.6,7,7,6.5,7,3,0,7.7,5.3,5,55.8,4,,4,4,5,4,4,5,3,4,5,5,4,4,5,3,,4,2,2,3,4,3,,,,,5,2,2,3,2,3,2,4,2,,2,4,5,1,2,2,2,,1,,,3,5,5,4,5,3,3,,4,4,1,1,1,0,0,0,,0,0,0,0,0,0.802,-0.452,60.9,53.5,1,1,1,0,0,"B"
1149,"S14","C056","South","vocational",22,-0.576,-0.97,16.2,10,"girl",-0.825,3,2,"other_language",0,0,5.4,5.4,,6.3,7,13,13,,3.6,2.5,1,46.9,1,,1,2,2,,1,3,,,,,,,,3,3,3,3,3,1,,3,3,4,4,3,,,,,,,3,4,2,2,2,3,,3,4,2,,,,,,4,4,2,2,3,3,4,5,3,3,1,0,1,1,0,0,0,0,0,0,0,0,0.612,-0.96,45.7,48.2,1,1,1,0,1,"C"
1150,"S14","C056","South","vocational",22,-0.576,-0.97,15.9,10,"boy",0.2,3,1,"majority_language",0,0,6.5,6.9,6.4,6.9,6.9,3,2,4,8.2,3.4,2,56.2,,5,3,5,4,,5,3,4,2,3,4,3,3,4,2,3,2,4,3,1,2,1,1,,,,1,2,2,1,,2,2,2,4,2,4,3,4,2,3,5,2,4,2,,,5,4,4,3,3,3,2,3,3,2,0,0,1,0,0,0,1,0,0,0,0,0,0.847,0.133,47.5,54.8,1,1,1,0,0,"B"
1151,"S14","C056","South","vocational",22,-0.576,-0.97,16,10,"girl",-2.39,1,1,"other_language",0,0,5.9,,,6.2,6.9,21,,,1.6,3.7,2,48.6,3,,4,1,4,,,,,,,,,,,3,4,3,3,3,2,,,,,,,,,,,,,5,4,2,5,4,,,,,,,,,,,4,5,4,3,3,2,1,2,2,3,1,0,0,1,0,0,0,0,1,1,0,1,0.737,-0.706,30.1,35.4,1,1,1,1,1,"C"
1152,"S14","C056","South","vocational",22,-0.576,-0.97,15.8,10,"boy",-0.342,3,1,"majority_language",0,0,6.7,6.9,,7.6,5.2,10,10,,6.1,3.7,2,45.7,5,4,,,3,4,2,4,4,5,,,,,,4,3,3,,2,3,4,4,4,,,,,,,,,,3,,3,4,2,4,5,4,4,5,,,,,,3,3,4,4,4,3,2,5,3,3,1,1,1,1,,0,0,0,0,0,0,0,0.756,-0.719,51.8,43.2,1,1,1,0,1,"B"
1153,"S14","C056","South","vocational",22,-0.576,-0.97,15,10,"girl",-0.697,1,3,"majority_language",0,1,5.1,,,6.5,5.8,22,,,5,2,4,52.2,4,2,3,5,2,,,,,,,,,,,4,5,3,4,3,3,,,,,,,,,,,,,,3,5,3,4,,,,,,,,,,,3,2,2,5,3,2,3,3,2,5,0,1,1,0,0,0,0,0,0,1,0,0,0.64,0.233,39,44.9,1,1,1,1,1,"B"
1154,"S14","C056","South","vocational",22,-0.576,-0.97,15.4,10,"girl",-1.146,2,1,"majority_language",0,1,6.3,,,5.7,6.4,15,,,5.7,4.2,4,50.3,5,,4,4,4,,,,,,,,,,,2,2,2,2,3,3,,,,,,,,,,,,,4,4,4,1,5,,,,,,,,,,,4,2,4,3,4,3,,3,5,3,,1,1,0,0,1,0,0,0,0,0,0,0.367,-1.023,22.2,20.5,1,1,1,1,1,"C"
1155,"S14","C056","South","vocational",22,-0.576,-0.97,15.2,10,"girl",-0.88,4,3,"other_language",0,1,6.7,6.7,,5.5,6.2,2,7,,2.1,2.2,3,47.2,4,2,4,,3,4,2,4,,,,,,,,4,2,1,4,1,3,,3,3,4,3,3,,,,,,,2,2,4,4,4,3,4,2,3,3,,,,,,4,5,4,3,4,3,4,4,2,4,0,1,1,0,1,0,0,0,0,0,0,0,0.815,0.018,60.6,41.2,1,1,1,0,1,"C"
1156,"S14","C056","South","vocational",22,-0.576,-0.97,14.9,10,"another_or_no_answer",-0.151,2,3,"majority_language",0,0,6.3,6,5.9,6.2,6.3,3,9,9,1.1,3.5,3,44.9,2,2,,,3,3,4,4,,,2,1,3,2,2,5,2,4,4,4,2,4,4,4,5,5,4,4,4,3,,,,3,2,3,2,2,3,3,4,3,,2,1,2,2,3,3,3,2,3,1,2,4,3,3,4,1,1,1,1,1,1,,0,0,0,0,0,0.761,1.422,49.8,63.9,1,1,1,0,0,"C"
1157,"S14","C056","South","vocational",22,-0.576,-0.97,15.5,10,"boy",-0.94,2,3,"majority_language",0,1,6.3,6.1,6.8,7.1,7.6,2,5,1,2.4,4.2,1,37.9,2,3,4,2,1,3,4,3,3,2,2,2,5,1,3,1,1,1,2,2,2,1,1,2,,,,1,1,2,,3,2,3,4,3,3,1,4,3,3,4,4,2,4,2,,,4,3,2,1,3,1,3,2,3,1,1,1,1,1,0,0,0,1,0,0,0,0,,,,,1,1,1,0,0,"B"
1158,"S14","C056","South","vocational",22,-0.576,-0.97,16.1,10,"girl",-1.177,1,3,"majority_language",0,0,5.3,,,6.2,6.3,3,,,3.7,3.5,1,32.8,2,2,2,4,3,,,,,,,,,,,4,4,4,5,4,,,,,,,,,,,,,,3,3,2,2,2,,,,,,,,,,,3,2,5,2,2,2,1,2,2,3,0,0,0,1,0,0,0,0,0,0,0,,0.491,-0.292,35.3,29.7,1,1,1,1,1,"A"
1159,"S14","C056","South","vocational",22,-0.576,-0.97,15.7,10,"girl",0.456,3,4,"majority_language",0,0,7.1,7.2,6.4,6.8,6.3,2,4,5,7.6,1.6,4,69.3,5,2,4,5,5,5,5,4,,,4,5,4,5,4,3,2,1,1,2,3,1,1,1,1,1,1,1,1,1,,,,1,3,4,3,3,5,3,4,5,4,,4,2,2,5,,4,4,5,5,5,2,3,4,4,1,1,1,0,1,1,0,0,1,0,0,0,0.821,0.815,58.1,53.2,1,1,1,0,0,"C"
1160,"S14","C056","South","vocational",22,-0.576,-0.97,15.8,10,"girl",-0.945,1,3,"majority_language",1,0,6.1,6.1,6,6.2,6.2,5,0,6,5.5,3.7,1,46.1,4,,4,3,,5,3,3,4,5,4,4,4,3,4,3,3,2,3,5,2,2,2,4,,,,3,2,3,3,3,4,,3,3,3,3,4,3,3,2,2,4,2,,,,3,3,1,3,3,3,2,4,3,3,1,0,1,1,1,1,0,0,0,0,0,0,0.632,0.097,51.8,51.2,1,1,1,0,0,"B"
1161,"S14","C056","South","vocational",22,-0.576,-0.97,15.4,10,"girl",-1.208,1,3,"majority_language",0,0,6.1,,,5.7,6.8,10,,,4.7,2.8,2,46.3,3,3,4,4,,,,,,,,,,,,4,3,4,3,5,3,,,,,,,,,,,,,1,3,2,,1,,,,,,,,,,,3,3,,4,2,1,1,,2,2,0,0,0,0,1,0,0,0,0,0,0,0,,,,,1,1,1,1,1,"A"
1162,"S15","C057","South","general",20,0.322,0.073,15.2,10,"girl",0.407,3,3,"majority_language",0,0,6.9,7.1,6.5,7.9,6,4,6,8,7.5,2.6,4,41.8,3,,4,5,5,5,4,4,4,4,4,4,4,4,5,2,1,2,3,4,3,2,3,3,,,,1,3,2,2,2,2,2,3,4,4,3,3,5,5,3,4,3,4,4,,,2,5,3,4,3,4,2,5,5,4,0,1,,0,1,0,0,0,0,0,0,0,0.7,-0.004,60.2,59.7,1,1,1,0,0,"B"
1163,"S15","C057","South","general",20,0.322,0.073,15,10,"girl",-0.272,3,3,"majority_language",0,0,7.9,7.1,6.5,7,6.7,5,2,12,4.9,2.1,4,42.6,3,3,3,4,4,5,3,4,,,4,4,5,,5,3,1,2,1,4,2,1,3,2,3,3,4,3,2,4,,,,4,,,5,5,4,3,4,4,,3,5,5,4,5,4,1,3,3,3,2,5,5,2,5,1,0,0,0,0,1,0,0,0,0,0,0,,,,,1,1,1,0,0,"C"
1164,"S15","C057","South","general",20,0.322,0.073,16.1,10,"girl",-1.408,1,1,"other_language",1,1,6.1,4.8,5.4,5.7,6.1,26,9,13,1.6,1.7,1,52.3,3,2,3,2,1,4,4,,4,3,3,,3,3,5,,4,4,3,2,2,3,,,4,,,5,5,5,4,3,3,5,4,3,3,5,4,5,4,5,,4,5,4,4,4,3,4,3,,3,5,5,3,,5,,0,1,1,0,1,0,0,0,0,1,0,,,,,1,1,1,0,0,"A"
1165,"S15","C057","South","general",20,0.322,0.073,16,10,"girl",0.223,2,3,"other_language",0,0,6.8,6.3,7.1,8.1,6.6,10,6,0,7.4,3.4,3,56.6,5,5,4,3,4,5,3,5,5,5,5,5,5,5,5,4,3,3,2,1,3,2,3,2,,,,3,5,3,2,3,1,4,4,3,3,4,5,4,4,3,5,4,4,4,,,4,5,4,,5,5,,3,3,4,1,,1,1,0,1,1,1,1,0,1,1,0.615,0.781,52.5,44.6,1,1,1,0,0,"B"
1166,"S15","C057","South","general",20,0.322,0.073,15.8,10,"boy",-0.123,2,4,"majority_language",0,0,7.2,7.7,6.5,6,7.3,9,3,8,6,2.6,4,58.4,,4,4,4,5,5,4,4,5,5,5,5,5,5,4,1,1,1,1,2,,3,3,2,,,,2,3,1,2,4,2,4,1,4,,2,5,3,4,4,3,4,5,3,,,3,3,4,2,4,,3,4,5,4,1,,0,0,0,0,0,0,0,0,0,0,,,,,1,1,1,0,0,"B"
1167,"S15","C057","South","general",20,0.322,0.073,15.4,10,"girl",-0.069,3,3,"majority_language",0,0,7.2,7.3,6.8,6.7,6.3,9,2,0,9.6,1.2,4,56.3,3,4,5,4,3,3,3,4,3,4,3,3,5,5,,3,3,2,2,,3,1,3,1,,,,4,2,2,2,1,2,3,3,4,4,3,5,4,5,,2,3,,5,,,3,3,3,,3,5,2,5,5,4,1,0,0,1,1,1,0,1,0,0,0,0,0.906,0.006,36.6,44,1,1,1,0,0,"B"
1168,"S15","C057","South","general",20,0.322,0.073,15.7,10,"boy",1.859,5,4,"majority_language",0,0,7,6.7,7.4,7.8,6.8,3,3,1,4.7,5.5,3,49.7,5,5,4,3,,3,4,3,,,4,4,3,2,4,3,1,2,1,3,2,2,1,1,1,1,4,4,1,2,,,,4,5,5,5,5,3,5,5,5,4,3,4,4,5,5,5,5,5,4,4,2,4,3,4,2,1,1,,1,1,0,1,0,1,0,1,0,0.811,-0.256,46.3,54.6,1,1,1,0,0,"C"
1169,"S15","C057","South","general",20,0.322,0.073,15.9,10,"girl",0.797,4,4,"other_language",1,0,8.9,8,8.1,8.5,7.4,3,0,1,8,2.9,3,55.4,3,5,5,4,4,4,2,5,,,3,4,4,3,4,1,,1,1,1,2,1,1,1,1,1,1,1,2,1,,,,,3,2,5,2,4,1,3,4,5,4,3,2,,4,2,,2,2,3,3,3,4,2,3,1,1,1,1,0,1,1,1,1,0,1,0,,,,,1,1,1,0,0,"C"
1170,"S15","C057","South","general",20,0.322,0.073,16,10,"girl",-0.567,2,3,"majority_language",1,0,8.5,8.5,,7.8,7.4,2,3,,7.6,1.6,5,60.8,5,5,,5,3,3,3,4,,,,,,,,,2,2,1,1,1,2,2,1,2,1,,,,,,,,4,5,3,2,4,2,4,4,3,4,,,,,,2,5,,3,5,2,2,2,3,2,1,1,1,,1,1,1,1,1,1,0,0,,,,,1,1,1,0,1,"C"
1171,"S15","C057","South","general",20,0.322,0.073,15.8,10,"boy",-0.087,4,3,"majority_language",0,0,7.1,6.2,6.9,7.3,7.9,0,5,6,7.1,5.7,4,59.3,4,4,3,3,4,4,4,3,4,4,3,3,4,5,2,2,1,3,1,1,1,2,2,2,,2,3,1,,,1,1,1,,3,2,5,5,5,3,3,5,3,4,2,3,4,4,5,5,5,4,5,3,4,4,5,2,1,1,1,0,1,1,0,1,0,1,0,0,0.793,0.315,49.1,33,1,1,1,0,0,"A"
1172,"S15","C057","South","general",20,0.322,0.073,15.8,10,"boy",0.987,4,3,"majority_language",0,0,9.1,8.4,7.2,8.8,7.7,2,6,11,9.8,4.8,5,59,5,5,5,5,4,5,5,5,4,5,5,5,5,5,5,2,4,1,4,2,3,2,2,2,,,,,2,3,2,1,1,4,3,5,4,4,2,5,5,5,4,3,3,3,,,5,4,5,5,5,2,4,2,4,5,1,1,1,1,1,1,1,1,1,0,1,1,0.835,1.033,71,51.8,0,1,1,0,0,"B"
1173,"S15","C057","South","general",20,0.322,0.073,15.1,10,"boy",0.851,2,3,"majority_language",0,0,7.4,6.3,,7.7,8.2,1,0,,6.7,2.5,3,52.8,2,4,3,4,4,3,4,5,4,5,,,,,,1,1,3,2,3,1,2,,1,1,1,2,,,,,,,5,4,5,,5,5,4,5,,5,,,,,,3,3,2,1,3,4,4,5,3,3,1,1,1,0,0,1,1,1,0,1,0,0,0.771,-1.074,25.6,48.5,1,1,1,0,1,"A"
1174,"S15","C057","South","general",20,0.322,0.073,15.5,10,"girl",0.815,4,3,"majority_language",1,0,6.3,7.9,,6.2,6.1,1,1,,7.1,2.8,3,49.1,2,2,1,2,3,1,2,4,1,3,,,,,,3,1,5,2,3,2,2,2,3,,,,,,,,,,5,5,4,5,4,5,5,5,5,2,,,,,,4,4,5,2,2,3,3,5,4,4,1,0,1,1,1,0,0,0,0,1,0,0,0.477,-1.156,33,51,0,1,1,0,1,"B"
1175,"S15","C057","South","general",20,0.322,0.073,15.4,10,"girl",0.781,5,3,"majority_language",0,0,9.1,8.2,8.9,8.5,7.5,8,1,2,7.8,1.7,4,51.1,4,5,,5,5,5,,3,,,3,5,5,4,3,2,1,1,1,1,2,1,1,,1,1,1,1,1,2,,,,3,3,4,2,4,3,3,4,1,2,4,3,2,4,3,3,4,4,3,4,2,4,4,3,4,1,1,1,1,1,1,1,1,1,1,1,1,0.973,2.327,62.4,65.7,1,1,1,0,0,"C"
1176,"S15","C057","South","general",20,0.322,0.073,15.3,10,"girl",-0.608,1,1,"majority_language",0,1,6.9,5.7,5.7,5.9,6.7,2,18,6,6,3.9,2,40.8,3,1,3,2,3,1,3,3,,,2,5,2,4,3,1,1,3,1,1,2,2,2,3,3,2,2,2,3,2,,,,4,2,2,4,3,1,2,3,1,2,2,2,2,5,3,2,2,5,4,3,3,3,,2,2,1,1,1,0,1,1,0,0,0,0,0,0,0.865,0.258,58.9,49.9,1,1,1,0,0,"C"
1177,"S15","C057","South","general",20,0.322,0.073,15.6,10,"girl",-0.537,3,1,"majority_language",0,0,6.3,5.8,6.1,6.2,6,6,7,3,8.5,1.8,4,52.4,2,2,3,2,2,4,4,3,1,,2,1,,1,4,2,1,1,2,,3,,2,3,4,4,3,1,2,1,1,1,1,3,2,2,3,3,4,2,4,,4,3,3,1,3,3,4,4,4,4,3,3,2,4,3,5,0,0,0,1,1,1,1,0,0,0,0,0,0.681,-1.016,35.8,40.8,1,1,1,0,0,"A"
1178,"S15","C057","South","general",20,0.322,0.073,15.7,10,"girl",-0.039,4,,"majority_language",0,0,8,7.4,7.1,7.2,7.3,2,1,4,6.7,2.6,3,50.3,5,4,4,4,5,4,5,4,,,,4,3,,5,3,1,1,2,2,1,3,2,3,2,3,2,2,2,1,,,,5,3,4,5,4,5,4,5,4,5,2,5,4,3,2,4,4,5,4,4,2,3,3,3,4,1,1,1,1,1,0,1,1,1,0,1,0,0.785,-0.204,42.6,57.1,0,1,1,0,0,"C"
1179,"S15","C057","South","general",20,0.322,0.073,15.2,10,"girl",0.454,3,2,"majority_language",0,0,7.6,6.9,7.3,6.9,6.8,2,1,2,9.8,5,5,51.5,4,4,3,5,5,3,5,5,4,4,4,4,4,4,4,3,3,1,4,1,2,2,2,2,3,1,2,1,3,3,4,1,1,2,2,3,3,1,3,5,4,2,3,3,5,4,1,4,5,5,5,4,5,5,3,4,4,3,1,0,1,1,0,,1,1,1,1,1,0,0.777,0.425,40.6,63.6,1,0,0,0,0,"A"
1180,"S15","C057","South","general",20,0.322,0.073,15,10,"boy",0.726,4,4,"majority_language",0,0,7,6.3,7.3,6.8,7,2,2,1,7.5,5.6,2,57.8,4,5,,5,4,5,3,4,4,4,4,5,5,3,4,2,3,2,2,3,3,4,2,2,,,,2,2,2,3,2,2,4,3,3,4,1,4,2,3,3,2,3,4,4,,,3,4,5,5,5,4,5,5,4,4,1,1,1,1,1,1,0,1,0,1,1,0,0.924,0.301,56.3,60,1,1,1,0,0,"B"
1181,"S15","C057","South","general",20,0.322,0.073,15.4,10,"girl",-0.382,3,3,"majority_language",0,0,6.6,7.1,6.8,6.6,7.2,7,5,2,1.4,3.3,3,48.2,1,4,5,2,3,4,5,4,,,5,,4,4,5,3,3,,4,3,3,3,2,2,2,4,3,4,2,2,,,,4,5,3,5,4,2,2,5,3,1,3,3,3,4,2,3,2,2,3,3,4,3,3,3,3,1,1,0,1,0,0,0,1,1,1,0,0,0.422,-2.058,30.1,37.8,1,1,1,0,0,"C"
1182,"S15","C058","South","general",21,0.322,1.288,14.9,9,"boy",0.757,4,3,"majority_language",1,0,6.6,7.1,7.4,6.9,7.2,1,5,3,6,1.2,3,47.4,3,5,4,4,4,4,3,3,4,4,5,4,4,2,2,4,5,3,4,4,3,3,4,1,,,,4,2,3,4,2,3,,4,4,,,5,5,5,,5,3,4,3,,,4,4,4,3,2,3,5,4,2,2,1,1,1,1,1,1,,1,1,1,1,0,0.677,-0.346,38.9,54.1,1,1,1,0,0,"B"
1183,"S15","C058","South","general",21,0.322,1.288,14.5,9,"girl",1.689,5,5,"majority_language",0,0,7.5,7.5,6.7,7.1,8.5,4,1,3,5.8,0.7,5,56.3,4,2,4,,4,,4,5,5,4,5,4,5,5,5,1,1,2,1,1,1,2,2,2,,,,1,2,2,2,3,1,5,5,5,5,5,4,5,3,5,5,5,5,4,,,2,3,4,2,3,3,2,3,4,4,1,1,1,1,1,0,1,0,1,1,1,0,0.872,2.094,63.9,63.4,1,1,1,0,0,"B"
1184,"S15","C058","South","general",21,0.322,1.288,14.2,9,"boy",0.475,3,2,"majority_language",0,0,7,7.1,7.6,8.1,7.8,4,3,2,7.7,2.2,3,39.9,5,4,4,4,4,4,4,4,4,3,5,5,4,5,4,3,,1,3,2,,1,,1,,,,3,1,1,3,1,1,5,2,3,4,4,4,5,,4,3,5,3,4,,,4,1,5,3,2,4,4,4,3,1,1,1,1,1,1,1,1,1,,0,0,,,,,,1,1,1,0,0,"B"
1185,"S15","C058","South","general",21,0.322,1.288,14.8,9,"boy",0.491,5,5,"majority_language",1,0,7.4,6.3,6.6,7.7,8.3,0,1,1,8.8,1.1,5,67.5,5,5,5,4,4,5,5,4,5,5,5,5,5,5,5,1,1,1,2,1,1,1,2,1,1,1,2,4,1,2,1,3,1,5,4,5,5,5,3,4,5,3,5,5,5,4,5,3,5,5,5,5,4,4,5,4,5,5,1,1,,1,1,1,0,1,0,0,0,0,0.864,-1.095,52.3,51.5,1,0,0,0,0,"A"
1186,"S15","C058","South","general",21,0.322,1.288,14.6,9,"boy",-0.491,3,2,"majority_language",0,1,6.4,6.8,,7.4,6.4,0,5,,6.5,2.7,5,61.6,4,5,5,5,4,5,5,5,,,,,,,,3,2,4,5,1,3,2,3,3,5,1,3,,,,,,,5,4,5,,5,5,4,5,5,4,,,,,,5,5,4,4,5,5,4,5,4,5,1,1,0,1,1,0,0,0,1,0,0,0,0.861,0.048,58.9,51,1,1,1,0,1,"C"
1187,"S15","C058","South","general",21,0.322,1.288,13.8,9,"girl",0.47,4,3,"majority_language",0,0,6,6.5,6.9,7.1,7.3,1,4,6,5.7,1.4,3,53.4,5,3,4,5,3,3,4,4,3,3,4,3,3,2,1,1,3,2,2,3,2,2,2,2,1,2,,2,2,,1,,2,3,5,4,5,5,,4,5,4,3,3,5,5,4,5,4,5,3,5,4,4,3,5,3,5,1,0,1,1,0,1,1,0,0,0,0,0,0.89,-0.739,50.1,39.9,0,1,1,0,0,"A"
1188,"S15","C058","South","general",21,0.322,1.288,14.3,9,"boy",0.169,4,2,"majority_language",0,0,7.5,7.3,7.9,7.4,7.6,3,2,0,8.6,2,3,49.8,5,5,4,5,4,5,4,4,3,3,5,5,5,5,2,1,1,1,1,1,1,1,1,1,1,1,1,1,1,1,1,1,1,5,5,5,5,4,5,5,5,5,5,5,5,5,5,5,3,5,3,4,5,4,3,2,5,2,0,1,0,1,0,,1,1,0,0,1,0,,,,,1,0,0,0,0,"A"
1189,"S15","C058","South","general",21,0.322,1.288,14.4,9,"girl",0.143,,5,"majority_language",0,0,7,6.5,7.6,6.7,6.1,1,6,3,7.2,2.5,3,61.1,5,4,5,5,4,3,2,4,,,2,1,1,2,1,3,2,2,3,1,2,3,2,3,1,4,3,4,3,4,,,,4,2,4,4,2,1,3,3,4,1,4,4,5,4,5,5,4,3,5,4,5,3,5,5,4,1,0,0,0,0,0,0,0,0,0,0,0,0.487,-0.45,33.6,55.9,0,1,1,0,0,"C"
1190,"S15","C058","South","general",21,0.322,1.288,14.3,9,"girl",-0.84,1,1,"majority_language",0,0,7.2,6.3,5.7,6.6,7.2,0,7,2,2.2,3,2,39.8,3,3,5,3,5,3,4,3,5,4,5,5,4,5,4,2,4,4,2,3,2,3,2,4,,,,1,3,3,2,2,2,3,5,5,2,4,3,4,4,5,5,4,5,5,,,3,,2,3,4,5,5,3,5,5,1,0,0,0,1,0,0,0,0,0,0,0,0.872,1.214,46.9,57.9,1,1,1,0,0,"B"
1191,"S15","C058","South","general",21,0.322,1.288,14.5,9,"girl",0.283,5,3,"majority_language",0,0,5.9,6.5,7.3,6,8.3,0,3,1,5.9,2.4,4,49.6,2,5,4,3,4,4,4,4,,,,4,4,5,5,1,1,2,1,3,1,3,2,1,1,2,3,3,2,2,,,,3,4,3,4,3,5,5,3,5,4,5,4,5,3,5,3,4,3,4,4,4,2,4,5,4,1,0,1,1,1,1,0,0,1,0,0,0,0.759,-1.879,41.5,52.7,0,1,1,0,0,"C"
1192,"S15","C058","South","general",21,0.322,1.288,14.4,9,"boy",0.657,2,3,"majority_language",0,0,6.8,6.4,5.5,7,6.1,2,4,1,1.8,2.1,3,40.7,1,2,4,4,2,3,4,3,,,3,4,4,3,2,1,2,2,2,3,2,1,3,2,1,1,1,1,1,1,,,,2,4,3,4,4,3,5,2,5,3,4,5,3,3,3,4,3,2,2,4,2,3,5,2,,1,1,0,0,0,1,1,1,1,0,0,0,0.787,0.174,57.8,58.1,1,1,1,0,0,"C"
1193,"S15","C058","South","general",21,0.322,1.288,14.6,9,"another_or_no_answer",0.815,3,4,"majority_language",0,0,6.5,6.5,7,6.3,6.4,2,0,0,7.7,2.3,3,64.7,,4,4,4,5,5,4,2,,,4,5,5,4,3,1,2,,1,1,1,1,1,1,1,1,1,1,1,1,,,,4,5,4,5,,5,5,4,5,5,5,5,5,5,5,4,4,5,4,5,4,5,5,5,5,0,1,1,1,0,1,0,0,0,,0,0,0.755,-2.003,49.3,37.1,1,1,1,0,0,"C"
1194,"S15","C058","South","general",21,0.322,1.288,14.4,9,"boy",1.151,5,5,"majority_language",0,0,6.3,,,5.6,6.7,15,,,9,1.7,3,60.3,5,5,5,5,,,,,,,,,,,,2,4,4,4,3,3,,,,,,,,,,,,,4,3,2,2,3,,,,,,,,,,,5,,4,3,3,3,5,4,5,5,1,0,0,1,0,0,0,,0,0,0,0,0.35,-1.07,44,37.8,1,1,1,1,1,"A"
1195,"S15","C058","South","general",21,0.322,1.288,14.4,9,"girl",-0.493,,3,"other_language",1,0,6.3,,,7.8,7.6,1,,,9.4,6.7,4,52.1,4,5,4,5,,,,,,,,,,,,1,4,2,3,2,5,,,,,,,,,,,,,3,3,4,5,,,,,,,,,,,,5,5,4,4,5,4,3,5,4,4,1,,0,0,0,1,0,,0,0,0,0,0.58,0.126,60.8,55.5,1,1,1,1,1,"B"
1196,"S15","C058","South","general",21,0.322,1.288,14.1,9,"girl",0.712,1,2,"majority_language",0,0,7.2,7.6,7.3,7.1,6.7,2,0,2,6.1,2.2,1,53.7,5,5,3,4,4,5,4,4,5,3,3,5,4,5,3,3,3,1,2,1,3,1,3,1,,,,1,2,1,2,3,2,4,,4,4,5,5,5,4,5,5,5,4,5,,,3,4,5,3,4,5,3,5,5,3,1,1,1,1,1,1,0,0,1,0,0,0,0.696,-1.283,38.8,43.7,1,1,1,0,0,"B"
1197,"S15","C058","South","general",21,0.322,1.288,13.9,9,"girl",-0.822,2,2,"majority_language",0,0,6,6.5,,5.9,7.7,0,3,,5.2,2.9,2,39.9,4,4,4,4,5,2,2,3,3,3,,,,,,2,2,2,3,2,3,2,4,2,2,3,1,,,,,,,2,5,5,5,5,,5,4,5,4,,,,,,5,5,5,4,5,5,5,5,5,3,0,1,,1,1,1,1,0,0,0,0,0,0.604,-0.861,38.4,29,1,1,1,0,1,"A"
1198,"S15","C058","South","general",21,0.322,1.288,14.7,9,"boy",1.617,5,4,"majority_language",1,0,7.6,6.8,6.2,5.9,7.7,1,0,3,7.7,2.3,2,56.7,4,5,5,4,3,4,4,3,3,4,5,5,5,4,4,1,1,3,2,1,1,1,1,1,1,1,1,2,2,2,2,3,2,4,3,5,2,5,4,4,4,4,1,,3,3,3,3,2,2,5,3,1,4,5,4,4,5,0,0,0,1,1,0,0,1,0,0,,0,0.83,-0.866,67,54.5,1,0,1,0,0,"A"
1199,"S15","C058","South","general",21,0.322,1.288,14.6,9,"boy",-0.368,3,2,"majority_language",1,0,5.6,5.4,,7,6.7,12,1,,4.4,1.2,2,54.1,5,2,4,2,4,,3,2,,,,,,,,4,4,2,4,3,2,4,3,2,1,4,3,,,,,,,1,2,3,4,3,5,5,4,3,1,,,,,,2,,2,4,2,4,2,3,3,3,1,1,1,0,1,0,1,0,0,0,0,0,,,,,1,1,1,0,1,"C"
1200,"S15","C058","South","general",21,0.322,1.288,14.6,9,"girl",-0.865,3,2,"majority_language",0,0,6.8,7,6.5,6.6,6.7,3,2,0,4.6,1.9,5,55,5,5,4,5,4,5,5,4,,4,,5,,5,5,2,3,3,2,1,1,2,2,3,,,,1,2,1,2,1,1,4,4,5,5,3,4,5,5,5,5,5,,4,,,5,4,5,5,5,4,5,5,4,4,0,,1,0,0,1,1,1,0,0,1,0,0.615,-0.338,47.4,60.5,1,1,1,0,0,"B"
1201,"S15","C058","South","general",21,0.322,1.288,14.4,9,"boy",0.011,4,3,"majority_language",0,0,6.3,5.9,6.2,8.3,7.5,2,1,6,5,2.7,2,47.4,3,4,5,5,3,4,5,5,,,4,5,5,5,3,2,4,2,2,3,2,2,,3,1,1,1,1,1,1,,,,4,4,4,2,4,5,5,4,4,,5,5,3,2,4,4,3,2,1,4,4,4,4,5,5,1,1,0,1,0,1,0,0,0,0,0,0,0.705,0.706,43.1,48.4,0,1,1,0,0,"C"
1202,"S15","C058","South","general",21,0.322,1.288,14.3,9,"boy",-1.16,3,3,"majority_language",0,0,6.8,7.1,6.2,6.2,7.3,1,1,0,6.9,2,2,40.3,4,5,4,5,4,4,4,3,5,5,3,4,3,5,4,1,1,1,1,1,3,1,1,1,,,,2,1,1,3,2,3,3,3,5,2,4,2,4,4,4,2,5,4,5,,,4,4,2,,5,5,4,4,3,5,1,1,1,0,1,1,0,0,,0,0,0,0.713,-0.6,56.8,50.9,1,1,1,0,0,"B"
1203,"S15","C059","South","general",17,0.322,-0.776,14.5,9,"girl",-1.577,1,2,"other_language",0,0,5.8,6.6,6.3,6.3,5.2,4,4,4,3.7,3.2,2,39.3,2,1,3,3,2,2,1,2,2,2,4,2,2,3,3,2,2,2,1,4,1,3,3,3,2,4,1,2,3,3,3,3,1,3,4,3,3,3,3,2,4,2,3,2,3,2,3,,1,1,3,1,3,2,2,3,4,5,0,0,0,1,0,0,0,0,0,0,,0,0.43,-1.226,46.6,30.5,1,0,1,0,0,"A"
1204,"S15","C059","South","general",17,0.322,-0.776,13.9,9,"boy",0.299,3,1,"majority_language",0,0,7.4,8.4,8.4,8,8,2,3,0,8.8,2.2,4,56.9,,4,4,4,5,4,5,5,5,5,5,3,4,4,3,2,1,2,,2,1,2,3,2,2,3,1,2,3,1,,1,2,5,2,4,3,4,5,5,5,5,5,5,4,4,4,5,4,4,5,4,2,3,2,3,2,1,1,1,1,1,1,1,1,0,0,1,0,1,0.797,1.619,60.5,51.1,1,0,1,0,0,"A"
1205,"S15","C059","South","general",17,0.322,-0.776,14.9,9,"girl",0.033,4,3,"other_language",0,0,8.3,8.7,8.2,7.8,6.9,0,4,2,9.6,1.7,5,65.3,5,5,5,5,5,5,5,5,5,5,5,4,4,3,3,1,,2,1,1,1,1,2,3,,,,1,1,2,1,1,1,2,3,2,3,5,2,3,1,,3,3,4,5,,,5,5,5,5,5,3,3,3,4,4,1,1,1,1,1,1,,1,1,1,0,0,0.919,1.554,59.4,64.9,1,1,1,0,0,"B"
1206,"S15","C059","South","general",17,0.322,-0.776,13.9,9,"boy",-0.217,2,2,"majority_language",0,0,8,8,7.3,8.4,7.3,1,1,1,8.4,0.9,3,60.2,4,4,5,5,5,4,4,4,,,4,4,4,5,4,1,1,1,2,2,1,1,1,1,1,3,2,1,1,2,,,,3,4,5,4,2,3,5,3,4,5,4,5,5,5,5,4,4,4,3,3,3,5,,4,5,1,1,1,1,1,1,1,1,1,0,0,1,0.884,-0.548,59.8,38,1,1,1,0,0,"C"
1207,"S15","C059","South","general",17,0.322,-0.776,14,9,"girl",0.159,2,3,"majority_language",0,0,7.9,7.4,7.5,8.8,7.8,3,0,4,7.5,4.1,2,44.8,5,4,5,3,4,4,3,2,2,3,,4,3,4,3,2,2,1,,3,2,3,3,3,3,4,3,3,4,4,3,3,4,3,5,3,4,4,4,5,3,3,3,4,5,3,4,4,4,5,5,5,4,3,2,3,2,2,1,1,,1,1,1,1,1,1,1,0,1,0.815,0.219,61.4,66.4,1,0,1,0,0,"A"
1208,"S15","C059","South","general",17,0.322,-0.776,14.7,9,"girl",0.015,3,4,"other_language",0,0,7.1,7.8,7.3,7.2,7,6,4,2,7.4,1.4,4,45.5,3,3,4,2,4,5,4,4,4,3,4,2,2,3,3,3,2,2,3,3,5,2,2,2,,,,3,3,,2,4,3,2,3,3,3,2,2,1,1,1,,3,3,1,,,4,4,4,2,4,2,4,3,5,,1,1,1,1,1,1,0,1,1,0,1,0,0.842,2.155,66.2,61.2,1,1,1,0,0,"B"
1209,"S15","C059","South","general",17,0.322,-0.776,14.2,9,"boy",-0.924,1,2,"other_language",0,0,6.4,6.8,7.1,6.5,6.3,3,18,19,5.7,1.1,4,41.2,2,2,1,4,3,4,2,4,4,5,2,5,3,4,4,4,2,3,1,4,2,2,5,2,,,,4,1,3,2,4,3,4,3,2,1,3,2,4,2,2,2,2,3,1,,,3,4,2,3,3,2,2,2,2,2,1,1,1,1,1,1,1,1,0,1,0,0,0.554,-0.432,30.9,34.3,0,1,1,0,0,"B"
1210,"S15","C059","South","general",17,0.322,-0.776,14.3,9,"girl",-0.684,2,,"other_language",0,0,6,6.8,6.8,5.4,6.7,3,5,1,2.2,5.7,2,50.5,2,,1,2,2,4,3,1,,,4,3,3,3,4,3,3,2,3,4,3,,4,3,1,3,2,5,3,4,,,,5,5,5,5,5,4,3,,3,4,4,3,4,3,3,2,3,3,,3,,4,4,3,3,1,1,1,1,,1,1,1,0,0,1,0,0.585,-1.561,26.3,29.3,1,1,1,0,0,"C"
1211,"S15","C059","South","general",17,0.322,-0.776,14.3,9,"girl",-0.947,1,1,"majority_language",0,0,7.6,7.7,7.3,7,7.3,9,5,6,4.6,5.8,3,47.3,3,5,5,4,4,,2,5,4,2,4,5,5,5,5,4,2,3,1,3,2,,2,,,,,2,3,2,3,1,3,3,4,5,3,2,1,2,2,4,1,2,5,3,,,4,,4,3,3,3,3,4,3,3,0,1,1,1,0,0,1,0,0,0,0,0,0.801,-0.632,43.4,44.3,1,1,1,0,0,"B"
1212,"S15","C059","South","general",17,0.322,-0.776,14.6,9,"boy",-0.318,3,2,"majority_language",0,0,7.9,7.1,6.3,7.2,7.1,7,8,4,8.3,2.3,4,59.2,5,4,5,4,3,4,4,4,3,4,5,5,4,4,4,3,,2,4,2,3,1,1,1,2,2,3,3,1,3,5,4,3,3,2,2,1,3,3,3,3,2,3,2,4,3,2,2,1,3,4,3,4,2,3,3,4,3,1,1,1,1,1,0,0,0,1,0,,0,0.621,-0.003,40.1,42,1,0,0,0,0,"A"
1213,"S15","C059","South","general",17,0.322,-0.776,13.9,9,"boy",0.28,3,4,"majority_language",0,0,6.5,6.7,,5.4,6.4,4,3,,3.9,2.1,2,54,3,3,3,4,3,2,2,3,3,2,,,,,,4,3,2,3,3,2,5,2,3,,,,,,,,,,3,4,,2,2,2,3,2,1,3,,,,,,4,4,4,4,3,4,3,2,4,4,1,1,1,0,1,0,1,1,1,0,0,0,0.671,-0.361,48.1,50.9,1,1,1,0,1,"B"
1214,"S15","C059","South","general",17,0.322,-0.776,14.1,9,"boy",0.676,4,4,"majority_language",0,0,7.8,7.3,7.2,7.9,6,1,2,8,3.7,2.3,5,60.3,4,5,4,2,3,5,3,3,,,4,5,4,4,5,1,2,1,1,2,2,3,3,4,4,3,3,3,4,3,,,,4,5,5,5,5,2,5,2,4,2,1,3,2,3,3,4,2,4,4,4,5,3,3,3,,1,1,1,1,1,1,0,1,0,1,0,0,0.894,0.192,57.9,51.5,1,1,1,0,0,"C"
1215,"S15","C059","South","general",17,0.322,-0.776,14.2,9,"boy",0.721,5,4,"majority_language",0,0,7.1,7.3,7.3,8.1,8.5,1,3,5,9.2,3,5,59,5,5,5,5,4,5,4,4,,,2,3,2,1,,2,1,1,1,1,3,1,,2,1,1,3,2,2,1,,,,4,3,4,5,4,4,4,4,3,3,3,4,2,3,4,5,4,5,3,4,3,3,4,2,3,1,1,1,,1,1,,1,1,1,1,1,0.734,0.334,47.3,49.1,1,1,1,0,0,"C"
1216,"S15","C059","South","general",17,0.322,-0.776,14,9,"girl",0.567,3,3,"majority_language",0,0,7.8,8.7,8.9,7.2,7.1,3,6,1,3.8,3.5,5,64.6,5,5,5,5,5,5,4,5,,,5,4,5,5,4,1,2,4,4,3,2,1,1,3,2,1,2,1,1,3,,,,4,2,3,3,2,2,1,1,3,1,3,4,4,3,5,3,3,2,5,3,2,3,3,3,3,1,1,1,1,0,1,1,0,1,0,1,0,0.743,0.809,51.6,56.7,0,1,1,0,0,"C"
1217,"S15","C059","South","general",17,0.322,-0.776,14.6,9,"another_or_no_answer",0.708,5,1,"majority_language",0,0,7.9,6.8,6.5,6.8,7.6,4,6,3,9,3.4,2,46.2,3,4,5,3,4,5,3,2,4,5,4,5,4,4,3,2,2,,2,5,2,2,1,3,,,,2,3,2,3,1,3,4,5,4,3,4,5,5,2,3,4,2,1,3,,,4,,,4,3,4,3,3,5,3,0,1,1,1,1,,0,0,1,1,0,0,0.762,0.526,56.7,54.4,1,1,1,0,0,"B"
1218,"S15","C059","South","general",17,0.322,-0.776,15,9,"girl",-0.379,2,4,"majority_language",0,0,8.2,7.4,7.8,9.3,7.3,7,5,1,6.8,2.1,5,68.5,5,5,5,5,5,5,5,5,5,5,5,4,4,4,,1,2,1,3,2,1,1,2,2,,,,1,2,1,2,2,2,4,4,3,5,,4,1,4,4,5,4,4,4,,,2,5,4,3,3,,4,1,4,2,1,1,1,1,0,1,1,1,1,0,0,1,0.878,1.273,67.2,57.3,1,1,1,0,0,"B"
1219,"S15","C059","South","general",17,0.322,-0.776,14.3,9,"girl",-0.091,4,3,"other_language",1,0,7.8,7.7,7.9,6.8,8.4,1,3,2,4,3.3,4,53.5,5,5,5,5,4,5,4,5,,5,5,5,5,4,5,3,3,3,2,3,1,1,2,2,,,,3,3,3,3,3,3,3,3,2,3,4,4,3,,3,4,1,3,2,,,,4,3,2,5,2,3,2,1,3,1,1,1,1,1,0,1,1,1,0,0,0,0.84,2.529,67,62.7,1,1,1,0,0,"B"
1220,"S15","C060","South","general",19,0.322,0.389,15.5,10,"girl",0.982,5,4,"majority_language",0,0,7.2,7.7,7.8,8.8,7,0,7,2,9.8,1.2,3,54.8,5,5,5,5,5,5,5,5,5,4,5,2,4,3,4,3,3,1,2,2,2,2,4,4,,,,2,3,3,1,1,2,3,5,,5,4,4,5,3,4,2,3,2,3,,,4,4,4,5,4,2,3,3,2,2,0,1,1,1,1,0,1,0,1,0,1,0,0.846,1.052,67.3,44.8,1,1,1,0,0,"B"
1221,"S15","C060","South","general",19,0.322,0.389,15.6,10,"boy",-0.255,5,2,"other_language",1,0,7.8,8.2,7.3,6.6,7.3,5,2,2,6.1,1.4,5,52.5,4,4,5,4,4,4,5,5,5,4,5,4,5,4,5,2,3,1,1,3,2,1,1,2,2,1,1,2,1,1,1,1,,4,5,4,3,4,3,5,4,5,4,5,4,3,5,4,4,4,4,4,4,3,5,3,3,3,1,0,1,1,0,1,0,0,1,0,0,0,0.801,-1.282,58.1,49.3,0,0,1,0,0,"A"
1222,"S15","C060","South","general",19,0.322,0.389,15.3,10,"girl",-0.497,3,2,"majority_language",0,0,7.1,,,7,7.3,5,,,6.8,2.3,2,46.5,,3,5,2,3,,,,,,,,,,,2,3,1,3,2,2,,,,,,,,,,,,,5,,5,4,4,,,,,,,,,,,4,4,,,4,5,4,3,4,4,1,1,0,0,0,0,1,0,0,0,0,0,0.86,0.141,46.6,52,1,1,1,1,1,"C"
1223,"S15","C060","South","general",19,0.322,0.389,15,10,"girl",0.251,3,3,"majority_language",0,0,6.8,6.4,6.4,8,6.6,2,3,1,9.7,2,4,56.5,3,4,4,5,3,5,3,3,,,4,4,4,5,5,1,2,1,1,1,1,,1,1,1,1,1,2,3,1,,,,2,4,5,5,2,4,3,3,4,5,3,4,5,5,3,4,4,5,4,4,4,4,4,4,5,1,1,1,1,1,0,1,0,1,1,0,1,0.861,-0.286,62.4,39.5,0,1,1,0,0,"C"
1224,"S15","C060","South","general",19,0.322,0.389,15.8,10,"boy",0.431,3,2,"other_language",0,0,6.9,7.5,8.1,7.5,6.8,3,8,5,8.9,3.8,4,66.2,4,4,4,4,5,2,3,4,3,3,2,4,5,2,,1,2,1,1,1,1,,2,1,,,,1,2,1,2,1,1,5,,4,4,4,4,4,5,4,4,3,4,4,,,5,5,5,5,4,4,4,4,5,2,1,1,0,1,0,0,0,0,0,0,0,1,0.949,0.353,62.8,57.4,1,1,1,0,0,"B"
1225,"S15","C060","South","general",19,0.322,0.389,15.2,10,"boy",0.695,2,2,"other_language",0,0,7.3,7.3,6.8,6.4,7,4,3,6,4.1,1.6,3,46.8,3,5,5,3,4,1,2,3,,,5,4,3,4,,2,2,2,3,3,3,1,2,2,1,,1,2,3,1,,,,5,2,5,,3,5,3,5,5,4,,4,5,5,4,5,3,3,2,4,2,3,3,3,2,,1,1,0,1,1,1,,1,0,0,0,0.784,0.791,62.7,56.1,1,1,1,0,0,"C"
1226,"S15","C060","South","general",19,0.322,0.389,15.2,10,"boy",0.603,2,4,"majority_language",0,0,6.9,7.7,7.6,7.4,8.3,8,3,5,4.2,2.5,2,48.9,2,4,,2,3,3,5,4,3,4,1,2,2,2,2,2,3,2,1,4,2,3,4,3,2,3,3,2,3,2,,5,1,4,5,5,,3,5,4,4,4,4,5,5,5,5,5,4,4,4,5,4,4,4,3,4,3,1,1,1,,0,1,1,1,0,1,0,0,0.849,-0.436,56,49.3,1,0,1,0,0,"A"
1227,"S15","C060","South","general",19,0.322,0.389,16.4,10,"boy",0.491,2,2,"majority_language",0,0,7.3,,,6.7,7.6,3,,,8,1.5,2,56.5,,4,5,4,4,,,,,,,,,,,3,2,2,4,3,1,,,,,,,,,,,,,4,3,5,5,5,,,,,,,,,,,5,5,4,5,5,5,4,4,5,4,1,1,1,1,1,1,,1,0,0,0,0,0.829,1.66,38.8,59.2,1,1,1,1,1,"C"
1228,"S15","C060","South","general",19,0.322,0.389,15.9,10,"boy",1.421,5,4,"majority_language",0,0,7.3,7,,7.3,7.1,4,1,,11.5,3.8,4,57,5,5,4,5,4,5,4,4,4,4,,,,,,1,1,1,2,1,1,1,1,1,,1,2,,,,,,,4,5,5,5,4,4,4,4,3,,,,,,,3,2,3,3,3,3,4,3,3,3,1,1,1,1,1,0,1,0,0,0,0,0,0.87,1.699,64.3,52.2,0,1,1,0,1,"A"
1229,"S15","C060","South","general",19,0.322,0.389,15.3,10,"girl",-0.109,3,2,"majority_language",0,0,7.3,6.8,,8.8,7.3,2,3,,9.9,1.8,3,54.3,,5,5,5,5,3,5,4,5,4,,,,,,1,2,1,3,2,2,1,1,1,1,1,1,,,,,,,5,5,5,5,5,5,5,5,5,5,,,,,,3,3,3,4,2,3,5,3,4,4,1,1,1,1,1,0,1,0,0,1,0,1,0.938,0.881,64,64.2,1,0,1,0,1,"A"
1230,"S15","C060","South","general",19,0.322,0.389,15.5,10,"boy",1.682,4,4,"majority_language",0,0,8.1,7,6.7,7.5,7.8,2,1,14,8.2,1.9,5,65.4,5,5,,5,5,3,2,3,,,2,,4,4,4,1,3,2,2,1,3,1,1,,1,1,2,3,3,4,,,,5,4,5,4,,4,4,5,4,4,3,5,4,5,3,5,4,4,4,4,5,4,3,3,5,1,1,1,1,1,0,0,0,1,0,1,0,0.685,-0.057,37.3,41.7,1,1,1,0,0,"C"
1231,"S15","C060","South","general",19,0.322,0.389,15.4,10,"boy",0.385,3,2,"other_language",0,0,6.7,,,6.8,7.1,2,,,6.5,3.5,2,44.5,5,5,5,5,5,,,,,,,,,,,2,3,1,2,1,1,,,,,,,,,,,,,2,4,4,2,3,,,,,,,,,,,,4,3,3,5,5,3,5,4,4,1,1,1,0,1,0,1,0,0,0,0,0,0.757,0.513,50,54.5,1,1,1,1,1,"A"
1232,"S15","C060","South","general",19,0.322,0.389,15.2,10,"boy",-0.245,3,3,"majority_language",0,0,6.9,6.7,,6.9,6.6,4,8,,5.2,3.8,5,51.5,,2,,5,5,4,3,5,,,,,,,,2,1,2,2,2,1,1,2,2,3,3,2,,,,,,,3,5,4,3,5,2,5,4,5,4,,,,,,,4,5,4,2,4,3,3,3,5,0,0,0,0,0,0,0,0,0,0,0,0,0.634,0.293,61.3,55,1,1,1,0,1,"C"
1233,"S15","C060","South","general",19,0.322,0.389,15.5,10,"girl",0.252,4,5,"majority_language",0,0,7.7,7.6,7.9,7.8,8,1,0,1,7.6,2.7,4,56.3,5,4,4,4,3,4,2,3,5,,5,3,5,4,5,1,2,1,1,1,2,1,1,1,2,1,1,1,1,1,1,1,1,2,3,4,5,,3,4,4,2,4,2,1,3,4,2,2,3,2,3,5,4,4,4,3,3,1,1,1,1,,1,0,1,1,1,1,0,0.916,0.844,59.3,56.7,1,1,0,0,0,"A"
1234,"S15","C060","South","general",19,0.322,0.389,15.5,10,"girl",0.902,3,4,"majority_language",0,0,6.5,7.1,7.1,7,7.9,2,6,2,3.3,1.5,4,44,4,4,4,5,1,4,3,3,,,5,4,4,5,5,1,2,3,2,1,3,2,1,3,5,4,2,4,2,3,,,,5,2,2,5,5,,3,4,3,4,2,2,2,4,5,3,2,4,4,4,2,4,5,3,2,0,1,1,1,0,0,0,1,1,0,0,0,0.82,-0.249,57.5,56.3,0,1,1,0,0,"C"
1235,"S15","C060","South","general",19,0.322,0.389,15.2,10,"girl",0.261,4,3,"majority_language",1,0,6.8,8.5,8.2,6.8,7.4,4,2,7,5.8,4.5,4,66.7,5,5,5,5,5,4,3,4,5,3,5,5,5,5,5,2,2,2,3,2,1,3,1,2,1,2,1,2,3,2,2,1,2,4,5,3,1,5,3,4,3,1,4,4,5,5,2,4,5,5,,5,5,2,5,5,,5,0,1,0,0,1,0,1,1,1,0,0,,0.668,0.244,52.8,42.8,1,0,0,0,0,"A"
1236,"S15","C060","South","general",19,0.322,0.389,16,10,"boy",-0.571,2,2,"majority_language",0,0,7.6,7,7.1,7.1,8.1,5,2,8,6.3,6.1,1,59.1,4,3,5,4,5,4,3,4,3,4,,3,3,5,2,2,1,1,2,,,1,1,2,,,,2,3,2,3,5,2,1,2,3,2,2,3,3,2,2,2,3,4,4,,,3,3,4,3,5,5,2,2,5,3,0,1,1,1,1,1,1,0,1,1,0,1,0.577,0.254,48.3,41.3,1,1,1,0,0,"B"
1237,"S15","C060","South","general",19,0.322,0.389,14.9,10,"girl",1.155,5,4,"majority_language",1,0,6.2,6.7,7.2,7.2,5.6,17,7,5,5.8,2.8,2,44.7,4,5,3,3,2,2,3,3,4,5,4,5,5,4,5,3,3,4,3,3,2,2,3,2,,,,3,1,1,2,2,2,2,3,3,2,2,2,4,3,2,3,2,4,3,,,4,5,5,3,5,3,5,2,3,3,1,,0,0,0,1,0,0,0,0,0,0,0.838,1.006,70.4,50.2,1,1,1,0,0,"B"
1238,"S15","C060","South","general",19,0.322,0.389,15.8,10,"boy",2.085,5,5,"majority_language",0,0,7.7,8.3,8.5,8.4,7.2,1,0,0,8.8,2.9,3,58.5,5,5,4,5,5,4,3,3,3,5,4,2,3,3,3,1,1,1,1,1,2,1,1,1,,,,3,1,2,1,3,2,4,4,4,4,2,4,5,5,5,3,4,5,3,,,5,5,4,5,5,4,3,3,5,4,1,1,1,1,1,1,1,1,0,1,0,0,0.908,3.022,74.5,68.9,0,1,1,0,0,"B"
1239,"S16","C061","Centre","technical",22,0.603,0.256,17.2,12,"girl",0.12,4,4,"other_language",0,0,7.2,7,7,5.9,6.1,7,4,1,6,4.5,3,43.6,4,3,5,5,,4,2,4,3,4,,4,3,2,3,3,1,5,4,2,3,2,2,4,3,3,2,1,2,1,,1,3,2,2,5,1,2,3,3,4,4,3,2,3,3,2,4,2,2,3,4,4,5,4,3,3,3,1,0,1,0,1,1,1,0,0,0,0,0,0.79,1.059,53.5,61.6,1,0,1,0,0,"A"
1240,"S16","C061","Centre","technical",22,0.603,0.256,17.3,12,"girl",1.183,4,2,"majority_language",0,0,7.7,7,6.9,7.6,8.1,3,2,0,7.1,2,3,57.8,3,4,5,3,2,5,5,3,,,4,4,4,4,5,1,3,3,1,,1,3,2,2,1,3,1,3,3,3,,,,5,5,4,5,4,4,3,4,4,4,1,2,2,2,1,2,3,5,3,,4,3,5,3,3,1,1,1,1,0,1,1,,1,0,1,1,0.859,0.221,53.6,45.9,1,1,1,0,0,"C"
1241,"S16","C061","Centre","technical",22,0.603,0.256,17.5,12,"boy",2.304,4,5,"majority_language",0,0,6.7,6.8,7,6.4,7.3,0,0,5,6.6,1.6,1,39.5,3,2,2,4,4,4,4,4,,,5,,4,5,5,3,3,1,2,3,3,2,3,2,2,2,4,1,1,2,,,,3,3,4,3,3,4,2,,4,3,3,3,3,4,3,4,3,5,5,5,4,4,4,4,4,1,1,1,0,1,0,1,1,1,0,0,0,0.832,0.872,61.6,59.9,0,1,1,0,0,"C"
1242,"S16","C061","Centre","technical",22,0.603,0.256,17.8,12,"girl",1.185,4,5,"majority_language",0,0,7.7,7.1,8.1,7.2,6.3,1,3,6,7.4,1.7,3,51.8,4,2,5,4,3,4,4,5,,,5,5,,5,5,1,2,1,1,2,1,2,2,1,3,2,1,3,3,,,,,3,5,4,4,4,4,3,3,5,2,4,4,3,5,5,4,2,2,3,2,3,4,5,1,2,0,0,1,1,1,0,0,1,0,0,0,1,0.867,0.963,62.6,64.1,0,1,1,0,0,"C"
1243,"S16","C061","Centre","technical",22,0.603,0.256,17.3,12,"girl",0.79,4,2,"majority_language",0,0,7,7.5,7.8,7.3,7.4,1,3,4,8.7,2.6,4,50,4,4,4,5,4,5,4,4,5,4,4,5,4,4,3,1,2,3,2,3,2,1,2,2,3,2,1,2,2,1,1,2,3,4,3,5,5,5,5,5,5,4,5,5,3,5,5,3,3,3,4,3,3,,,4,4,3,1,1,1,1,0,1,1,0,0,0,0,0,0.858,0.793,49.7,54.2,1,0,0,0,0,"A"
1244,"S16","C061","Centre","technical",22,0.603,0.256,17.7,12,"girl",1.277,4,3,"majority_language",0,0,9.3,9,9.1,7.3,9.2,2,4,3,8.3,2.2,4,70.1,5,5,5,5,5,5,5,5,,,5,5,5,4,5,1,1,1,1,1,1,1,1,2,1,1,2,1,1,3,,,,5,3,5,5,4,,4,5,4,4,5,5,,5,4,4,4,4,5,5,5,4,4,5,5,1,1,1,1,1,1,1,1,0,1,1,1,0.905,0.393,71,73,0,1,1,0,0,"C"
1245,"S16","C061","Centre","technical",22,0.603,0.256,17.5,12,"girl",2.284,5,5,"majority_language",0,0,7.5,7,,7.8,8.2,8,0,,9.8,1.3,3,56.6,2,4,4,3,,2,3,4,4,5,,,,,,2,2,3,3,3,,1,4,2,4,4,1,,,,,,,4,4,3,4,3,2,4,3,2,2,,,,,,4,5,5,4,5,5,3,3,4,5,1,1,1,1,1,1,1,0,0,1,1,,0.894,1.693,65.8,54.3,1,0,1,0,1,"A"
1246,"S16","C061","Centre","technical",22,0.603,0.256,17.7,12,"boy",0.995,4,5,"majority_language",1,0,6.5,5.9,6.6,6.1,7.6,2,1,5,5.5,1.8,3,41.9,3,4,4,3,5,2,5,3,4,3,1,4,3,3,5,3,1,3,2,1,1,3,1,2,1,1,,2,1,3,2,1,1,4,5,5,5,4,5,5,4,4,3,5,4,5,5,4,4,3,2,3,4,2,4,2,4,,1,0,1,1,1,1,1,1,1,1,0,1,0.673,-0.602,48.3,37.8,1,1,0,0,0,"A"
1247,"S16","C061","Centre","technical",22,0.603,0.256,17.2,12,"girl",0.974,5,4,"majority_language",1,0,6.6,6.4,6.5,8.3,8.5,2,7,3,3.2,4.3,3,42.4,3,,4,5,4,4,4,5,3,5,5,,4,,5,3,3,2,5,3,3,1,2,1,,,,2,3,1,2,4,2,4,4,3,3,3,4,4,5,2,5,3,2,3,,,5,5,4,5,3,4,5,5,4,5,1,1,1,1,1,1,1,1,1,1,0,1,0.805,2.445,76.2,59.1,1,1,1,0,0,"B"
1248,"S16","C061","Centre","technical",22,0.603,0.256,17.5,12,"boy",1.062,5,4,"majority_language",0,0,7,7.2,7.1,7.1,7.9,5,4,8,7.2,3.8,5,49.1,5,5,5,4,5,5,4,4,,,5,5,5,4,5,2,2,1,3,1,3,3,3,2,2,3,4,2,3,2,,,,5,5,4,4,2,5,4,4,3,4,2,2,4,3,3,5,5,4,5,4,3,2,2,4,4,1,1,1,0,1,1,1,0,1,1,0,0,0.914,0.426,47.1,55.5,0,1,1,0,0,"C"
1249,"S16","C061","Centre","technical",22,0.603,0.256,17.3,12,"boy",1.282,5,5,"majority_language",0,0,8.1,7.8,7.5,8.1,7.5,3,8,3,5.1,5.7,4,55.9,3,2,5,2,4,4,4,5,2,5,4,5,2,4,4,3,5,4,4,3,2,4,5,3,,,,5,4,3,2,4,4,2,3,2,2,2,3,3,2,3,3,5,2,4,,,4,5,5,4,4,,2,4,5,5,1,1,1,1,1,1,0,1,1,1,0,0,0.785,0.083,50.4,67.8,1,1,1,0,0,"B"
1250,"S16","C061","Centre","technical",22,0.603,0.256,17.7,12,"boy",1.263,4,4,"majority_language",0,0,7.8,7.4,7.1,7.4,7.5,1,0,4,6.1,1.5,3,45.1,4,2,,4,4,2,2,4,,,2,3,3,2,5,3,4,4,2,3,4,1,1,2,1,1,2,2,2,2,,,,4,4,3,3,5,3,5,4,5,5,3,4,5,3,3,4,3,4,5,4,3,5,5,4,4,1,1,,1,1,1,0,0,1,1,0,0,0.858,1.156,56,63.1,1,1,1,0,0,"C"
1251,"S16","C061","Centre","technical",22,0.603,0.256,17,12,"boy",0.98,5,5,"majority_language",0,0,7.2,7.6,6.8,8,7.7,5,0,2,3.7,2.3,2,48.3,3,5,5,4,5,5,4,4,,,5,4,3,4,5,3,2,2,4,3,3,3,2,3,3,3,5,3,1,2,,,,5,5,3,4,2,4,5,5,3,5,2,1,3,2,2,,5,4,5,5,3,3,,2,5,1,1,1,0,1,0,0,0,0,0,0,1,0.805,1.731,70.9,59.2,1,1,1,0,0,"C"
1252,"S16","C061","Centre","technical",22,0.603,0.256,16.4,12,"boy",2.351,5,4,"majority_language",0,0,7.6,,,8.1,8,3,,,4,1.8,4,53,4,3,4,3,3,,,,,,,,,,,2,3,2,2,2,4,,,,,,,,,,,,,5,4,1,4,4,,,,,,,,,,,3,2,5,5,2,2,3,2,3,2,1,1,1,0,1,1,1,0,0,1,0,0,,,,,1,1,1,1,1,"A"
1253,"S16","C061","Centre","technical",22,0.603,0.256,17.9,12,"boy",2.07,5,5,"majority_language",0,0,7.8,,,7.8,8,1,,,4.8,1.8,2,55.9,4,5,4,5,5,,,,,,,,,,,3,2,2,2,3,4,,,,,,,,,,,,,4,4,4,5,5,,,,,,,,,,,5,4,5,5,3,3,3,3,4,2,1,1,1,1,1,1,1,,1,1,0,0,0.928,1.697,68.3,60,1,1,1,1,1,"C"
1254,"S16","C061","Centre","technical",22,0.603,0.256,17.8,12,"girl",2.806,5,5,"majority_language",0,0,7.3,8.7,8,7,7.9,3,0,8,6.9,2.7,3,49.9,5,5,2,4,,3,5,4,,,4,4,4,4,3,1,2,3,1,1,3,2,1,2,4,1,1,3,2,1,,,,5,5,5,3,5,5,4,3,5,4,4,5,4,2,4,3,3,4,3,4,3,3,,4,3,1,1,1,1,1,0,1,0,0,0,0,0,0.854,1.504,55.7,56,1,1,1,0,0,"C"
1255,"S16","C061","Centre","technical",22,0.603,0.256,17.2,12,"girl",0.069,3,2,"majority_language",1,0,7,7,7.3,6,7,3,4,5,1.5,7.6,2,45.4,2,4,4,,3,3,4,3,2,3,4,5,4,5,4,3,2,3,4,3,4,2,3,1,4,3,2,2,4,1,3,4,4,5,1,2,5,4,2,,3,2,4,,3,1,3,2,2,3,3,,,2,4,3,3,2,1,1,1,1,0,1,1,1,1,0,0,0,0.952,2.528,67.4,61.7,1,1,1,0,0,"A"
1256,"S16","C061","Centre","technical",22,0.603,0.256,17.6,12,"girl",-2.068,1,1,"majority_language",0,0,6.7,7.8,7.2,6.9,5.4,2,3,7,3.2,4.9,2,46.8,3,,3,4,4,5,5,5,5,5,4,4,2,4,4,3,2,2,1,3,1,,,1,1,,1,1,3,1,2,2,3,4,4,4,4,4,2,4,4,4,5,3,4,3,5,3,,3,2,1,2,3,5,3,3,4,0,0,0,1,0,0,0,0,,0,0,0,,,,,1,1,0,0,0,"A"
1257,"S16","C061","Centre","technical",22,0.603,0.256,17.3,12,"girl",-0.803,3,1,"majority_language",0,0,6.7,7.3,7,7.7,7.2,6,1,9,9.1,7.6,4,43.5,3,4,5,4,4,2,4,4,4,5,3,4,3,1,4,1,3,1,1,1,,1,1,1,,,,1,,2,2,2,3,3,2,4,1,3,4,3,4,5,5,5,,2,,,4,4,3,1,3,5,5,4,5,5,1,1,0,0,1,1,1,1,1,0,0,0,0.797,0.968,55.8,47.9,1,1,1,0,0,"B"
1258,"S16","C061","Centre","technical",22,0.603,0.256,17,12,"girl",1.613,5,5,"majority_language",0,0,8.5,7.2,6.4,7.1,8.3,1,0,1,7.6,1.6,3,49.2,5,5,4,4,4,4,5,4,4,5,5,4,5,4,5,3,1,1,3,2,2,3,3,1,,,,2,2,1,1,2,2,4,5,5,5,4,4,5,5,5,5,4,3,5,,,4,3,5,4,4,5,5,5,5,5,1,1,1,0,1,1,1,1,1,0,1,0,0.697,-0.803,45.7,50.1,0,1,1,0,0,"B"
1259,"S16","C061","Centre","technical",22,0.603,0.256,17.5,12,"boy",1.237,4,5,"majority_language",0,0,7.8,7.2,7,6.8,5.8,2,1,2,9.2,1.5,4,60.4,3,4,3,3,5,4,5,5,4,4,4,3,3,4,2,1,1,1,1,1,2,1,2,3,,,,1,1,2,2,1,1,5,3,3,3,,,4,4,4,3,5,4,5,,,4,2,1,2,3,5,3,4,5,4,1,0,1,0,1,1,1,0,0,0,0,0,0.759,0,64.8,41.4,1,1,1,0,0,"B"
1260,"S16","C061","Centre","technical",22,0.603,0.256,17.7,12,"boy",1.933,5,5,"majority_language",0,0,7.2,6.7,7.5,7.1,6.8,0,2,0,9.1,3.4,3,58.1,3,3,4,2,4,3,4,4,,,3,3,3,3,4,3,3,1,3,1,1,,1,1,2,1,3,1,1,1,,,,4,5,5,4,4,5,5,,3,4,5,5,4,3,3,4,3,4,4,5,5,4,5,4,3,1,0,1,1,1,0,0,0,0,0,0,0,0.751,0.123,52,46.3,0,1,1,0,0,"C"
1261,"S16","C062","Centre","technical",17,0.603,1.818,14.5,9,"boy",1.65,5,5,"majority_language",0,0,8.1,7.1,7.9,7.4,8.2,0,0,3,5.7,4.8,3,49.5,5,5,5,,5,4,5,5,4,4,4,4,3,3,4,4,3,2,3,1,2,1,2,2,2,2,1,4,2,3,3,2,3,5,5,5,4,5,4,5,5,4,4,4,5,4,3,5,5,4,5,4,4,5,5,4,5,,1,1,1,1,1,1,1,1,0,1,0,0,0.891,0.404,59.7,64.4,1,0,0,0,0,"A"
1262,"S16","C062","Centre","technical",17,0.603,1.818,14.2,9,"boy",1.38,5,5,"majority_language",0,0,7.7,7.5,8,7.1,7.9,2,0,0,9.6,0.8,5,55.9,4,5,4,4,4,4,4,5,5,4,3,3,4,3,4,1,1,1,1,1,1,1,1,1,,1,1,1,1,1,1,3,1,5,4,4,5,4,3,4,4,3,5,4,5,3,2,5,3,3,4,4,4,3,5,4,3,3,1,1,1,1,1,1,1,1,1,1,0,0,0.878,0.238,48.1,45.8,0,1,0,0,0,"A"
1263,"S16","C062","Centre","technical",17,0.603,1.818,14.3,9,"girl",1.239,4,5,"majority_language",0,0,8.1,8.3,8.6,8.3,8.8,1,1,4,8.5,1.3,5,57.4,5,5,5,5,5,5,5,5,5,3,4,5,4,3,4,1,1,1,2,1,1,1,1,1,1,1,1,1,1,1,1,1,1,5,5,5,5,4,5,4,5,4,4,4,4,5,4,5,5,5,4,4,4,5,5,5,5,4,1,1,1,1,1,0,1,1,0,1,0,1,0.801,-0.1,53.3,55.6,0,0,0,0,0,"A"
1264,"S16","C062","Centre","technical",17,0.603,1.818,14.1,9,"girl",1.165,5,5,"majority_language",0,0,7.3,8.4,7.7,7.1,8.2,4,3,1,9.4,2.8,5,49.3,5,5,5,3,4,4,4,,3,4,3,3,4,3,5,1,,2,1,1,1,2,2,2,,,,1,2,1,1,1,1,4,4,5,,5,4,3,5,3,5,4,3,5,,,5,5,5,5,5,5,3,4,4,5,1,1,0,1,0,1,1,0,0,0,0,0,0.695,0.101,49.6,49.3,1,1,1,0,0,"B"
1265,"S16","C062","Centre","technical",17,0.603,1.818,14.6,9,"boy",1.967,5,5,"majority_language",0,0,7.8,8.4,8.2,7.2,7.5,9,1,5,5.5,3.1,3,61.5,3,5,5,3,4,3,5,4,,,5,4,5,4,,1,3,2,1,2,2,,3,,1,,1,3,3,2,,,,2,2,2,3,2,1,2,2,5,5,3,5,2,3,3,5,5,,5,5,3,2,3,2,2,1,1,1,1,1,1,1,0,0,1,0,0,0.925,1.001,57.1,60,1,1,1,0,0,"C"
1266,"S16","C062","Centre","technical",17,0.603,1.818,14.5,9,"boy",-0.092,3,3,"other_language",0,0,7.3,7.7,,6.8,7.4,1,0,,4.3,1,4,49,3,5,4,3,4,4,3,3,,,,,,,,1,1,1,1,,1,1,2,2,1,1,,,,,,,,3,4,4,5,5,5,5,5,5,4,,,,,,4,4,5,4,5,5,5,5,,4,1,,1,1,0,1,0,1,0,0,1,0,,,,,1,1,1,0,1,"C"
1267,"S16","C062","Centre","technical",17,0.603,1.818,14.9,9,"girl",0.657,,1,"majority_language",0,0,8.1,8,7.6,6.2,7.8,7,0,0,6.3,2.2,5,53.2,,4,4,5,4,5,5,5,,,5,5,5,5,5,,1,1,1,2,2,,1,3,1,1,2,1,1,1,,,,3,1,4,4,3,3,4,4,2,3,4,4,5,4,2,5,4,4,2,5,5,5,5,5,5,1,1,1,0,1,0,1,0,0,0,0,0,,,,,1,1,1,0,0,"C"
1268,"S16","C062","Centre","technical",17,0.603,1.818,14.7,9,"girl",0.149,3,1,"majority_language",0,0,7.8,7.4,8.2,7,6.6,3,0,0,7.6,1.7,3,74.5,5,4,4,4,4,5,5,5,5,5,4,5,5,4,4,2,1,2,,1,1,1,1,2,,,,1,1,1,1,1,1,5,5,5,5,5,4,5,5,5,5,5,4,5,,,5,5,5,5,4,5,,5,5,5,1,1,1,0,1,0,0,,1,0,1,0,0.764,-0.371,44.2,45.3,1,1,1,0,0,"B"
1269,"S16","C062","Centre","technical",17,0.603,1.818,15.2,9,"girl",0.474,3,4,"majority_language",0,0,8.2,8.2,8.8,6.5,7.8,1,3,3,10.5,2.4,5,56.9,5,5,5,4,5,5,5,5,,,5,5,5,5,5,2,1,3,4,2,3,3,1,4,1,2,3,1,2,2,,,,5,5,5,5,4,5,5,4,3,4,5,5,3,3,5,5,4,4,4,4,5,5,5,5,5,1,1,1,1,1,1,0,0,0,0,1,0,0.825,0.779,53.7,63,0,1,1,0,0,"C"
1270,"S16","C062","Centre","technical",17,0.603,1.818,14.5,9,"boy",0.914,5,4,"majority_language",0,0,8,8.1,8,7,6.8,6,1,1,8.9,1.3,4,59,5,3,5,5,5,5,4,5,,,5,4,5,5,5,1,2,1,1,1,1,1,1,1,2,1,1,1,2,2,,,,4,5,3,4,5,3,3,3,5,3,4,5,4,5,3,3,4,3,3,4,5,4,5,4,5,1,0,0,0,1,0,1,0,1,0,0,0,,,,,1,1,1,0,0,"C"
1271,"S16","C062","Centre","technical",17,0.603,1.818,15.4,9,"boy",0.356,2,2,"majority_language",0,0,8.2,,,8.9,7.5,1,,,8.7,1.5,3,49.5,4,5,3,4,4,,,,,,,,,,,3,1,1,2,1,1,,,,,,,,,,,,,5,5,5,5,5,,,,,,,,,,,4,4,5,5,3,5,5,4,5,5,1,1,1,1,1,0,1,1,1,1,0,1,0.892,0.627,59.3,55.3,0,1,1,1,1,"C"
1272,"S16","C062","Centre","technical",17,0.603,1.818,14,9,"girl",0.661,3,5,"majority_language",0,0,7.1,7.1,6.5,6.2,6.4,3,1,4,4.1,2.1,3,60.5,4,5,5,4,3,4,5,3,4,4,5,5,5,5,4,3,3,,2,2,1,3,2,2,,,,2,2,1,1,2,1,3,4,2,4,2,5,5,4,5,3,5,5,5,,,4,4,5,4,3,4,4,4,4,4,0,1,1,0,0,0,0,0,0,0,0,0,0.91,-0.926,52,40.8,1,1,1,0,0,"B"
1273,"S16","C062","Centre","technical",17,0.603,1.818,14.6,9,"boy",0.803,3,3,"majority_language",0,0,6.6,6.6,8.2,7.8,8.4,0,2,2,5,3.4,5,59.9,2,2,5,3,3,4,,5,,5,2,4,4,3,4,2,2,2,2,1,3,2,1,1,3,1,1,1,1,1,3,1,2,5,5,5,5,5,5,5,4,5,5,5,5,4,5,5,4,4,4,5,4,4,3,5,5,2,1,1,1,0,1,1,1,1,0,0,0,1,0.779,0.538,46.9,34.4,0,1,0,0,0,"A"
1274,"S16","C062","Centre","technical",17,0.603,1.818,14.5,9,"girl",2.029,5,5,"majority_language",0,0,8.5,8.5,8.7,8.3,8.5,2,1,3,10.4,2.7,5,55.6,5,5,5,5,5,5,5,5,4,5,5,5,3,4,4,3,2,3,3,2,3,3,1,2,,,,3,2,1,3,3,3,5,4,3,5,5,2,2,4,3,3,5,4,4,,,5,5,5,4,5,4,4,3,5,5,1,1,1,1,0,1,1,1,1,1,1,1,0.767,0.708,50.4,51.6,0,1,1,0,0,"B"
1275,"S16","C062","Centre","technical",17,0.603,1.818,14.4,9,"girl",2.282,5,5,"majority_language",0,0,7.8,,,7.1,7.9,3,,,5.1,2.1,5,55,4,3,4,4,5,,,,,,,,,,,1,1,1,2,1,1,,,,,,,,,,,,,5,5,5,5,5,,,,,,,,,,,3,3,2,3,5,5,,5,5,5,1,1,1,1,1,0,0,0,0,1,0,0,0.905,0.127,47.4,58.1,1,1,1,1,1,"A"
1276,"S16","C062","Centre","technical",17,0.603,1.818,14.5,9,"girl",1.304,3,4,"other_language",1,0,8.8,8,7.9,6.5,6.8,0,5,7,4,2.2,4,57,3,5,4,2,3,3,5,4,2,4,3,4,3,3,5,1,1,1,2,1,1,2,3,3,,,,4,4,4,3,3,4,4,5,5,4,2,5,5,4,2,4,5,5,5,,,5,5,5,5,5,5,5,5,4,5,1,1,1,1,1,1,1,1,0,0,,0,0.921,0.617,58.6,59.8,1,1,1,0,0,"B"
1277,"S16","C062","Centre","technical",17,0.603,1.818,14.4,9,"girl",2.087,5,5,"majority_language",0,0,7,8.3,7.7,7.6,8.4,6,2,0,6.2,1.6,2,43.7,5,3,4,4,4,5,5,4,5,3,5,4,2,4,3,2,2,2,1,2,3,1,2,2,3,1,2,3,2,,2,2,1,2,3,4,3,4,,5,5,3,5,5,5,5,2,5,4,3,4,5,2,3,4,4,5,3,0,1,1,1,1,1,0,0,1,0,,0,0.77,0.954,50.7,48.4,1,1,1,0,0,"A"
1278,"S16","C063","Centre","technical",17,0.603,1.191,17.4,12,"girl",0.564,3,5,"majority_language",0,0,7.3,6.5,6.4,7.7,5.9,0,5,2,9.6,1.9,5,48.1,5,5,5,5,4,5,4,5,4,4,4,3,5,2,4,1,1,1,2,1,1,2,2,2,1,3,2,3,3,3,3,2,2,5,5,,4,4,2,3,5,3,4,5,3,5,4,4,4,5,3,4,4,5,4,5,5,5,1,1,1,1,1,,0,0,1,1,1,0,0.665,-0.495,33.9,51.5,1,0,0,0,0,"A"
1279,"S16","C063","Centre","technical",17,0.603,1.191,17.7,12,"girl",1.041,3,3,"majority_language",0,0,6.1,6.5,6.2,6.7,7.4,5,3,4,7.7,2.2,3,57.5,4,5,4,3,4,4,4,3,3,5,5,5,4,4,5,2,2,3,2,1,3,4,3,3,1,2,3,4,3,2,2,2,,5,5,3,4,5,5,5,5,5,5,3,5,4,2,2,2,3,4,4,2,5,4,3,5,3,0,1,1,1,0,0,0,0,1,0,0,0,0.58,-0.436,37.1,52,0,0,1,0,0,"A"
1280,"S16","C063","Centre","technical",17,0.603,1.191,17.4,12,"girl",0.678,5,3,"majority_language",0,0,8.1,7.7,8.2,8.5,7.9,4,4,0,7.6,2.3,5,55.9,5,4,4,4,5,2,5,2,4,4,3,5,,3,5,2,2,3,4,2,2,1,1,,,,,2,1,1,1,1,1,4,4,3,5,5,3,3,2,2,4,4,4,5,,,5,5,5,5,5,4,4,5,4,3,1,1,1,1,1,,1,1,1,1,1,1,0.882,-0.642,64.7,52.1,1,1,1,0,0,"B"
1281,"S16","C063","Centre","technical",17,0.603,1.191,17.1,12,"girl",0.962,3,3,"majority_language",0,0,7.9,7.6,,8.2,6.9,2,1,,7.3,1.6,3,61.6,3,2,4,4,5,5,5,4,4,,,,,,,2,1,1,1,3,3,1,1,2,,,,,,,,,,5,5,3,5,3,3,5,5,5,3,,,,,,5,4,5,4,4,4,4,4,4,3,1,1,0,0,0,1,1,0,0,0,0,0,0.904,1.844,57.7,56.2,0,1,1,0,1,"B"
1282,"S16","C063","Centre","technical",17,0.603,1.191,18.1,12,"boy",0.885,4,4,"majority_language",0,0,7.6,7.2,7.1,8.4,7.2,4,0,3,9.9,2.7,5,56.9,5,5,5,5,4,5,4,5,4,5,4,4,4,5,5,1,1,1,1,1,1,2,1,1,,,,2,3,2,2,2,2,4,4,5,3,4,5,1,4,4,3,4,5,4,,,5,4,4,5,5,4,2,2,3,3,0,,1,0,1,,1,1,0,1,0,0,,,,,1,1,1,0,0,"B"
1283,"S16","C063","Centre","technical",17,0.603,1.191,17.3,12,"boy",0.714,3,3,"majority_language",0,0,7.6,8.2,8,8.3,8.3,3,0,0,7.3,2.3,4,56.8,3,4,3,4,4,4,5,2,,,5,3,,5,5,1,1,1,2,2,1,2,1,1,,2,1,2,2,3,,,,5,3,5,5,5,5,5,5,5,5,5,4,5,4,5,5,4,4,3,5,5,5,4,5,4,1,1,1,1,1,1,1,1,0,0,0,1,0.935,2.185,74.1,79.9,0,1,1,0,0,"C"
1284,"S16","C063","Centre","technical",17,0.603,1.191,17.7,12,"boy",1.603,5,5,"majority_language",0,0,6.9,7,,8.6,7.4,3,2,,6.5,3,4,44.3,3,4,2,4,2,3,4,4,4,2,,,,,,3,3,3,4,4,3,2,2,1,,,,,,,,,,2,3,3,3,4,4,5,4,3,4,,,,,,3,4,2,4,4,4,4,4,4,5,1,1,1,1,1,0,1,1,1,0,0,0,0.838,1.371,59,60.7,0,1,1,0,1,"B"
1285,"S16","C063","Centre","technical",17,0.603,1.191,17.3,12,"boy",0.507,5,4,"majority_language",0,0,8.4,8.2,7.7,8.8,8.2,9,2,1,6.9,2,2,62.5,4,4,4,4,5,4,5,5,3,5,,2,4,4,4,3,1,3,2,1,1,1,1,1,1,1,1,1,1,2,1,1,1,4,3,4,4,4,4,5,3,5,5,,3,5,4,3,5,4,4,5,3,5,3,3,4,5,1,,1,1,1,1,1,1,0,1,1,0,0.626,-0.855,39.5,61.4,1,0,1,0,0,"A"
1286,"S16","C063","Centre","technical",17,0.603,1.191,17.8,12,"boy",0.552,3,4,"majority_language",0,0,7.2,7.7,7.3,6.4,6.4,0,0,0,7.6,0.6,4,62.5,5,5,4,5,4,4,4,3,,,5,5,4,5,5,1,2,1,1,1,1,1,1,1,1,1,2,1,1,2,,,,3,4,3,3,5,4,5,4,4,5,4,5,5,3,4,5,5,3,5,4,4,4,4,4,4,1,0,1,1,1,1,1,1,0,1,0,1,0.707,0.259,58.9,46.2,0,1,1,0,0,"C"
1287,"S16","C063","Centre","technical",17,0.603,1.191,17.8,12,"boy",0.882,4,5,"majority_language",0,0,7.3,7.3,7.8,7.9,6.8,5,4,0,5.2,1.9,5,47.8,2,4,5,2,5,3,3,5,3,5,4,4,4,2,3,1,1,1,1,1,1,1,3,3,,,,2,2,2,3,,1,4,5,4,5,3,3,2,5,3,2,5,5,5,,,4,4,5,5,3,5,5,4,4,3,0,1,1,1,0,0,1,1,1,1,1,0,0.897,0.937,69.4,56.6,0,1,1,0,0,"B"
1288,"S16","C063","Centre","technical",17,0.603,1.191,18,12,"boy",0.478,2,3,"majority_language",1,0,8,7.2,7.4,8,8.2,2,0,1,9.7,1.4,4,57.3,4,4,,5,,5,5,4,5,5,4,5,5,5,5,1,2,1,1,1,1,1,1,1,1,1,1,1,1,2,1,1,1,5,3,4,4,3,4,4,3,4,3,4,5,5,5,5,5,4,3,5,4,4,3,4,,4,1,0,1,1,1,0,1,0,1,0,1,,0.906,0.317,62.5,58.5,1,0,0,0,0,"A"
1289,"S16","C063","Centre","technical",17,0.603,1.191,16.8,12,"boy",0.539,3,3,"majority_language",0,0,7.1,6.6,6.7,9.1,7,0,3,9,5.9,2.7,2,56.5,3,4,2,5,5,4,5,5,,,3,5,5,3,4,3,1,2,3,3,1,2,1,1,3,2,3,,1,3,,,,4,4,3,3,3,3,5,5,5,3,3,,4,1,3,5,5,5,5,5,3,4,5,2,5,1,1,1,1,0,0,0,1,,0,0,0,0.821,0.647,60.7,67.4,1,1,1,0,0,"C"
1290,"S16","C063","Centre","technical",17,0.603,1.191,18,12,"girl",2.095,5,5,"majority_language",0,0,8.2,7.9,7.1,6.8,7.8,0,4,4,8.8,1.4,5,56.7,4,5,5,4,4,4,3,,1,4,3,,3,3,4,1,2,3,1,1,2,2,3,1,,,,1,1,2,2,2,1,5,3,5,5,5,5,,4,4,3,5,4,5,,,4,5,5,5,5,3,3,5,4,3,1,1,1,1,1,1,1,0,1,1,0,0,0.514,0.674,52.9,40.4,0,1,1,0,0,"B"
1291,"S16","C063","Centre","technical",17,0.603,1.191,17.3,12,"boy",-0.218,2,3,"majority_language",0,0,7.3,8.2,8.6,7.9,6.6,1,3,0,4.6,0.7,5,54.1,4,4,4,4,4,4,3,4,3,4,3,4,5,5,4,2,1,,1,1,1,3,1,1,,,,3,1,1,1,1,2,4,5,4,3,4,5,5,5,,3,5,5,5,,,5,4,3,5,5,4,4,5,5,5,1,1,1,0,0,0,0,0,0,0,1,0,0.68,0.21,54.8,51.3,1,1,1,0,0,"B"
1292,"S16","C063","Centre","technical",17,0.603,1.191,17.7,12,"boy",1.592,5,5,"majority_language",1,0,6.9,,,6.9,8,2,,,10.9,3.9,5,62.1,5,4,5,5,5,,,,,,,,,,,1,1,1,2,1,2,,,,,,,,,,,,,4,4,3,3,5,,,,,,,,,,,5,5,3,5,4,4,3,5,4,5,1,1,1,1,1,0,1,0,1,0,0,0,0.901,-0.642,49.2,30.9,0,1,1,1,1,"A"
1293,"S16","C063","Centre","technical",17,0.603,1.191,17.3,12,"girl",1.158,4,4,"majority_language",0,0,7.5,8,7.4,8.5,7,3,0,4,5.7,1.9,3,49.5,5,4,2,5,4,4,4,4,,,5,4,4,5,4,3,1,2,2,,2,4,1,1,3,3,1,1,2,1,,,,3,2,4,2,2,4,4,1,3,2,2,3,3,4,2,3,3,3,5,2,4,3,3,3,1,1,1,1,0,1,0,0,0,0,0,0,1,0.869,0.318,60.4,55.1,1,1,1,0,0,"C"
1294,"S16","C063","Centre","technical",17,0.603,1.191,17.4,12,"girl",0.638,2,4,"majority_language",0,0,8.3,7.3,7.7,7.6,6.7,1,1,1,7.9,1.9,5,54.9,4,4,5,4,5,3,2,4,1,,2,2,2,3,4,1,1,1,1,1,2,1,1,1,1,1,1,3,1,1,2,4,1,5,5,5,5,5,4,5,5,5,5,3,5,4,3,3,5,5,4,5,5,5,5,5,5,5,,1,1,1,1,0,1,1,1,1,0,0,0.81,-0.076,51.6,44.7,1,1,0,0,0,"A"
1295,"S16","C064","Centre","technical",17,0.603,0.029,17.5,12,"boy",-0.402,3,3,"majority_language",1,0,5.6,6.8,5.9,6.5,7.1,2,3,2,4.8,1.9,2,36.9,2,2,2,3,2,3,3,3,4,5,3,3,3,3,2,3,1,1,2,1,3,1,1,2,1,1,1,3,1,2,1,1,2,3,3,3,4,3,2,3,3,2,2,1,4,4,3,2,3,4,2,4,4,3,4,2,2,3,0,1,1,0,1,1,0,1,0,0,1,0,0.554,-0.806,37.6,42.3,0,0,0,0,0,"A"
1296,"S16","C064","Centre","technical",17,0.603,0.029,17.9,12,"another_or_no_answer",1.107,5,4,"majority_language",0,0,7.4,7.4,8.6,7.1,8.3,1,0,1,5.7,0.9,1,60.8,4,4,3,3,3,2,3,5,3,4,3,3,2,3,1,1,2,3,1,1,1,1,1,2,,,,1,2,1,2,1,1,5,5,5,3,3,3,5,5,2,4,3,3,1,,,4,4,3,4,3,3,4,3,4,3,1,1,0,1,1,,0,0,1,0,0,0,0.701,0.722,60.2,58,1,1,1,0,0,"B"
1297,"S16","C064","Centre","technical",17,0.603,0.029,17.5,12,"girl",1.33,4,5,"majority_language",0,0,6.6,7.1,8.2,8,6.5,1,4,2,10.7,2.2,4,56.7,3,4,4,5,5,4,4,4,5,4,5,5,5,5,4,4,3,1,2,3,4,1,4,3,,,,2,1,2,1,1,1,4,5,3,4,3,4,5,4,3,2,4,5,5,,,5,,5,5,3,4,4,4,4,4,1,1,1,1,1,0,0,0,0,0,0,0,0.841,-0.086,43.6,40.1,1,1,1,0,0,"B"
1298,"S16","C064","Centre","technical",17,0.603,0.029,18.1,12,"girl",1.142,5,5,"other_language",0,0,7.2,7.4,7.3,6.5,6.5,5,3,0,4.4,2.6,1,41.9,5,5,4,4,3,5,4,3,5,4,5,5,4,4,4,2,3,3,2,2,,2,1,3,,,,1,2,,1,,2,4,4,5,5,,4,5,4,5,4,5,5,4,,,3,2,2,4,3,4,3,4,4,3,1,1,1,1,0,,,0,0,0,0,0,0.943,0.89,54.5,74.5,1,1,1,0,0,"B"
1299,"S16","C064","Centre","technical",17,0.603,0.029,17.4,12,"girl",-0.013,1,5,"other_language",0,0,6.2,,,6.6,7.9,4,,,6,2.3,5,42.2,4,5,4,5,4,,,,,,,,,,,5,,3,2,1,3,,,,,,,,,,,,,5,4,3,4,5,,,,,,,,,,,2,3,4,3,4,5,5,5,4,3,1,1,0,1,0,0,0,0,1,0,0,0,0.599,-1.187,51.4,37.6,1,1,1,1,1,"B"
1300,"S16","C064","Centre","technical",17,0.603,0.029,17.5,12,"girl",1.086,5,5,"majority_language",0,0,7.8,7.6,7,8.2,7.3,6,1,8,8.4,1.9,2,55.7,3,4,3,3,3,3,3,3,2,5,4,5,5,5,4,2,1,2,1,2,2,2,1,2,1,1,1,1,1,1,2,1,2,3,3,4,3,4,4,3,4,5,4,,4,4,4,5,3,4,3,,3,4,4,3,3,4,0,1,1,1,1,0,0,1,1,0,1,1,0.811,0.031,61.8,51.4,1,0,1,0,0,"A"
1301,"S16","C064","Centre","technical",17,0.603,0.029,17.3,12,"girl",0.835,4,4,"majority_language",0,0,7.2,6.5,7.5,7.8,7.7,4,4,2,5.9,3.7,4,44.1,4,3,5,4,,5,,4,3,4,,5,3,3,3,2,3,,3,4,5,1,,2,,,,2,1,3,3,2,1,4,2,5,4,4,3,2,4,3,,2,4,1,,,5,,2,,3,5,5,4,4,4,1,0,1,1,,1,0,0,0,0,0,0,0.873,1.5,50.8,48.7,1,1,1,0,0,"B"
1302,"S16","C064","Centre","technical",17,0.603,0.029,17.3,12,"girl",0.454,3,5,"majority_language",1,0,7.1,7.5,8.4,6.5,6.6,7,2,0,8.8,1.3,2,52.7,4,5,2,5,3,4,5,4,3,5,5,5,5,5,5,1,,2,4,3,1,2,2,1,1,1,2,1,1,1,3,1,1,4,4,2,4,5,4,4,3,3,5,4,4,5,5,4,4,3,4,4,1,4,3,3,3,3,0,1,0,1,0,1,0,0,,0,0,0,0.752,-0.589,47.5,54.3,1,0,0,0,0,"A"
1303,"S16","C064","Centre","technical",17,0.603,0.029,17.7,12,"girl",0.978,3,3,"other_language",0,0,8.1,7.9,7.2,6.5,8.1,3,2,6,7.3,0.9,5,50.7,5,4,5,4,5,4,5,5,,,5,5,5,5,5,2,,1,1,1,1,2,2,1,1,,5,2,2,1,,,,4,2,5,4,5,3,4,5,1,4,4,5,5,4,4,3,3,3,4,,4,4,5,4,5,1,1,0,1,1,1,1,1,0,0,1,0,,,,,1,1,1,0,0,"C"
1304,"S16","C064","Centre","technical",17,0.603,0.029,17.5,12,"girl",1.015,5,5,"majority_language",0,0,6.9,7.6,8.1,7.5,7.2,2,4,2,6.6,1.6,4,50.7,4,4,4,4,3,5,5,5,3,4,4,5,5,4,5,3,2,3,1,,3,2,3,3,,,,3,3,2,2,3,2,4,5,,5,4,4,5,5,5,3,5,4,4,,,5,5,3,5,,2,4,5,3,4,1,1,1,1,1,1,0,1,1,0,0,1,0.911,0.742,75,63.3,1,1,1,0,0,"B"
1305,"S16","C064","Centre","technical",17,0.603,0.029,17.2,12,"girl",0.025,3,5,"majority_language",0,0,6.6,7.6,7.8,6.3,8.2,0,1,4,2.6,2.5,3,48.6,3,1,3,2,1,4,4,4,2,2,4,2,3,2,4,1,1,1,2,2,1,2,1,2,,,,2,4,3,2,1,2,4,3,3,4,3,4,5,2,5,3,3,2,3,,,5,5,4,4,5,2,3,3,3,,1,1,0,0,0,0,0,1,0,0,0,0,0.834,0.961,49.6,46.7,1,1,1,0,0,"B"
1306,"S16","C064","Centre","technical",17,0.603,0.029,17.8,12,"boy",1.627,4,5,"majority_language",0,0,9.8,9.7,9.4,8.1,8,0,0,2,12.4,2.1,5,59.8,5,5,5,5,5,4,5,3,,,4,5,3,5,5,1,1,1,2,1,3,1,1,1,3,1,1,1,1,1,,,,5,5,4,5,,5,3,5,4,4,5,3,5,3,5,4,5,4,3,4,5,3,4,5,4,1,1,1,1,1,0,1,1,1,1,0,1,0.906,0.711,64.9,62.5,1,1,1,0,0,"C"
1307,"S16","C064","Centre","technical",17,0.603,0.029,17.4,12,"boy",0.435,3,3,"majority_language",0,0,6.7,7.5,,8.7,6.3,1,10,,6.5,2.1,3,46.7,4,4,4,4,5,2,3,2,3,4,,,,,,1,1,2,,2,2,1,3,2,2,2,2,,,,,,,4,4,4,3,4,4,5,3,3,4,,,,,,5,1,2,4,2,3,4,3,3,,1,1,0,0,0,1,1,0,0,1,0,0,0.424,-1.387,36,45.1,1,0,1,0,1,"A"
1308,"S16","C064","Centre","technical",17,0.603,0.029,17.9,12,"boy",1.931,5,4,"majority_language",1,0,7.9,7.4,8,7.3,8.3,0,2,1,7.2,1,5,45.5,5,3,2,4,3,,4,4,5,3,5,5,2,5,2,1,2,1,3,2,1,1,3,2,,,,1,1,1,1,1,1,4,5,4,4,2,3,4,2,3,4,3,4,5,,,5,5,4,4,4,4,5,2,3,4,1,1,1,1,1,1,0,1,1,0,0,0,0.808,-0.356,57,45.4,0,1,1,0,0,"B"
1309,"S16","C064","Centre","technical",17,0.603,0.029,16.6,12,"girl",0.423,4,4,"majority_language",0,0,7.6,7.5,7.9,8.2,7.7,0,2,1,3.9,4.6,4,63.3,4,4,3,5,2,5,4,5,,,4,3,5,4,2,3,3,2,2,1,3,2,1,3,2,1,4,,1,2,,,,5,2,4,2,3,4,3,4,3,4,3,4,4,3,5,3,4,5,3,5,4,3,3,2,3,1,1,1,1,1,1,0,1,1,1,,,0.827,1.56,60.6,50.5,1,1,1,0,0,"C"
1310,"S16","C064","Centre","technical",17,0.603,0.029,17.6,12,"boy",1.238,5,5,"majority_language",0,0,7.6,8,7.4,7.3,7.2,9,0,9,6.5,2.9,2,51,5,5,5,5,4,5,5,5,4,5,4,5,5,5,4,2,2,2,2,1,4,1,1,1,3,1,2,2,4,3,3,2,4,3,2,2,4,2,4,3,3,5,3,4,1,2,1,3,4,4,5,4,4,3,4,3,2,3,1,1,1,0,1,1,1,1,0,0,1,0,0.828,0.778,41.3,51.7,0,0,0,0,0,"A"
1311,"S16","C064","Centre","technical",17,0.603,0.029,17.7,12,"girl",1.855,4,5,"majority_language",0,0,9.2,8.8,8.1,8.4,5.7,2,5,1,6.3,1.7,4,59.9,5,2,5,2,5,2,3,3,3,4,5,4,5,4,4,1,1,2,2,1,1,2,2,3,,,,1,2,2,2,3,1,4,1,2,3,3,3,4,4,3,5,5,5,5,,,5,4,4,5,5,2,3,1,5,3,1,1,1,1,1,1,1,1,1,0,1,0,0.876,0.363,67.9,41.9,0,1,1,0,0,"B"
1312,"S17","C065","South","vocational",22,-1.496,-1.277,17.7,12,"boy",-1.886,2,1,"other_language",0,0,7,6.4,,6.5,5.8,0,1,,5,2.7,2,62.7,3,4,4,5,3,4,2,4,3,4,,,,,,1,1,3,1,2,2,3,3,3,,,,,,,,,,3,,1,1,2,3,1,1,1,2,,,,,,2,2,4,4,3,1,2,2,3,2,1,0,0,0,1,0,0,0,0,0,0,0,0.787,-0.542,51.3,53.2,1,1,1,0,1,"B"
1313,"S17","C065","South","vocational",22,-1.496,-1.277,17.9,12,"girl",-1.234,1,1,"majority_language",0,0,5,5.5,5.2,6.7,5.6,6,4,3,8.9,4.4,2,31.5,5,5,3,4,5,2,2,2,,,3,3,4,4,3,4,3,3,1,3,2,2,4,3,2,2,3,2,2,3,,,,3,4,5,2,3,3,4,4,,4,3,4,3,2,1,1,3,2,3,3,3,3,2,3,4,1,1,1,1,1,0,1,0,1,0,0,0,0.625,-1.626,38.3,40.3,0,1,1,0,0,"C"
1314,"S17","C065","South","vocational",22,-1.496,-1.277,17.4,12,"girl",-1.83,2,2,"majority_language",0,0,5.1,4.9,5.5,5.5,5.2,2,24,12,3.1,3.4,1,44.4,3,1,2,2,3,1,1,2,,,1,1,,3,3,,2,1,1,2,3,2,2,2,3,4,4,3,2,4,,,,3,2,3,4,3,3,3,2,2,3,3,4,4,3,4,1,2,2,2,2,3,5,3,4,3,1,0,0,0,0,0,0,0,,0,0,0,0.369,-2.457,42.8,37.4,1,1,1,0,0,"C"
1315,"S17","C065","South","vocational",22,-1.496,-1.277,17.3,12,"boy",-2.006,2,1,"majority_language",0,0,5.1,5,6.1,6,7.3,11,4,8,9.1,3,1,42.1,4,2,3,5,4,4,3,4,,,3,4,4,5,5,,1,2,3,3,2,3,3,3,1,3,1,2,3,1,,,,1,1,2,1,2,3,4,2,4,3,2,3,3,3,4,4,4,4,3,2,3,4,,3,3,,0,0,1,0,0,1,0,0,,0,0,,,,,1,1,1,0,0,"C"
1316,"S17","C065","South","vocational",22,-1.496,-1.277,18.3,12,"boy",-2.234,1,1,"other_language",0,0,5.3,,,6.6,6.7,1,,,5.3,4.2,3,46,3,3,1,1,1,,,,,,,,,,,2,,1,2,2,1,,,,,,,,,,,,,5,5,3,4,4,,,,,,,,,,,3,3,3,3,3,1,2,3,3,4,1,1,1,0,0,0,0,0,1,0,0,0,0.406,-2.64,31.8,23.2,1,1,1,1,1,"A"
1317,"S17","C065","South","vocational",22,-1.496,-1.277,17.7,12,"boy",-2.874,1,2,"other_language",0,0,5.9,,,5.5,6.9,15,,,2.5,2.2,1,29.7,3,2,1,4,3,,,,,,,,,,,3,4,3,3,5,4,,,,,,,,,,,,,1,1,2,2,1,,,,,,,,,,,,4,4,1,4,2,3,2,1,3,0,0,0,0,1,0,0,0,0,0,0,0,0.599,-0.637,20,20,1,1,1,1,1,"A"
1318,"S17","C065","South","vocational",22,-1.496,-1.277,17.3,12,"boy",-1.345,1,3,"majority_language",0,0,5.9,5.2,,5.9,6.8,12,4,,3.6,2.9,1,34,2,3,2,3,,3,3,,,,,,,,,4,2,3,3,3,1,4,2,1,2,3,3,,,,,,,2,2,1,2,4,3,4,2,1,3,,,,,,1,,2,3,4,2,1,1,1,3,0,0,1,1,0,,0,0,0,,0,0,0.666,0.001,56.1,55,1,1,1,0,1,"C"
1319,"S17","C065","South","vocational",22,-1.496,-1.277,17.2,12,"girl",-2.82,1,1,"other_language",0,1,4.1,,,4.8,4.9,19,,,0,5.8,1,25,1,1,1,2,1,,,,,,,,,,,,,3,,3,5,,,,,,,,,,,,,,,1,1,,,,,,,,,,,,1,1,1,1,1,2,,2,3,,0,0,0,0,,0,,0,0,0,,0,0.393,-1.492,38.8,22.4,1,1,1,1,1,"B"
1320,"S17","C065","South","vocational",22,-1.496,-1.277,17.4,12,"boy",-3.261,1,1,"majority_language",0,0,5.3,,,5,7.5,4,,,3,4.5,5,45,3,4,1,4,3,,,,,,,,,,,2,4,1,1,,4,,,,,,,,,,,,,3,,4,2,3,,,,,,,,,,,1,3,3,2,4,4,3,3,3,2,0,1,0,,1,0,0,0,0,1,0,0,0.842,-0.552,36.8,41.9,1,1,1,1,1,"B"
1321,"S17","C065","South","vocational",22,-1.496,-1.277,17.2,12,"boy",0.063,4,3,"majority_language",0,0,6.6,6.8,5.7,6.2,7.1,3,3,6,3.3,5.6,2,42.6,3,3,3,5,1,3,2,5,4,3,4,3,3,2,2,2,3,2,2,3,1,3,3,2,1,2,3,,2,3,2,2,2,4,3,4,,3,1,1,1,3,2,3,4,5,3,2,5,4,4,3,4,3,4,1,3,2,0,1,1,0,0,1,0,0,1,0,0,0,0.846,0.259,46.1,35.8,1,0,1,0,0,"A"
1322,"S17","C065","South","vocational",22,-1.496,-1.277,16.9,12,"girl",-1.443,1,3,"majority_language",0,0,5.9,5.8,,4.9,5.7,4,2,,8,1.9,1,53.4,2,2,1,,2,1,2,2,2,2,,,,,,,4,2,1,3,,2,2,1,,,,,,,,,,4,3,5,3,5,2,4,4,2,3,,,,,,2,4,3,5,3,3,4,4,5,4,1,,1,0,0,0,0,0,0,0,,,0.623,-0.124,37.6,20,1,1,1,0,1,"B"
1323,"S17","C065","South","vocational",22,-1.496,-1.277,17.5,12,"girl",-2.352,1,1,"other_language",0,1,5.3,4.8,,6.8,6.4,4,7,,2.5,3.5,1,39.4,2,2,3,3,2,3,3,,,,,,,,,4,2,1,,4,,3,2,1,1,4,1,,,,,,,3,4,3,5,3,4,4,2,3,2,,,,,,1,2,3,1,1,4,2,1,4,3,1,0,1,0,0,0,0,1,0,1,0,,,,,,1,1,1,0,1,"C"
1324,"S17","C065","South","vocational",22,-1.496,-1.277,17.7,12,"girl",-1.211,2,1,"majority_language",0,0,5.6,6.4,,5.8,5.5,16,1,,3.8,1.9,2,38.2,2,2,3,1,4,3,3,,3,,,,,,,2,2,1,3,3,1,4,,3,,,,,,,,,,3,2,2,3,2,3,,2,2,1,,,,,,2,2,4,3,4,3,2,1,2,2,1,1,0,0,1,0,0,0,0,0,0,0,0.459,0.966,62,47.4,0,1,1,0,1,"B"
1325,"S17","C065","South","vocational",22,-1.496,-1.277,18.1,12,"girl",-1.855,1,2,"majority_language",0,0,4.6,,,7.1,6.2,19,,,0,2.6,2,36.3,2,3,1,2,3,,,,,,,,,,,5,5,4,5,5,,,,,,,,,,,,,,1,3,1,2,2,,,,,,,,,,,,3,2,2,2,2,1,3,,2,1,0,0,0,1,0,0,0,,0,0,0,0.744,-0.537,46.3,56,1,1,1,1,1,"B"
1326,"S17","C065","South","vocational",22,-1.496,-1.277,17.5,12,"boy",-1.653,1,1,"other_language",0,0,5.9,6,5.7,6.8,5.3,12,15,5,2.3,2.6,1,44.8,4,4,4,3,3,,3,3,3,3,3,,2,4,3,3,5,3,3,,1,3,4,3,3,3,2,5,4,3,3,3,4,1,1,1,1,1,1,1,3,1,1,4,4,3,1,2,1,2,3,2,3,4,4,5,4,3,1,,,1,1,1,,0,1,0,0,0,0.575,-1.506,44.8,46.6,1,1,1,0,0,"A"
1327,"S17","C065","South","vocational",22,-1.496,-1.277,17.5,12,"girl",-1.818,2,1,"majority_language",0,0,5.8,6.1,6.2,5.9,6.6,3,5,16,2.7,3.3,1,38.7,4,3,2,3,5,2,4,2,,,2,1,4,3,3,2,3,3,3,2,5,2,,2,2,3,3,4,3,2,,,,4,3,2,2,4,3,4,2,4,,5,3,3,4,5,,,2,2,3,2,3,2,3,3,1,1,0,1,0,1,,0,0,0,1,0,0.828,0.673,53.3,40.5,1,1,1,0,0,"C"
1328,"S17","C065","South","vocational",22,-1.496,-1.277,17.9,12,"boy",-2.663,1,1,"majority_language",0,1,5.2,4,5.2,5,7.2,2,12,14,0.7,7.3,1,36,3,2,1,3,2,4,3,4,,,4,3,2,5,5,3,3,,3,,3,5,,3,4,5,3,4,3,2,,,,,4,4,,4,4,4,3,5,2,4,5,5,5,2,1,1,3,,2,4,4,5,3,3,1,1,1,1,1,0,0,0,0,0,0,0,0.35,-1.543,45.7,35.9,1,1,1,0,0,"C"
1329,"S17","C065","South","vocational",22,-1.496,-1.277,17,12,"girl",-1.363,2,2,"other_language",1,0,6.1,5,5.2,5.4,6,2,3,11,3.3,1.7,2,37.8,2,2,2,4,3,2,,2,5,3,3,4,,4,3,1,2,1,2,2,2,3,2,1,,,,1,1,2,2,1,2,4,4,3,,3,,2,3,5,3,5,3,5,,,2,1,2,1,3,4,3,3,4,2,0,0,1,0,0,0,0,0,0,0,0,,0.453,-0.324,34.7,21.7,1,1,1,0,0,"B"
1330,"S17","C065","South","vocational",22,-1.496,-1.277,17.1,12,"boy",-2.959,1,1,"other_language",0,0,5.6,,,6.5,6.2,6,,,0,3.1,1,29.7,1,,3,3,,,,,,,,,,,,4,4,5,5,5,,,,,,,,,,,,,,4,,1,2,4,,,,,,,,,,,1,2,,2,2,,,,1,1,1,0,1,1,1,1,1,0,1,0,0,0,,,,,1,1,1,1,1,"A"
1331,"S17","C065","South","vocational",22,-1.496,-1.277,17.4,12,"boy",-2.432,2,1,"other_language",0,0,5.2,5.4,5.2,5.6,4.8,7,22,20,1.4,2.5,2,36.5,1,2,3,3,3,2,4,3,,,3,3,3,2,3,1,3,3,4,4,2,5,5,3,3,3,4,4,4,3,,,,2,2,,2,,2,1,3,2,2,3,1,3,3,2,2,3,2,2,,1,3,2,1,3,0,0,0,0,0,0,0,0,0,0,0,0,0.35,-2.321,37.4,35,1,1,1,0,0,"C"
1332,"S17","C065","South","vocational",22,-1.496,-1.277,17.6,12,"boy",-1.262,2,1,"majority_language",0,0,5.5,5,5.6,5.3,7.2,6,9,3,0,3.5,2,28.6,1,2,1,2,2,2,3,3,1,2,1,2,2,2,3,5,2,3,4,4,4,4,3,2,,,,2,3,1,3,3,3,4,4,4,,4,5,3,2,2,3,2,,4,,,2,4,2,3,3,3,3,3,3,4,1,0,1,0,0,0,0,0,0,0,0,0,0.514,-2.048,34.1,44.8,1,1,1,0,0,"B"
1333,"S17","C065","South","vocational",22,-1.496,-1.277,17.4,12,"boy",-1.459,2,1,"other_language",0,1,5.9,,,7.3,5.1,6,,,1.7,3,3,32,3,3,3,3,3,,,,,,,,,,,3,,4,1,3,3,,,,,,,,,,,,,1,3,2,4,4,,,,,,,,,,,2,2,3,2,1,3,3,3,3,,0,1,1,0,0,0,0,0,0,0,0,0,0.547,0.373,35.9,46.5,1,1,1,1,1,"B"
1334,"S17","C066","South","vocational",19,-1.496,-0.19,14.8,9,"girl",-1.108,1,2,"majority_language",0,0,6.6,,,7.1,6.6,11,,,5.5,7.4,4,35.4,2,,,2,3,,,,,,,,,,,3,,2,3,3,,,,,,,,,,,,,,2,4,5,3,2,,,,,,,,,,,2,2,2,4,3,2,3,3,,3,0,0,0,0,0,1,1,1,0,1,0,0,0.853,0.643,51.7,68.1,1,1,1,1,1,"C"
1335,"S17","C066","South","vocational",19,-1.496,-0.19,13.9,9,"boy",-2.204,1,1,"majority_language",0,0,4.5,,,6.5,7.2,18,,,0.7,5.6,1,36.7,1,1,2,3,1,,,,,,,,,,,3,3,2,3,,3,,,,,,,,,,,,,4,3,2,2,3,,,,,,,,,,,2,3,2,2,2,4,3,1,4,2,0,0,1,0,0,0,0,0,0,0,0,0,,,,,1,1,1,1,1,"C"
1336,"S17","C066","South","vocational",19,-1.496,-0.19,14.4,9,"boy",-2.162,1,1,"majority_language",0,0,5.5,5.7,6.1,5.7,6.6,7,6,1,3.2,4.3,4,44.6,2,2,4,2,4,3,4,3,,,3,4,3,2,2,3,2,2,3,2,1,1,2,2,3,3,3,3,4,2,,,,,,2,4,3,2,,3,2,2,2,4,,2,2,4,4,3,3,2,3,4,4,2,3,1,,0,0,0,0,0,0,0,0,0,0,,,,,1,1,1,0,0,"C"
1337,"S17","C066","South","vocational",19,-1.496,-0.19,14,9,"girl",-1.262,1,,"majority_language",0,0,5.8,6.1,6.5,6.8,5.6,11,4,1,4.6,2.8,1,52.8,,4,3,,3,4,2,3,4,2,4,3,4,3,5,2,2,1,1,4,2,2,3,3,,,,1,2,5,2,3,1,1,2,2,2,2,2,4,1,2,2,2,3,,,,4,4,4,4,2,4,3,4,3,2,1,0,1,1,1,0,1,1,1,0,0,0,0.707,-0.438,44.5,42.7,1,1,1,0,0,"B"
1338,"S17","C066","South","vocational",19,-1.496,-0.19,14,9,"boy",-1.619,2,1,"majority_language",0,0,6.5,6,6.7,7.6,6.3,2,2,5,6.8,9.4,3,31.2,5,4,5,4,3,5,4,5,3,3,5,5,5,3,4,3,3,3,3,3,3,1,2,1,3,1,2,,2,1,2,2,3,4,2,3,4,3,4,4,3,3,3,2,2,2,2,1,2,,2,1,1,1,3,2,3,4,0,1,0,1,1,0,0,1,0,0,0,0,0.726,-0.363,45.2,53.4,1,0,1,0,0,"A"
1339,"S17","C066","South","vocational",19,-1.496,-0.19,14.4,9,"boy",-3.02,1,1,"other_language",1,0,5.6,,,5.5,6.3,15,,,4.8,3.4,2,42.3,2,1,,2,1,,,,,,,,,,,3,,3,2,2,2,,,,,,,,,,,,,2,,1,4,,,,,,,,,,,,3,3,1,3,2,2,,3,2,2,0,0,1,0,0,0,0,0,0,0,0,0,0.482,-0.845,32.1,41.2,1,1,1,1,1,"C"
1340,"S17","C066","South","vocational",19,-1.496,-0.19,13.6,9,"girl",-2.423,1,1,"other_language",1,0,5.4,6.3,,6.7,7.6,15,1,,4.5,7.6,1,32.7,2,2,3,5,5,4,3,3,,5,,,,,,3,2,,3,4,3,4,3,4,2,,5,,,,,,,5,3,,5,4,5,5,5,4,,,,,,,,3,,3,,4,,5,4,5,1,0,1,1,0,1,1,0,0,0,0,0,0.799,-1.535,28.2,58.5,1,1,1,0,1,"A"
1341,"S17","C066","South","vocational",19,-1.496,-0.19,14.8,9,"boy",-0.936,1,1,"majority_language",0,0,6.1,5.8,6.3,6.5,6.8,11,8,6,3.9,2.5,3,44.4,5,4,3,4,4,3,3,5,,3,4,4,3,,,4,3,2,2,3,1,3,,2,,,,1,2,2,3,3,2,4,3,1,,4,4,,4,4,4,4,4,3,,,4,3,4,3,5,2,3,2,2,2,1,0,1,0,0,,1,0,0,0,0,0,,,,,1,1,1,0,0,"B"
1342,"S17","C066","South","vocational",19,-1.496,-0.19,14.8,9,"girl",-1.588,2,2,"other_language",0,0,5.6,6.9,6,8.3,6.4,15,6,5,3,3.1,2,49.8,,5,4,5,5,4,2,3,,,3,3,3,4,5,2,1,3,3,3,2,2,2,1,2,1,1,4,4,3,,,,5,4,4,3,3,5,4,3,3,2,5,4,5,4,3,2,4,1,2,1,3,3,3,2,,1,,,0,0,0,1,0,1,0,0,0,0.565,-0.93,52.9,40.6,1,1,1,0,0,"C"
1343,"S17","C066","South","vocational",19,-1.496,-0.19,14.5,9,"boy",-2.807,1,1,"majority_language",0,0,5.1,,,6.2,6.3,19,,,2.8,2.5,1,44.5,2,2,1,2,4,,,,,,,,,,,1,1,2,2,,2,,,,,,,,,,,,,2,3,2,4,,,,,,,,,,,,2,3,3,3,2,2,1,,1,2,0,0,0,0,0,0,0,,,0,0,0,,,,,1,1,1,1,1,"B"
1344,"S17","C066","South","vocational",19,-1.496,-0.19,15,9,"boy",-0.649,3,2,"majority_language",0,0,6.4,6.3,6.1,6.8,6,7,4,15,3.4,1.4,3,48.7,4,2,4,4,3,2,4,3,,,5,5,5,3,4,2,3,3,2,2,3,1,3,4,1,2,2,5,4,4,,,,2,3,3,3,3,5,5,4,3,4,4,3,2,1,2,2,3,3,4,2,1,3,2,2,5,0,1,0,0,0,1,0,0,0,0,0,0,0.623,-1.176,38.9,29.5,0,1,1,0,0,"C"
1345,"S17","C066","South","vocational",19,-1.496,-0.19,15.2,9,"girl",0.169,2,1,"other_language",1,0,6.9,6.2,7.8,6.9,6.7,4,3,1,7.1,2,3,50.3,3,3,4,5,3,3,3,4,3,3,3,3,2,4,1,2,1,2,1,3,3,1,2,1,2,2,2,2,1,2,1,2,2,3,2,4,5,2,3,4,3,4,3,4,2,5,4,5,3,4,2,,4,4,4,4,3,4,1,1,0,1,1,1,0,0,0,0,0,0,0.874,-1.155,46.8,53,1,0,0,0,0,"A"
1346,"S17","C066","South","vocational",19,-1.496,-0.19,14,9,"boy",-1.35,1,2,"majority_language",0,0,6.2,,,6.1,7.3,41,,,3,6.2,1,40,3,1,4,4,3,,,,,,,,,,,4,,5,,4,4,,,,,,,,,,,,,1,,1,2,1,,,,,,,,,,,,3,5,3,2,,3,5,3,2,1,,1,1,0,1,0,0,1,0,0,0,,,,,1,1,1,1,1,"C"
1347,"S17","C066","South","vocational",19,-1.496,-0.19,14.1,9,"girl",-1.288,1,1,"other_language",1,0,6.2,6.4,5.8,5.9,6.5,8,5,9,10.2,1.1,3,48.6,4,5,4,2,4,3,,3,3,4,1,3,3,2,3,4,5,4,3,4,3,3,3,3,3,3,,4,3,3,3,,4,3,4,3,4,5,3,1,3,3,3,2,3,3,3,4,4,4,3,,4,4,4,3,5,4,1,1,1,0,1,0,1,1,1,0,0,0,0.372,-0.567,50.2,52.6,1,1,1,0,0,"A"
1348,"S17","C066","South","vocational",19,-1.496,-0.19,14.6,9,"girl",-1.063,2,2,"majority_language",0,0,6.3,6.4,5.7,7.6,5.8,17,8,3,8.7,4.6,2,44.4,3,3,3,3,,,4,5,5,4,2,3,3,5,2,5,4,5,5,4,4,4,,5,,,,5,5,4,3,3,3,2,,3,,2,2,4,2,3,,3,3,4,,,4,4,4,4,,1,1,2,2,2,1,1,0,1,0,1,0,1,0,0,0,0,0.786,-0.292,35.2,33.4,1,1,1,0,0,"B"
1349,"S17","C066","South","vocational",19,-1.496,-0.19,14.5,9,"girl",-1.327,1,1,"majority_language",0,0,5.1,4.7,4.9,5.5,5.5,3,2,9,1.2,1.8,1,25,3,2,3,3,3,1,2,1,2,2,2,2,2,3,5,5,4,4,3,5,5,2,2,3,2,4,3,5,4,5,3,,,2,2,2,2,1,1,4,2,3,,3,2,3,2,3,1,3,2,,2,2,,,3,,0,1,0,0,0,1,0,0,0,0,0,0,,,,,1,1,1,0,0,"A"
1350,"S17","C066","South","vocational",19,-1.496,-0.19,14.5,9,"girl",-1.785,2,1,"majority_language",0,0,6.7,6.6,,6.8,7.2,4,10,,8,4.9,2,45.7,3,2,4,3,2,2,2,4,4,2,,,,,,2,2,3,3,3,1,2,2,2,4,3,,,,,,,,1,3,2,2,2,5,5,4,3,,,,,,,2,4,4,4,4,3,3,2,2,1,1,1,1,0,0,0,0,0,0,1,0,0,0.734,-0.842,34.4,40.3,0,1,1,0,1,"A"
1351,"S17","C066","South","vocational",19,-1.496,-0.19,14.3,9,"boy",-1.247,1,1,"other_language",0,0,7.4,6.7,6.8,6.3,8.3,1,4,1,4.8,2.4,5,50.9,2,5,4,4,5,,4,4,,,5,5,,2,5,1,,1,1,3,2,,1,1,1,1,2,,2,3,,,,5,3,4,5,,4,3,3,5,2,3,2,4,2,2,,1,2,2,,4,4,4,3,4,1,1,1,1,0,0,0,0,0,1,0,0,0.868,0.468,56.4,46.6,1,1,1,0,0,"C"
1352,"S17","C066","South","vocational",19,-1.496,-0.19,14.8,9,"girl",-2.148,1,,"majority_language",0,0,6.7,,,6.8,5.3,15,,,2.3,5.2,4,50.9,2,2,2,2,2,,,,,,,,,,,,5,4,5,5,5,,,,,,,,,,,,,,1,1,3,,,,,,,,,,,,,4,2,3,5,2,,2,3,2,1,0,1,1,1,,1,0,0,0,,0,0.623,-0.62,44.9,41.7,1,1,1,1,1,"A"
1353,"S17","C067","South","vocational",30,-1.496,-2.109,16.7,11,"boy",-1.076,3,1,"majority_language",0,0,6.2,5.9,6.1,5.5,6.3,13,8,4,2.4,2.9,2,41.7,2,3,5,4,2,4,3,4,5,,2,3,4,4,4,3,3,4,3,,4,5,4,3,5,4,4,,4,4,3,4,,5,3,2,2,4,4,4,3,5,,3,5,1,4,,,,,2,3,1,1,3,2,4,1,1,1,1,1,0,1,0,0,0,0,0,0.77,-0.946,54.8,52.2,1,1,1,0,0,"A"
1354,"S17","C067","South","vocational",30,-1.496,-2.109,16.8,11,"girl",-1.214,1,2,"majority_language",0,0,6,7.1,6.8,6.7,7.6,0,14,1,4,7.6,4,45.8,2,3,3,4,2,3,3,3,,,2,3,5,3,5,4,3,1,,,3,4,4,4,4,2,3,3,3,3,,,,2,3,3,1,3,2,2,1,2,3,4,4,3,,5,4,3,3,3,5,3,4,3,3,2,0,1,0,1,0,1,0,0,0,0,0,0,0.705,1.266,43.6,55.5,1,1,1,0,0,"C"
1355,"S17","C067","South","vocational",30,-1.496,-2.109,16.2,11,"boy",-1.495,3,1,"majority_language",0,0,5.9,7.1,6.4,6.2,6.9,1,9,5,4.6,3.2,1,31.6,4,3,3,2,3,,1,1,,,2,3,4,4,3,,2,1,3,3,3,2,3,3,3,3,1,2,3,2,,,,1,2,2,3,3,1,3,1,2,2,1,,1,2,1,3,2,2,4,5,1,1,2,1,2,1,1,,1,1,,1,1,1,1,0,0,0.458,-0.325,39.5,59.5,1,1,1,0,0,"C"
1356,"S17","C067","South","vocational",30,-1.496,-2.109,16.8,11,"girl",-2.365,1,1,"majority_language",0,0,5.5,,,6.7,5.7,19,,,3.8,2.5,1,31.9,1,1,3,,3,,,,,,,,,,,,4,3,4,4,2,,,,,,,,,,,,,,3,2,2,,,,,,,,,,,,3,3,1,2,3,1,2,,2,4,1,1,0,0,1,0,0,0,0,0,,0,0.866,-0.37,38.3,43.5,1,1,1,1,1,"B"
1357,"S17","C067","South","vocational",30,-1.496,-2.109,16.3,11,"girl",-2.23,1,1,"majority_language",0,1,4.9,,,5.1,5.3,31,,,0.5,2.3,1,44.7,2,3,3,2,2,,,,,,,,,,,4,3,3,3,,2,,,,,,,,,,,,,3,,2,1,2,,,,,,,,,,,2,,4,3,4,1,3,2,2,3,0,0,0,0,0,0,0,0,0,0,0,0,,,,,1,1,1,1,1,"A"
1358,"S17","C067","South","vocational",30,-1.496,-2.109,16.3,11,"boy",-2.386,2,1,"other_language",1,0,5.8,,,5.6,5.3,9,,,2.9,6.5,1,52.9,3,2,1,5,3,,,,,,,,,,,2,2,,2,,,,,,,,,,,,,,,3,4,3,2,3,,,,,,,,,,,2,4,2,2,3,1,3,,2,2,,0,0,0,0,0,1,0,0,0,0,0,0.854,-0.3,63.3,36,1,1,1,1,1,"C"
1359,"S17","C067","South","vocational",30,-1.496,-2.109,16,11,"girl",-1.44,1,4,"majority_language",0,0,6.1,6.8,6.5,6.7,6.8,4,2,12,5.8,3.5,3,58.1,3,2,3,4,3,3,4,1,2,2,4,2,,3,4,2,2,3,2,1,,1,4,1,1,,2,2,2,2,2,4,2,3,3,1,4,4,4,,2,3,5,2,5,2,3,5,3,3,5,3,5,3,2,2,,1,0,0,0,1,0,1,0,0,0,0,0,0,0.638,0.007,31.3,39.2,1,1,1,0,0,"A"
1360,"S17","C067","South","vocational",30,-1.496,-2.109,16.7,11,"boy",-0.819,4,4,"majority_language",0,0,6.1,6.3,6.5,6.1,7.3,5,3,3,4.1,2.4,2,39.6,5,5,4,2,4,3,4,3,4,5,4,5,3,2,4,1,3,3,3,1,5,2,1,2,2,2,2,3,2,1,1,1,3,2,3,1,2,2,1,2,1,,,3,2,2,3,3,3,5,4,4,3,1,1,2,2,1,1,1,0,0,0,0,0,0,1,1,0,1,0.76,-0.133,38.3,43.8,0,1,0,0,0,"A"
1361,"S17","C067","South","vocational",30,-1.496,-2.109,16.7,11,"girl",-2.317,1,1,"majority_language",0,0,4.7,,,4.6,7.7,7,,,3.3,3.2,1,40.6,2,,1,,3,,,,,,,,,,,4,5,3,3,5,2,,,,,,,,,,,,,5,3,,2,3,,,,,,,,,,,1,1,1,2,3,3,2,1,2,4,,0,1,0,0,0,0,0,0,,0,0,,,,,1,1,1,1,1,"A"
1362,"S17","C067","South","vocational",30,-1.496,-2.109,16.6,11,"boy",-2.279,1,1,"majority_language",0,0,4.2,,,4.9,5.6,58,,,1.7,5.3,1,39.7,1,,1,,1,,,,,,,,,,,4,,,,4,,,,,,,,,,,,,,3,3,1,,2,,,,,,,,,,,2,2,2,,,1,,,,,0,0,,0,0,0,0,0,0,0,0,,,,,,1,1,1,1,1,"A"
1363,"S17","C067","South","vocational",30,-1.496,-2.109,16.6,11,"boy",-1.763,1,1,"majority_language",0,0,6.1,5.6,5.7,4.4,6.4,4,11,1,3.6,2,2,46.8,2,,4,4,3,3,2,4,5,3,3,3,4,4,1,3,3,3,3,2,3,4,,2,1,4,3,,3,3,2,2,3,2,,1,3,1,1,2,2,2,2,4,2,3,3,1,2,1,2,1,3,1,1,,1,1,0,0,1,0,0,0,0,0,0,0,0,0,0.828,0.517,50,59.6,1,1,1,0,0,"A"
1364,"S17","C067","South","vocational",30,-1.496,-2.109,16.8,11,"boy",-2.691,1,1,"other_language",0,0,5.9,5.6,,6.6,4.8,4,5,,5.2,4,1,46.6,2,1,4,5,2,,,,4,4,,,,,,3,1,,2,2,2,2,1,2,,,,,,,,,,3,2,2,3,2,2,2,3,3,2,,,,,,4,4,1,,3,1,1,1,2,4,0,,,,0,0,0,0,0,0,0,0,0.437,-1.388,44,63.2,1,1,1,0,1,"B"
1365,"S17","C067","South","vocational",30,-1.496,-2.109,15.7,11,"girl",-2.012,1,1,"majority_language",0,0,6.3,6.3,5.6,6.3,7.4,22,5,19,2.3,5.2,3,41.7,3,4,,2,2,3,,3,3,2,4,4,5,3,3,5,4,3,4,3,,5,5,4,,,,3,5,4,4,3,,2,4,2,4,,3,,2,2,2,1,4,1,,,,3,2,3,2,1,,1,1,2,0,1,0,,0,1,0,0,0,1,0,0,0.79,0.282,52.6,47.2,1,1,1,0,0,"B"
1366,"S17","C067","South","vocational",30,-1.496,-2.109,16.4,11,"girl",-1.816,2,1,"other_language",0,0,6,,,6.1,4.8,2,,,7.6,6,2,44.2,3,2,,2,2,,,,,,,,,,,2,2,1,3,3,1,,,,,,,,,,,,,2,4,4,2,4,,,,,,,,,,,2,3,3,4,4,2,2,3,3,3,0,1,0,0,0,0,0,0,0,0,0,0,0.809,0.078,38.2,33.5,1,1,1,1,1,"B"
1367,"S17","C067","South","vocational",30,-1.496,-2.109,16.9,11,"girl",-2.408,1,2,"other_language",0,1,4.7,,,5.5,4.2,14,,,1.1,6.6,1,43.2,1,1,1,,2,,,,,,,,,,,3,3,3,3,5,2,,,,,,,,,,,,,1,1,1,1,,,,,,,,,,,,2,2,2,3,1,2,2,1,1,2,0,0,1,0,0,0,0,0,0,0,0,0,,,,,1,1,1,1,1,"C"
1368,"S17","C067","South","vocational",30,-1.496,-2.109,16.7,11,"boy",-0.344,2,3,"majority_language",0,0,6.5,7.3,6.9,6.9,7.8,6,4,5,4.1,1.9,4,47.2,3,,2,2,4,4,3,4,3,4,5,5,,3,4,2,1,3,2,2,2,2,3,1,4,2,3,2,1,,3,2,2,,4,4,4,4,2,3,3,4,3,2,3,4,1,,2,2,2,3,3,2,3,1,2,2,1,1,1,0,1,1,0,1,0,1,0,0,0.755,0.617,49.6,46.6,1,0,1,0,0,"A"
1369,"S17","C067","South","vocational",30,-1.496,-2.109,16.1,11,"girl",-2.262,1,1,"majority_language",0,1,6.8,7,,6.8,6.2,4,3,,1.1,1.8,4,50.6,5,5,,3,5,3,3,5,2,4,,,,,,,3,2,2,1,1,2,2,,2,1,2,,,,,,,4,4,2,4,4,2,5,5,2,2,,,,,,4,4,4,,3,3,2,2,2,3,1,0,0,0,0,1,0,,0,0,0,1,0.637,-0.244,47.7,44.1,1,1,1,0,1,"A"
1370,"S17","C067","South","vocational",30,-1.496,-2.109,17.1,11,"boy",-1.762,1,1,"majority_language",1,1,6.1,7.5,6.3,6,7.6,11,14,5,8.1,6.4,4,50.8,,5,4,4,4,5,3,4,5,5,5,,5,4,5,3,3,4,,5,3,4,,4,,,,2,3,2,3,3,1,1,1,1,1,2,,1,3,1,1,3,3,2,,,4,3,4,,2,2,2,2,3,3,1,1,0,1,0,0,,1,0,0,0,0,0.812,0.623,41.1,55.2,1,1,1,0,0,"B"
1371,"S17","C067","South","vocational",30,-1.496,-2.109,16.4,11,"boy",-1.856,1,1,"majority_language",0,0,6.1,,,5.6,5.3,11,,,3.7,2.4,1,42.1,1,1,1,1,1,,,,,,,,,,,2,3,2,,5,2,,,,,,,,,,,,,2,5,1,5,4,,,,,,,,,,,,,2,4,3,3,2,2,1,2,1,0,0,0,0,0,,0,,0,0,0,0.821,-0.602,53.8,44.5,1,1,1,1,1,"A"
1372,"S17","C067","South","vocational",30,-1.496,-2.109,16.6,11,"girl",-2.232,1,3,"majority_language",0,0,6,,,7.5,7.1,5,,,0,3.5,2,41.8,2,3,3,4,3,,,,,,,,,,,2,3,,4,2,3,,,,,,,,,,,,,2,2,1,1,1,,,,,,,,,,,,2,4,3,3,1,1,1,1,1,1,1,1,1,1,1,0,1,0,0,0,0,0.509,-0.766,47.8,47.6,1,1,1,1,1,"C"
1373,"S17","C067","South","vocational",30,-1.496,-2.109,16.8,11,"girl",-3.121,1,,"other_language",0,0,4.6,5.5,,6,5.5,16,11,,2.9,4.4,1,33.4,1,3,3,3,2,2,,1,,,,,,,,2,2,2,2,,3,1,2,2,,,3,,,,,,,,2,2,2,,,4,,2,1,,,,,,2,2,2,1,1,2,3,2,4,2,1,,1,0,0,0,0,0,1,0,0,0,0.616,-1.721,29,33,1,1,1,0,1,"C"
1374,"S17","C067","South","vocational",30,-1.496,-2.109,16.7,11,"girl",-0.988,2,1,"majority_language",0,0,6.7,6.3,7.4,7.3,6.5,5,1,6,4,2.9,3,40.1,3,3,3,2,2,5,4,,1,2,4,2,4,3,,,3,3,4,4,2,2,3,4,3,3,2,4,3,1,2,4,,1,1,2,1,2,1,1,1,2,2,3,2,2,2,1,4,4,5,3,2,1,1,2,2,,1,1,1,1,0,1,0,0,0,,0,0,0.654,-0.574,43.5,44.3,1,1,1,0,0,"A"
1375,"S17","C067","South","vocational",30,-1.496,-2.109,15.8,11,"boy",-1.937,,1,"other_language",1,0,5.6,5.4,,6.5,5.4,14,5,,6.9,1.4,2,36.5,2,3,,2,4,3,2,2,3,2,,,,,,1,2,,1,1,1,2,2,2,,,,,,,,,,1,2,2,3,2,4,3,2,5,5,,,,,,2,1,1,4,,3,1,2,1,4,,1,0,0,0,0,0,0,,0,0,0,0.531,0.275,41.9,25.7,1,1,1,0,1,"B"
1376,"S17","C067","South","vocational",30,-1.496,-2.109,16.2,11,"girl",-0.488,1,1,"other_language",0,0,7.8,6.6,7,7.6,7.4,2,4,1,2.9,5.6,3,49,5,4,5,3,5,5,4,3,3,3,4,3,3,5,2,4,2,3,3,2,3,3,2,3,,,,,2,3,2,2,3,3,2,2,3,3,2,3,1,2,,4,2,1,,,3,2,4,3,2,2,1,2,2,2,1,0,1,0,1,0,1,0,0,0,0,0,0.731,0.521,49.2,56.5,0,1,1,0,0,"B"
1377,"S17","C067","South","vocational",30,-1.496,-2.109,16.6,11,"girl",-2.353,1,1,"majority_language",0,0,4.8,,,6.8,7.3,12,,,3.5,3.4,2,39,3,2,3,,2,,,,,,,,,,,2,,3,3,5,3,,,,,,,,,,,,,,,2,,,,,,,,,,,,,1,1,2,2,3,3,,2,2,1,0,1,0,1,1,0,0,0,0,0,0,0,0.859,0.163,37.6,50.2,1,1,1,1,1,"A"
1378,"S17","C067","South","vocational",30,-1.496,-2.109,16.6,11,"girl",-1.986,1,2,"other_language",1,0,5.6,,,4,5.6,47,,,2.2,8.6,1,49,1,2,,1,,,,,,,,,,,,5,,,5,5,,,,,,,,,,,,,,1,,,,2,,,,,,,,,,,1,4,,,4,2,2,,2,3,1,1,0,0,0,0,0,0,0,0,0,0,0.69,-0.392,46.2,65.6,1,1,1,1,1,"A"
1379,"S17","C067","South","vocational",30,-1.496,-2.109,16.6,11,"boy",-2.521,1,1,"majority_language",0,0,5.9,6.7,6.9,6.2,5.9,4,4,24,4.2,2.3,1,42,3,4,4,5,4,4,,4,,,3,3,4,3,4,2,3,3,4,5,2,2,1,2,2,3,2,3,4,4,,,,3,3,2,4,3,2,3,3,1,2,1,,2,3,2,3,1,2,,3,2,2,3,3,3,1,0,1,1,0,0,0,0,1,0,0,0,0.62,-0.194,42.6,38,1,1,1,0,0,"C"
1380,"S17","C067","South","vocational",30,-1.496,-2.109,16.6,11,"girl",-2.205,1,1,"majority_language",0,1,5.3,,,4.5,4.5,17,,,2.5,7,1,35,1,2,,,1,,,,,,,,,,,2,4,3,5,5,3,,,,,,,,,,,,,2,2,1,1,2,,,,,,,,,,,1,1,3,1,3,1,1,3,3,1,0,1,0,0,0,0,0,0,0,0,0,0,0.617,-1.511,33.6,45.5,1,1,1,1,1,"B"
1381,"S17","C067","South","vocational",30,-1.496,-2.109,16,11,"girl",-1.446,2,1,"majority_language",0,0,5.6,6.6,,5.4,6.9,17,3,,0.3,6.3,2,40.6,4,2,3,4,4,3,2,3,,,,,,,,2,3,1,2,2,2,2,3,3,3,3,3,,,,,,,2,3,2,4,3,2,4,,2,4,,,,,,2,2,1,2,,1,1,,2,2,,1,0,0,,0,0,1,0,0,0,0,0.632,-2.469,34.2,46.5,1,1,1,0,1,"C"
1382,"S17","C067","South","vocational",30,-1.496,-2.109,16.7,11,"girl",-3.054,1,1,"other_language",0,1,5.7,6.3,,6.1,7.3,15,27,,3,3.7,1,40.5,3,2,,,2,,4,5,3,,,,,,,2,3,3,3,4,3,2,2,3,3,2,3,,,,,,,,,2,3,4,3,4,3,2,3,,,,,,3,4,4,2,2,4,3,2,4,2,1,0,0,0,,1,0,,0,0,0,,,,,,1,1,1,0,1,"A"
1383,"S17","C068","South","vocational",14,-1.496,-0.065,15.4,10,"girl",-3.024,1,1,"other_language",0,0,6.3,,,6.9,6.8,47,,,7.3,7.3,2,44.2,4,4,3,3,2,,,,,,,,,,,3,4,,2,,3,,,,,,,,,,,,,2,3,3,2,1,,,,,,,,,,,,5,,,4,3,3,2,3,1,1,1,0,,0,1,,0,1,0,0,0,,,,,1,1,1,1,1,"C"
1384,"S17","C068","South","vocational",14,-1.496,-0.065,16.1,10,"boy",-1.119,2,1,"majority_language",0,0,5.9,,,6.1,6.5,3,,,2.8,6.1,1,41.4,3,4,3,4,2,,,,,,,,,,,2,2,3,1,1,4,,,,,,,,,,,,,3,4,5,4,2,,,,,,,,,,,2,1,,3,3,3,4,,3,3,1,1,1,1,0,0,0,0,0,0,0,0,,,,,1,1,1,1,1,"B"
1385,"S17","C068","South","vocational",14,-1.496,-0.065,15.1,10,"boy",-2.069,1,1,"majority_language",1,0,5.9,,,7.2,5.3,5,,,6.6,4.3,4,48,4,3,5,2,3,,,,,,,,,,,2,1,2,2,3,3,,,,,,,,,,,,,2,3,4,4,1,,,,,,,,,,,3,2,4,4,3,3,4,3,5,4,1,1,0,1,0,1,0,1,0,,0,0,0.48,1.043,32.7,28.1,1,1,1,1,1,"A"
1386,"S17","C068","South","vocational",14,-1.496,-0.065,15.6,10,"boy",-1.447,1,3,"other_language",0,0,7.3,7.1,,5.2,6.8,4,4,,4.6,2.2,5,51.4,4,5,3,2,4,3,1,2,,,,,,,,1,2,1,1,1,3,1,3,1,1,3,2,,,,,,,4,3,4,5,4,2,2,2,,4,,,,,,4,3,4,3,,3,3,2,3,3,0,1,1,0,0,0,0,0,0,0,0,0,0.619,-0.9,46,48.4,1,1,1,0,1,"C"
1387,"S17","C068","South","vocational",14,-1.496,-0.065,15.8,10,"another_or_no_answer",-0.737,2,1,"majority_language",0,0,6.5,6.2,6.5,6.5,7.3,11,16,6,6.2,2.7,4,49.9,3,5,5,4,2,1,5,3,3,1,4,5,1,4,3,3,2,3,3,2,,1,2,1,3,3,4,3,1,4,3,2,,2,3,2,2,3,2,5,2,2,3,4,3,3,2,4,4,5,3,3,4,3,4,2,3,2,1,1,1,1,,0,1,1,0,1,0,0,0.86,1.535,65.7,67.4,1,0,1,0,0,"A"
1388,"S17","C068","South","vocational",14,-1.496,-0.065,15,10,"girl",-1.58,2,1,"majority_language",0,0,6.1,6,5.9,5.8,5.6,1,0,2,5.8,1.3,2,43.4,3,1,3,3,3,2,,3,4,2,4,2,3,3,3,1,1,1,2,2,3,1,1,2,,,,3,1,2,1,1,1,3,3,2,3,2,3,2,1,3,2,2,2,3,,,2,2,2,1,3,3,3,2,3,2,0,1,0,1,0,0,0,0,0,0,0,1,,,,,1,1,1,0,0,"B"
1389,"S17","C068","South","vocational",14,-1.496,-0.065,15.6,10,"girl",-2.187,1,1,"majority_language",0,1,6.2,,,6.5,6.5,27,,,1.8,1.9,1,49.6,,,3,3,4,,,,,,,,,,,4,1,5,5,3,5,,,,,,,,,,,,,2,4,4,3,4,,,,,,,,,,,,,2,2,1,3,,3,2,3,1,1,1,1,0,0,0,1,0,0,0,0,,,,,1,1,1,1,1,"C"
1390,"S17","C068","South","vocational",14,-1.496,-0.065,15,10,"girl",-1.217,3,1,"other_language",0,0,5.4,5.8,,5.5,6.5,10,5,,0,2.9,2,37.9,3,4,2,2,3,4,4,3,2,,,,,,,1,1,2,3,2,3,4,1,3,,,,,,,,,,4,4,,3,4,5,4,3,,3,,,,,,3,3,,,2,2,4,,3,5,0,1,0,1,1,1,0,0,0,0,0,,0.549,-0.908,31.6,50.9,1,1,1,0,1,"B"
1391,"S17","C068","South","vocational",14,-1.496,-0.065,15.2,10,"girl",0.081,3,3,"majority_language",0,0,6.4,5.8,6.9,6.8,6.2,2,5,15,10.1,5.5,5,61.4,4,5,3,4,4,2,4,3,5,5,3,4,4,3,3,3,3,3,3,2,2,3,4,2,2,4,1,5,3,2,2,,3,2,4,2,2,5,,5,3,,4,2,4,2,5,4,2,4,4,3,4,3,4,3,3,4,1,1,1,0,0,,0,0,0,0,0,0,0.765,-0.401,47.4,42.3,1,1,1,0,0,"A"
1392,"S17","C068","South","vocational",14,-1.496,-0.065,15.6,10,"boy",0.986,4,5,"majority_language",1,0,8.1,7.4,7.3,8.4,8,0,3,4,10.5,4.3,4,56.1,5,,5,5,3,3,2,4,,,4,5,4,5,4,3,2,2,3,2,2,2,4,2,2,1,1,2,3,,,,,2,3,4,3,3,3,5,3,2,5,2,4,4,2,3,5,5,4,5,5,1,4,,3,4,1,1,1,1,1,1,1,1,1,1,1,0,0.902,1.467,56,75.5,1,1,1,0,0,"C"
1393,"S17","C068","South","vocational",14,-1.496,-0.065,15.9,10,"boy",-1.026,2,1,"majority_language",0,0,5.4,6.6,5.6,5.5,7.6,11,14,8,5,3.5,1,36.3,4,4,2,3,3,5,3,3,3,1,4,4,4,2,4,3,3,3,2,,2,4,4,4,,,,3,3,1,2,2,4,,2,,4,3,2,4,3,4,2,2,4,3,,,2,2,2,3,1,1,2,1,1,,1,1,1,1,0,0,0,1,0,0,0,0,0.804,0.528,38.4,45.9,1,1,1,0,0,"B"
1394,"S17","C068","South","vocational",14,-1.496,-0.065,15.6,10,"boy",-1.369,2,1,"majority_language",0,0,6.8,,,7.1,6.5,5,,,1.7,3.7,2,45.4,2,3,4,5,5,,,,,,,,,,,1,2,3,1,1,2,,,,,,,,,,,,,2,5,1,3,3,,,,,,,,,,,3,4,3,2,3,2,3,1,3,,1,1,,1,1,1,0,1,0,0,1,1,0.771,0.787,42.1,45.8,1,1,1,1,1,"A"
1395,"S17","C068","South","vocational",14,-1.496,-0.065,15.3,10,"girl",-1.981,1,1,"majority_language",0,0,5.7,6,7.1,6.5,5.2,12,4,9,4.3,3.4,3,43,4,3,2,3,4,5,5,4,,,5,5,4,4,4,3,1,1,2,3,3,1,3,1,1,2,1,2,4,4,,,,3,2,2,2,2,4,3,2,3,4,,4,3,5,4,3,3,4,3,2,2,1,2,3,2,1,1,1,0,0,1,0,0,0,0,0,0,,,,,1,1,1,0,0,"C"
1396,"S17","C068","South","vocational",14,-1.496,-0.065,15.6,10,"girl",-1.333,1,1,"majority_language",0,0,5.9,6.1,6,6.1,6.1,8,6,11,8.7,3.9,2,51.2,4,4,5,3,4,5,5,4,5,,4,5,,2,2,1,1,2,3,1,3,1,1,1,,,,1,1,1,1,2,2,5,2,3,4,2,4,4,4,4,2,3,3,,,,4,3,4,4,4,4,4,5,3,5,0,0,0,0,0,0,0,0,0,,1,0,0.833,0.692,60.4,44.9,1,1,1,0,0,"B"
1397,"S18","C069","South","vocational",22,-1.137,-0.266,17.7,12,"girl",-0.855,1,1,"other_language",0,0,6.8,7.5,6.7,7.9,5.4,7,3,3,8.7,9.6,1,49.7,4,3,3,2,4,3,4,2,4,3,3,5,4,4,5,3,3,2,3,2,4,3,2,2,,,,,3,2,1,4,2,3,4,4,3,2,4,5,3,3,3,5,,3,,,3,4,,2,3,1,2,,1,3,0,0,1,1,1,1,1,1,0,1,0,1,0.875,-0.562,60,58,1,1,1,0,0,"B"
1398,"S18","C069","South","vocational",22,-1.137,-0.266,17.9,12,"boy",-1.446,1,1,"majority_language",0,0,6.7,6.9,7,7,7.4,1,2,2,3.2,5.4,2,49.1,4,2,4,4,4,4,4,3,2,3,3,3,1,1,3,1,3,2,3,,3,1,2,3,3,3,4,2,3,,3,4,3,4,3,,2,2,4,4,4,,3,5,4,4,2,1,4,3,5,3,5,3,3,2,2,4,1,1,0,1,0,0,0,0,0,0,0,0,0.441,-1.873,41.9,48.5,1,1,1,0,0,"A"
1399,"S18","C069","South","vocational",22,-1.137,-0.266,17.5,12,"boy",1.364,5,5,"majority_language",0,0,6.7,7.4,7.6,7.5,6.5,4,3,2,7.7,2.6,4,53.8,3,2,4,4,2,3,4,5,5,4,4,4,3,5,2,1,1,1,1,1,1,1,1,2,,,,1,1,3,3,2,1,5,5,5,4,4,5,5,5,3,5,4,5,3,,,5,2,4,5,4,5,2,2,4,2,1,0,1,1,1,1,0,0,0,0,0,0,0.651,-0.535,47.7,54.6,0,1,1,0,0,"B"
1400,"S18","C069","South","vocational",22,-1.137,-0.266,17.8,12,"girl",-0.32,2,1,"majority_language",0,0,6.6,6.7,,5.9,6.2,10,0,,4.2,4.1,1,43.1,2,2,2,5,3,3,,2,3,3,,,,,,3,4,2,2,2,2,2,3,2,,,,,,,,,,3,5,5,4,3,5,5,5,4,3,,,,,,4,3,3,4,5,,3,4,4,3,1,1,1,0,1,0,1,0,1,,0,1,0.808,0.427,55.4,67,1,1,1,0,1,"B"
1401,"S18","C069","South","vocational",22,-1.137,-0.266,16.9,12,"boy",1.203,4,3,"majority_language",0,0,8.7,7.8,7.6,7.6,6.8,1,1,2,4.5,0.8,5,46.9,,5,5,,4,5,5,5,5,5,4,4,5,5,3,1,2,1,1,1,1,1,1,1,,,,3,1,2,2,1,2,2,1,2,3,1,3,2,3,2,3,4,3,5,,,5,5,4,3,4,,2,4,4,4,1,1,1,0,1,1,0,0,0,,1,0,,,,,1,1,1,0,0,"B"
1402,"S18","C069","South","vocational",22,-1.137,-0.266,17,12,"boy",-0.5,2,2,"majority_language",0,1,5.7,6.8,6.1,7.3,6.3,1,0,1,6.7,1.2,4,50.7,2,3,2,4,,3,3,3,2,3,3,3,2,5,3,1,2,2,1,1,1,3,1,1,1,2,4,3,1,2,1,,3,2,2,2,4,3,2,2,3,2,,2,4,3,3,3,2,4,2,,4,2,2,1,2,4,1,1,1,1,1,0,0,0,0,0,0,0,0.606,-1.744,40,33.6,1,1,1,0,0,"A"
1403,"S18","C069","South","vocational",22,-1.137,-0.266,17.6,12,"girl",-0.27,4,3,"majority_language",0,0,7.3,7.5,7.3,6.2,7.1,1,5,1,5.1,2,3,37.2,3,3,4,,2,3,5,5,5,4,4,4,5,4,5,1,2,1,3,1,2,2,2,3,,,,2,1,1,1,1,1,4,2,3,1,3,2,2,3,2,3,4,3,4,,,4,5,4,5,5,3,4,2,2,2,1,0,1,0,1,1,0,1,1,0,0,,0.851,-1.084,58.5,55,1,1,1,0,0,"B"
1404,"S18","C069","South","vocational",22,-1.137,-0.266,17.9,12,"girl",-1.458,1,1,"majority_language",0,0,5.8,5.3,5.9,6.2,6.3,10,4,8,6.2,5.7,1,41.7,2,3,2,3,2,4,4,1,3,1,3,2,,2,,4,2,1,,3,2,3,1,1,,,,3,2,4,4,4,3,3,3,3,3,2,3,3,3,4,3,3,5,4,,,4,3,5,3,5,3,3,4,4,2,1,,0,0,0,,1,0,1,0,0,0,0.809,-0.593,51.2,58.7,1,1,1,0,0,"B"
1405,"S18","C069","South","vocational",22,-1.137,-0.266,17.3,12,"another_or_no_answer",-1.086,2,2,"majority_language",1,0,6.6,,,7.2,6.3,3,,,3.8,1.9,1,48.5,3,3,2,3,2,,,,,,,,,,,3,3,2,4,3,,,,,,,,,,,,,,2,2,4,4,2,,,,,,,,,,,2,3,4,3,3,2,2,1,2,2,1,1,1,0,1,1,0,0,0,0,0,0,0.595,-0.999,33.2,36.1,1,1,1,1,1,"C"
1406,"S18","C069","South","vocational",22,-1.137,-0.266,17.7,12,"boy",-0.075,2,3,"majority_language",0,0,5.8,6.4,5,6.1,5.3,17,36,32,4.2,2.6,3,37.2,1,2,1,2,4,4,3,1,,,,3,4,2,4,3,4,4,4,5,2,3,3,4,4,3,3,5,5,4,,,,,4,2,1,1,3,2,3,2,2,4,3,4,4,4,4,5,2,5,4,4,1,1,3,3,1,0,1,0,0,0,0,0,0,0,,,0.831,2.07,45.7,55.8,1,1,1,0,0,"C"
1407,"S18","C069","South","vocational",22,-1.137,-0.266,18.1,12,"boy",-1.586,3,1,"majority_language",0,0,6.6,5.7,,6,5.4,8,7,,0.4,2.5,1,46.6,3,3,2,4,,5,3,5,3,,,,,,,3,3,1,4,3,5,2,3,2,,,,,,,,,,1,5,1,1,2,2,4,2,3,4,,,,,,3,2,3,,2,1,3,2,3,4,,1,1,0,0,0,0,0,0,,,0,0.767,-0.376,31.7,28.2,1,1,1,0,1,"B"
1408,"S18","C069","South","vocational",22,-1.137,-0.266,17.7,12,"girl",0.428,5,5,"majority_language",0,0,7.6,7,6.3,7,7.4,3,2,5,9.9,4.2,2,50.2,4,5,5,4,5,2,4,3,2,2,4,5,4,3,4,1,3,3,2,3,2,1,,2,,2,3,1,2,1,2,3,1,2,4,4,,4,3,4,3,4,3,3,5,4,5,3,5,4,4,5,4,3,4,3,2,4,1,1,1,0,1,1,0,1,1,0,0,0,0.788,0.04,34.8,40.3,1,1,0,0,0,"A"
1409,"S18","C069","South","vocational",22,-1.137,-0.266,17.3,12,"girl",-1.224,1,1,"majority_language",0,0,6.6,7.3,,6.9,7.1,5,2,,5.3,4,2,60.6,3,5,2,5,3,4,4,3,,,,,,,,1,2,2,1,,2,2,3,2,3,1,3,,,,,,,3,3,5,5,3,5,5,5,3,3,,,,,,5,4,5,5,4,,2,3,2,3,0,0,0,1,0,0,0,0,0,0,0,0,0.432,-1.131,33.2,40,1,1,1,0,1,"C"
1410,"S18","C069","South","vocational",22,-1.137,-0.266,17.2,12,"boy",0.721,5,4,"majority_language",0,0,7.7,7.9,,7.3,7.1,4,0,,9.6,2.6,4,63.2,5,5,4,3,5,3,4,3,4,4,,,,,,1,3,1,1,1,1,3,4,2,,,,,,,,,,5,5,3,,5,5,4,5,3,5,,,,,,3,4,3,3,1,2,3,4,4,4,1,1,1,1,0,1,0,1,1,0,0,0,0.902,-0.34,47.9,50.4,1,1,1,0,1,"B"
1411,"S18","C069","South","vocational",22,-1.137,-0.266,17.1,12,"girl",0.517,4,4,"majority_language",0,0,6.7,6.6,6.6,7.1,6.8,13,2,10,3.9,2,3,42.8,4,2,2,1,3,2,1,4,2,3,4,4,4,3,4,3,3,3,2,1,2,2,3,3,3,3,2,2,,2,1,2,1,3,4,3,3,3,1,2,3,2,2,4,3,4,3,3,5,4,2,5,4,2,4,3,4,4,0,1,1,1,0,0,0,,0,,0,0,0.774,-0.641,51.2,42.5,1,0,1,0,0,"A"
1412,"S18","C069","South","vocational",22,-1.137,-0.266,17.3,12,"another_or_no_answer",0.289,4,4,"majority_language",0,0,6.6,5.6,6.1,6.3,8,2,3,0,8,1.8,1,60,3,4,4,4,5,3,4,3,,,3,4,4,4,4,1,1,1,2,,1,2,3,2,1,2,1,1,,3,,,,5,4,4,5,,2,5,3,2,2,2,3,2,1,2,2,2,2,2,3,1,3,1,2,2,0,1,0,0,1,1,0,0,0,0,0,0,0.717,-0.544,51.3,37.4,1,1,1,0,0,"C"
1413,"S18","C069","South","vocational",22,-1.137,-0.266,17.5,12,"boy",-0.889,4,1,"majority_language",0,0,5.7,,,6.4,6.3,49,,,2.6,9.1,1,37.2,1,1,3,,1,,,,,,,,,,,3,,3,1,3,4,,,,,,,,,,,,,3,2,2,1,2,,,,,,,,,,,1,1,2,2,4,,3,3,2,,1,1,1,1,0,0,0,0,0,1,0,0,0.403,0.027,38.6,46.6,1,1,1,1,1,"B"
1414,"S18","C069","South","vocational",22,-1.137,-0.266,17.6,12,"boy",-1.165,1,1,"other_language",0,0,7.4,7.2,,7.6,6.4,10,11,,8,5.7,2,41.6,4,5,3,2,4,,,3,2,,,,,,,3,1,5,4,2,1,3,2,,3,3,4,,,,,,,3,4,4,2,3,,,4,2,3,,,,,,5,1,4,4,5,3,,3,4,3,1,1,1,1,1,,1,0,1,0,0,0,0.651,0.686,53.3,53.3,1,1,1,0,1,"A"
1415,"S18","C069","South","vocational",22,-1.137,-0.266,17.2,12,"girl",-0.382,1,3,"majority_language",0,0,6,6.7,,7,7,12,12,,4.3,3.9,2,43.1,5,4,,3,4,2,2,,1,3,,,,,,2,4,4,4,4,4,2,2,1,,,,,,,,,,2,2,2,,3,5,5,3,5,5,,,,,,4,2,4,5,4,4,3,2,3,2,0,1,1,0,1,1,1,,0,1,0,0,0.625,0.33,52.1,66.4,1,1,1,0,1,"B"
1416,"S18","C069","South","vocational",22,-1.137,-0.266,17.9,12,"boy",0.945,4,5,"majority_language",0,0,7.1,7.5,6.7,5.8,7.3,2,2,2,5.8,4.3,4,47.4,3,5,3,4,4,3,2,2,,,,3,1,3,4,4,4,2,2,1,2,3,2,1,3,2,1,4,3,2,,,,5,4,5,4,4,4,1,3,2,2,3,4,1,4,4,4,5,5,4,3,3,2,3,4,3,1,1,1,0,1,1,0,0,0,0,1,0,0.812,-0.931,55.4,67.2,0,1,1,0,0,"C"
1417,"S18","C069","South","vocational",22,-1.137,-0.266,17.9,12,"girl",-0.159,3,3,"majority_language",0,0,6.5,6.5,7.2,6.5,6.7,0,2,2,5.3,3.8,2,42.6,2,2,5,5,2,4,4,5,5,4,4,4,5,4,4,2,2,2,2,,2,3,3,3,,,,1,3,3,1,3,2,5,3,5,4,3,5,5,4,4,3,,4,5,,,2,3,3,4,2,4,4,3,3,4,1,1,1,1,1,1,1,1,0,0,1,,0.628,-1.514,31.6,41.6,1,1,1,0,0,"B"
1418,"S18","C069","South","vocational",22,-1.137,-0.266,18.2,12,"girl",-0.43,2,1,"majority_language",0,0,5.9,,,5.9,7.8,11,,,7.7,2.7,4,46.9,4,4,4,3,4,,,,,,,,,,,4,3,3,3,2,4,,,,,,,,,,,,,3,,,3,,,,,,,,,,,,4,5,5,5,4,3,4,3,2,4,,1,0,1,,,0,1,0,0,0,0,0.668,0.109,25.1,34.1,1,1,1,1,1,"A"
1419,"S18","C070","South","vocational",20,-1.137,-1.363,14.2,9,"girl",-1.271,1,3,"majority_language",0,0,4.7,,,4.7,5.1,36,,,0.9,3,2,40.2,3,3,3,2,2,,,,,,,,,,,3,2,3,2,5,3,,,,,,,,,,,,,2,3,2,2,5,,,,,,,,,,,3,3,3,3,5,,3,1,3,3,,0,1,0,0,0,0,0,0,0,1,0,0.497,-0.13,35,39.6,1,1,1,1,1,"A"
1420,"S18","C070","South","vocational",20,-1.137,-1.363,14.4,9,"boy",-1.05,3,3,"other_language",1,1,5.6,6.5,6.6,6.2,6.3,4,5,7,5.6,3.4,2,55.1,3,4,4,2,4,5,4,3,2,3,3,,3,1,2,1,3,,2,3,3,2,4,3,,,,2,4,3,2,3,2,5,4,4,4,5,4,5,4,5,4,3,3,4,,,3,2,2,3,,3,2,2,2,2,1,,0,0,0,1,0,1,,0,0,0,0.735,1.256,33.9,40.7,1,1,1,0,0,"B"
1421,"S18","C070","South","vocational",20,-1.137,-1.363,14.7,9,"boy",-0.397,3,3,"majority_language",1,0,7,7,6.2,7.2,4.8,12,4,2,7,2.1,3,48.9,4,5,5,4,4,4,4,4,4,4,1,2,3,2,3,2,2,1,1,3,2,2,,3,3,4,1,2,1,3,1,1,1,1,2,3,2,3,2,2,3,3,4,2,1,2,1,1,2,4,5,5,,4,3,3,4,2,1,1,1,,1,1,1,1,0,0,0,0,0.81,0.216,43.9,43.4,1,1,0,0,0,"A"
1422,"S18","C070","South","vocational",20,-1.137,-1.363,15,9,"girl",-1.012,2,1,"majority_language",0,0,6.2,5.8,6.1,6.3,5.9,3,8,7,4.7,2.7,4,41.3,3,4,3,3,3,2,2,1,,,2,1,4,4,2,4,3,,3,2,3,3,1,3,2,2,1,2,2,3,,,,1,1,3,2,3,2,5,2,4,,2,3,,3,2,,2,2,1,2,1,2,1,2,2,1,1,1,0,0,0,0,1,0,0,0,0,0.683,0.957,45.6,44.8,1,1,1,0,0,"C"
1423,"S18","C070","South","vocational",20,-1.137,-1.363,14.8,9,"girl",-1.272,2,2,"other_language",0,1,6,6.2,,5.8,7,4,7,,3.9,3.7,2,39.8,1,2,3,4,3,2,1,1,2,3,,,,,,2,2,2,1,3,3,3,2,2,,,,,,,,,,3,,4,4,4,4,,3,3,3,,,,,,2,2,1,4,2,4,1,3,2,1,0,1,0,0,0,1,0,0,0,0,0,0,0.848,-1.122,52.4,45.4,1,1,1,0,1,"B"
1424,"S18","C070","South","vocational",20,-1.137,-1.363,14.4,9,"boy",-1.077,2,2,"majority_language",0,0,6.7,8.1,,6.5,6.4,1,0,,2,1.6,3,36.4,3,3,3,,3,4,3,2,4,,,,,,,3,1,1,2,4,3,1,1,2,2,3,2,,,,,,,4,3,4,2,4,5,5,4,3,5,,,,,,2,2,4,3,2,2,2,2,3,1,1,1,1,0,1,0,0,0,0,0,0,1,0.716,-0.307,59.1,24.7,1,1,1,0,1,"A"
1425,"S18","C070","South","vocational",20,-1.137,-1.363,14.9,9,"boy",-1.346,1,1,"majority_language",0,0,5.5,5.3,,6.1,6.8,7,4,,5.5,5,1,42.5,4,4,4,2,4,3,3,1,,,,,,,,1,4,1,2,3,1,1,1,1,,2,2,,,,,,,4,3,5,4,4,3,3,3,3,2,,,,,,3,3,3,2,,2,1,3,4,2,,0,0,0,0,0,,0,0,0,0,0,0.543,-1.571,27.3,46.3,1,1,1,0,1,"C"
1426,"S18","C070","South","vocational",20,-1.137,-1.363,14.2,9,"girl",-1.304,2,1,"other_language",0,1,5.8,5.2,,5.6,6.1,27,4,,5,9,2,50.2,5,4,4,4,,4,5,3,3,5,,,,,,4,4,2,5,3,3,4,3,2,3,2,3,,,,,,,,3,2,3,4,2,3,3,2,,,,,,,3,3,,3,2,1,2,3,2,2,0,0,0,0,0,0,0,0,0,0,0,0,0.477,-0.317,50.2,53.2,1,1,1,0,1,"A"
1427,"S18","C070","South","vocational",20,-1.137,-1.363,15.1,9,"girl",-0.496,2,3,"majority_language",0,0,6.1,6.7,,7.1,5.1,12,2,,1.4,2.4,4,40.2,,3,1,1,2,2,1,3,4,2,,,,,,3,4,2,3,3,2,5,4,4,,,,,,,,,,1,4,4,2,,1,2,,3,,,,,,,2,5,,4,3,5,4,3,,4,0,1,0,0,0,1,0,0,0,0,0,0,,,,,1,1,1,0,1,"B"
1428,"S18","C070","South","vocational",20,-1.137,-1.363,14.7,9,"boy",-1.938,1,1,"majority_language",0,0,5.7,5.8,,5.9,5.5,10,8,,4.4,3.6,2,43.2,3,3,3,4,1,4,2,5,3,3,,,,,,4,3,4,5,3,4,3,3,3,,,,,,,,,,2,2,3,4,3,2,2,2,2,2,,,,,,3,3,2,4,4,3,,2,3,2,0,0,0,0,0,0,0,1,0,0,0,0,,,,,1,1,1,0,1,"B"
1429,"S18","C070","South","vocational",20,-1.137,-1.363,14.3,9,"boy",-1.314,1,1,"majority_language",0,0,6.8,5.4,,7.2,5.4,6,0,,3.2,2.6,2,43.7,3,3,2,5,4,4,2,2,3,3,,,,,,2,3,2,3,4,3,4,3,4,,,,,,,,,,2,3,2,5,4,5,5,3,4,4,,,,,,1,4,4,5,4,4,3,3,4,2,1,,1,0,0,0,0,0,0,,0,0,0.806,-0.208,46,45.9,1,1,1,0,1,"B"
1430,"S18","C070","South","vocational",20,-1.137,-1.363,14,9,"girl",-0.247,3,2,"majority_language",0,0,6,6.8,6.1,6.6,7.1,10,4,3,4.5,4,2,51.2,4,3,4,5,3,3,5,4,3,3,3,3,4,2,3,1,3,1,1,2,2,3,3,1,4,3,2,2,1,1,1,3,3,3,2,4,4,2,1,1,3,3,2,2,4,2,3,4,3,2,3,3,4,3,4,2,4,3,,1,1,1,1,0,0,1,0,0,0,0,0.894,-0.124,47.9,61.2,1,0,0,0,0,"A"
1431,"S18","C070","South","vocational",20,-1.137,-1.363,14.1,9,"boy",-0.005,3,3,"majority_language",0,0,6,5.9,6.4,6,6.5,9,7,2,2.1,2.3,2,45.2,2,4,4,3,3,4,1,,4,,4,4,,4,4,3,1,4,5,3,,2,1,2,,,,1,1,1,4,1,3,4,3,4,,3,1,3,4,2,4,2,4,2,,,3,3,4,5,3,3,3,3,3,3,1,0,0,0,0,0,0,0,0,0,,0,0.663,-2.12,30.5,37.7,1,1,1,0,0,"B"
1432,"S18","C070","South","vocational",20,-1.137,-1.363,13.7,9,"girl",-0.483,2,1,"other_language",0,0,7.7,7.4,5.7,5.7,7.3,8,5,8,4,2.8,4,40.9,3,1,5,2,4,4,3,5,2,3,3,4,3,4,5,2,2,3,1,1,1,2,2,2,,,,4,1,3,3,2,2,3,3,2,2,2,2,1,2,4,4,3,4,2,,,3,3,4,,5,2,2,2,2,3,1,1,1,1,,0,,0,0,0,1,1,0.506,0.086,53.7,52.4,1,1,1,0,0,"B"
1433,"S18","C070","South","vocational",20,-1.137,-1.363,14.6,9,"girl",-0.622,2,2,"majority_language",0,0,6.2,,,7,6.1,3,,,3.3,5.5,3,47.7,3,1,2,2,4,,,,,,,,,,,4,2,2,3,5,3,,,,,,,,,,,,,4,4,3,2,3,,,,,,,,,,,4,4,3,3,2,4,3,4,5,3,1,0,0,0,0,,0,0,1,1,0,0,,,,,1,1,1,1,1,"B"
1434,"S18","C070","South","vocational",20,-1.137,-1.363,14.5,9,"girl",1.418,5,5,"majority_language",0,0,7,6.4,6.8,7.7,6.6,4,3,4,10,2.2,4,58,5,5,4,5,5,4,3,3,5,5,5,3,,4,5,2,4,3,4,3,3,3,3,2,3,2,3,1,2,2,3,1,1,3,4,2,4,4,4,4,3,5,4,4,4,4,3,4,3,,4,5,5,3,2,2,,1,1,1,1,1,1,1,1,1,,0,1,1,0.788,-0.174,54,34.8,1,0,1,0,0,"A"
1435,"S18","C070","South","vocational",20,-1.137,-1.363,14.1,9,"girl",0.506,3,5,"majority_language",0,0,7.8,7.7,7.8,8.7,7.6,3,2,0,7.5,2.8,2,50.4,4,4,5,3,4,3,4,3,5,4,5,4,4,4,3,1,1,2,,3,1,1,2,2,1,1,2,2,3,3,,2,2,2,4,3,4,5,3,4,5,3,4,3,4,2,3,5,4,5,4,4,5,4,3,1,2,3,1,1,1,1,1,1,1,1,1,1,0,1,0.874,1.103,76.8,62.5,1,0,1,0,0,"A"
1436,"S18","C070","South","vocational",20,-1.137,-1.363,14,9,"boy",0.519,3,4,"majority_language",0,0,6.9,6.4,6.7,7.3,6.6,9,5,5,2.7,4.1,1,38.8,3,4,2,5,5,2,2,5,,,5,5,,5,3,4,1,2,2,2,3,3,2,1,3,4,2,2,2,2,,,,3,2,2,,2,3,2,5,3,1,1,1,3,1,2,2,3,2,1,2,,2,,3,2,0,0,0,1,1,0,0,0,1,0,0,0,0.863,0.175,56,52.2,1,1,1,0,0,"C"
1437,"S18","C070","South","vocational",20,-1.137,-1.363,14.2,9,"boy",-0.544,2,1,"majority_language",0,0,5.2,6.5,,5.8,6.1,10,13,,2.7,10,1,31.3,3,4,3,2,2,3,5,2,3,,,,,,,5,2,4,4,5,3,3,3,4,,,,,,,,,,,4,5,2,3,3,4,2,5,2,,,,,,1,,1,2,2,5,4,5,,4,0,0,0,0,0,0,0,0,0,0,0,0,0.755,0.482,51.4,55.6,1,1,1,0,1,"B"
1438,"S18","C070","South","vocational",20,-1.137,-1.363,14.7,9,"girl",0.683,3,3,"majority_language",0,0,7.1,7.7,6.7,6.8,7.5,0,3,4,8,4.3,2,51.5,,3,2,3,5,3,3,5,3,4,4,4,4,5,2,1,1,1,2,1,1,4,5,3,,,,2,3,3,3,3,3,2,5,5,4,5,4,4,4,4,5,5,5,5,,,4,4,5,5,5,5,2,4,3,3,1,1,1,1,1,1,0,1,1,1,1,1,0.813,0.758,49.8,53.4,1,1,1,0,0,"B"
1439,"S18","C071","South","vocational",14,-1.137,-0.695,16.6,11,"girl",0.12,3,2,"majority_language",0,0,6.8,6.4,6.1,6.2,7.3,4,10,3,6.1,2.4,1,47.5,3,4,4,5,5,3,4,3,5,2,3,4,3,3,4,4,3,3,4,3,3,4,3,3,,,,4,2,2,3,1,4,4,2,2,5,4,4,3,3,2,4,3,1,3,,,4,3,3,5,3,4,3,5,2,1,0,1,0,1,,0,0,0,0,0,0,0,0.889,0.729,49.5,58.3,1,1,1,0,0,"B"
1440,"S18","C071","South","vocational",14,-1.137,-0.695,16.7,11,"boy",-1.078,1,2,"majority_language",0,0,5.8,6.2,5.5,6.8,7.6,3,1,2,4.9,5.7,4,42.1,5,3,5,5,5,5,,3,3,3,3,5,4,2,3,4,3,3,1,4,3,2,,2,,,,2,4,2,2,2,3,4,3,3,3,2,2,3,3,3,3,3,5,4,,,,3,2,3,2,2,3,2,2,3,1,1,1,1,,0,0,0,0,0,0,0,0.602,-1.538,40.8,30.5,1,1,1,0,0,"B"
1441,"S18","C071","South","vocational",14,-1.137,-0.695,17.4,11,"boy",0.799,4,5,"majority_language",0,0,5.9,5.3,5.5,6.5,4.8,15,3,3,4.5,2.3,1,48.2,3,3,,2,4,2,3,3,,,4,3,4,2,3,5,3,4,,4,4,3,4,3,1,4,3,4,2,5,,,,2,1,1,1,2,3,2,2,2,4,2,,3,2,2,2,3,2,2,1,2,3,1,1,2,0,0,1,0,0,0,1,0,1,0,0,0,,,,,1,1,1,0,0,"C"
1442,"S18","C071","South","vocational",14,-1.137,-0.695,16.8,11,"boy",-1.121,4,2,"majority_language",1,0,7.3,6.4,7.3,6.6,7,6,2,1,9.8,1.9,4,47,4,4,5,3,4,4,4,5,2,3,3,4,3,4,5,1,1,1,1,2,,1,4,2,,,,3,3,2,3,4,4,3,3,4,2,2,4,,,5,3,4,3,3,,,3,3,2,3,2,3,4,4,2,3,1,1,1,0,1,0,1,1,1,0,1,0,,,,,1,1,1,0,0,"B"
1443,"S18","C071","South","vocational",14,-1.137,-0.695,16.2,11,"girl",-0.452,2,1,"majority_language",0,0,7.3,7.2,7.1,7.3,7.7,3,2,9,6.4,4.4,3,55.4,3,4,4,4,4,4,2,5,,,3,2,4,4,3,1,1,1,1,1,1,2,3,1,2,1,1,2,4,3,,,,4,,3,4,3,5,4,4,5,5,4,5,3,3,,3,4,3,3,3,5,3,4,4,4,1,1,1,0,1,1,1,1,0,0,0,0,0.837,-0.65,48.1,64,1,1,1,0,0,"C"
1444,"S18","C071","South","vocational",14,-1.137,-0.695,16.5,11,"boy",-0.117,4,2,"majority_language",0,0,6.7,6.7,6.7,6.9,7,6,0,0,5.3,1.4,3,43.9,,,4,4,3,5,4,5,5,5,4,3,4,3,3,3,2,2,2,1,4,5,2,,,,,2,2,2,2,2,,5,4,5,4,5,5,4,5,4,5,4,3,4,,,2,3,3,2,1,3,4,5,5,3,1,1,0,1,0,1,1,0,0,0,1,0,0.778,-0.578,50.8,49,1,1,1,0,0,"B"
1445,"S18","C071","South","vocational",14,-1.137,-0.695,16.5,11,"girl",-1.858,1,1,"majority_language",0,0,6.2,5.1,,6,7.5,15,4,,2.4,4.1,2,41.4,2,2,4,2,2,4,3,5,,,,,,,,,3,2,,3,4,4,4,4,2,4,2,,,,,,,2,2,2,3,2,5,4,4,3,4,,,,,,3,,3,,3,2,3,3,3,3,1,0,1,0,1,0,0,0,0,0,0,0,,,,,1,1,1,0,1,"C"
1446,"S18","C071","South","vocational",14,-1.137,-0.695,16.5,11,"boy",-1.066,4,1,"other_language",0,0,5.5,,,6.1,6.1,4,,,0.3,4.5,3,44.1,,2,2,2,2,,,,,,,,,,,3,3,2,3,2,2,,,,,,,,,,,,,2,4,3,3,1,,,,,,,,,,,1,2,4,3,2,3,2,2,1,4,0,0,0,0,0,,0,0,0,0,0,,0.434,-1.741,22.9,45.6,1,1,1,1,1,"C"
1447,"S18","C071","South","vocational",14,-1.137,-0.695,16.5,11,"girl",-1.638,2,2,"other_language",1,0,6.2,6.5,,6.7,6.8,9,7,,3.4,4,2,31.7,3,4,4,4,5,2,4,3,2,2,,,,,,3,3,4,1,3,2,2,2,3,1,2,1,,,,,,,4,2,4,3,3,,5,2,5,3,,,,,,3,4,2,4,3,4,5,,4,4,1,0,1,1,1,1,0,0,1,0,0,0,0.831,1.039,44.6,44,1,1,1,0,1,"A"
1448,"S18","C071","South","vocational",14,-1.137,-0.695,15.9,11,"girl",0.536,4,5,"majority_language",1,0,7.4,7.2,7.3,6.1,7.1,4,6,5,6.9,4.1,4,61.7,3,5,3,5,4,3,3,3,,,3,4,3,5,2,2,1,,4,2,3,2,1,1,2,3,1,4,1,2,,,,3,2,1,2,2,3,4,2,2,2,1,3,1,2,4,5,5,5,4,4,1,2,1,1,2,1,0,1,1,1,1,0,0,0,1,0,0,0.818,0.062,54.2,47,1,1,1,0,0,"C"
1449,"S18","C071","South","vocational",14,-1.137,-0.695,15.5,11,"boy",-0.015,3,3,"majority_language",0,0,7.4,7.1,7.4,7.7,7.2,4,17,8,4.3,2.1,4,41.9,3,2,2,2,4,3,3,2,4,4,3,3,5,4,4,1,1,1,3,2,2,1,1,1,4,3,3,3,3,2,5,3,3,2,3,5,4,2,2,3,3,3,2,2,3,1,,2,3,5,5,3,4,3,4,3,5,3,1,1,1,1,1,1,1,1,1,1,1,1,0.69,-0.329,56.5,51.9,0,0,1,0,0,"A"
1450,"S18","C071","South","vocational",14,-1.137,-0.695,16.3,11,"boy",-0.298,2,3,"majority_language",0,0,6.8,7.3,6.1,7.9,5.6,14,2,0,10.3,1.9,3,42.7,3,3,4,3,4,5,3,2,3,4,4,4,5,3,5,1,1,2,3,3,2,1,2,2,2,3,4,4,3,2,3,3,2,3,2,2,3,4,4,4,4,4,4,4,4,2,,4,5,,,4,5,3,2,2,1,3,1,0,1,,1,0,1,1,0,0,0,0,0.766,0.091,61.5,36.9,1,0,1,0,0,"A"
1451,"S18","C071","South","vocational",14,-1.137,-0.695,16.7,11,"boy",-1.672,1,2,"majority_language",0,0,7,6.9,6.7,6.2,7.1,7,11,6,6,2.3,3,49.6,5,4,4,,3,4,,3,5,3,4,5,4,,2,3,2,1,2,4,2,3,2,2,,,,4,2,4,3,5,2,2,2,,,,3,4,4,5,4,3,3,3,,,,5,3,4,3,5,5,4,4,,1,1,1,1,0,,1,0,1,0,0,0,,,,,1,1,1,0,0,"B"
1452,"S18","C071","South","vocational",14,-1.137,-0.695,17.2,11,"boy",-0.555,3,4,"majority_language",0,0,6.9,,,7.6,7.5,10,,,7.4,1.2,4,63.8,4,3,3,5,5,,,,,,,,,,,3,1,2,2,3,3,,,,,,,,,,,,,2,3,3,3,3,,,,,,,,,,,3,2,,4,5,3,2,3,3,3,0,1,1,1,1,1,0,1,0,0,1,0,0.924,-0.271,41.9,45.2,1,1,1,1,1,"B"
1453,"S18","C072","South","vocational",19,-1.137,-1.359,17.6,12,"another_or_no_answer",-0.608,4,2,"majority_language",1,0,6.5,,,6.8,7,8,,,3.2,1.3,2,54.5,5,5,5,5,5,,,,,,,,,,,4,4,2,3,2,1,,,,,,,,,,,,,2,3,2,3,1,,,,,,,,,,,2,2,4,3,4,3,3,2,,4,1,,0,1,1,,0,0,1,,1,0,0.863,-0.049,59.9,51.4,1,1,1,1,1,"C"
1454,"S18","C072","South","vocational",19,-1.137,-1.359,17.6,12,"boy",-0.077,3,3,"majority_language",0,0,6.8,6.7,6.7,7,6.3,6,4,5,3.7,2.1,1,48.1,3,1,3,1,2,4,4,3,,,3,2,1,5,3,3,2,4,2,3,3,3,3,4,3,2,2,,2,2,,,,4,3,2,4,4,4,4,3,5,3,2,3,3,3,3,3,,4,4,3,4,3,3,5,3,0,0,1,1,0,0,0,0,,0,,0,0.752,-0.323,54.6,44.8,1,1,1,0,0,"C"
1455,"S18","C072","South","vocational",19,-1.137,-1.359,17.7,12,"boy",-0.788,2,3,"majority_language",0,0,6.9,5.9,6,6.6,6.5,17,10,17,8.8,3.7,2,44.6,5,5,4,5,4,5,,4,5,2,,4,4,,3,2,2,2,3,3,3,3,2,1,1,3,,2,2,1,5,2,3,,3,4,3,2,1,2,3,2,3,2,4,3,3,3,4,5,3,5,5,3,4,3,2,3,1,1,1,0,0,1,0,0,0,0,0,0,0.508,-1.132,23.2,27.5,1,1,1,0,0,"A"
1456,"S18","C072","South","vocational",19,-1.137,-1.359,17.4,12,"girl",-0.799,2,3,"majority_language",0,0,6.4,7.4,7,8.9,7.2,5,8,9,9.3,5.6,3,48.8,4,4,5,4,5,1,3,3,,2,4,4,5,2,3,4,3,2,4,4,4,3,3,2,,,,3,4,3,4,,3,2,2,3,2,2,2,2,1,3,2,3,3,4,,,3,5,4,,,2,,3,2,2,1,1,1,1,1,0,1,1,0,1,1,0,0.704,-0.373,49.1,50.8,1,1,1,0,0,"B"
1457,"S18","C072","South","vocational",19,-1.137,-1.359,17.1,12,"boy",0.171,3,2,"majority_language",0,0,6.5,6.4,6.6,7.8,5.8,2,6,2,5.3,1.8,1,41.2,5,4,5,4,2,4,3,4,,,4,5,3,4,3,2,2,4,1,3,3,1,3,2,,2,1,1,1,2,,,,3,4,3,5,2,4,3,5,3,3,,4,2,4,4,2,2,2,3,2,3,2,3,2,3,1,0,1,1,1,1,0,1,0,1,0,0,0.82,1.007,57.8,52.6,0,1,1,0,0,"C"
1458,"S18","C072","South","vocational",19,-1.137,-1.359,18.2,12,"girl",1.926,5,5,"majority_language",0,0,7.2,7.8,8.4,7.1,7.5,0,1,0,9.6,2.5,5,59.8,3,4,5,5,4,3,3,4,4,4,3,3,3,4,3,4,4,2,1,1,1,1,2,2,1,1,2,4,3,3,4,1,4,5,4,2,4,4,4,4,2,4,2,4,4,,4,4,4,4,5,5,4,3,2,3,2,2,1,1,1,1,0,1,1,0,1,0,1,0,0.624,0.48,54.7,58.5,0,0,1,0,0,"A"
1459,"S18","C072","South","vocational",19,-1.137,-1.359,17.5,12,"girl",-2.085,1,,"majority_language",1,0,5.3,6.4,,6.2,6.3,6,6,,0,4.7,1,38.5,2,3,3,3,4,3,3,4,2,3,,,,,,5,3,4,2,4,3,5,4,1,,,,,,,,,,2,2,1,3,4,3,4,2,4,4,,,,,,,5,3,2,5,2,1,3,2,2,1,0,,0,0,1,0,0,0,1,0,0,0.467,-0.116,47.1,40.2,1,1,1,0,1,"B"
1460,"S18","C072","South","vocational",19,-1.137,-1.359,17.7,12,"girl",-0.244,1,2,"majority_language",0,0,7.2,6.6,,5.8,7.1,2,6,,5,2.8,3,37.2,,4,2,4,2,4,2,3,,,,,,,,2,3,4,3,3,2,3,,2,2,1,3,,,,,,,,2,2,3,4,2,3,3,2,4,,,,,,3,2,2,3,2,2,2,1,3,3,1,1,,1,0,0,0,0,0,0,0,0,0.77,-0.164,62.4,39.9,1,1,1,0,1,"C"
1461,"S18","C072","South","vocational",19,-1.137,-1.359,17.4,12,"girl",0.699,5,3,"majority_language",0,0,7,6.7,5.5,7,5.7,3,10,6,6.9,3.8,2,44.8,4,4,2,1,4,3,4,4,1,2,4,2,2,2,3,,3,3,3,4,3,3,3,4,3,4,3,4,2,4,3,3,4,,4,2,3,3,3,2,3,4,3,3,,4,3,2,4,5,4,5,5,2,2,2,4,3,1,0,1,1,0,0,0,0,0,0,0,1,,,,,1,0,1,0,0,"A"
1462,"S18","C072","South","vocational",19,-1.137,-1.359,17.5,12,"boy",0.698,3,2,"majority_language",0,0,8.3,7.7,7.5,7.6,7.8,2,1,1,9,3.4,5,48.6,3,5,4,4,4,5,5,3,,,4,5,3,2,4,2,1,2,2,1,,1,1,1,2,1,2,1,1,2,,,,3,3,3,3,2,2,4,2,3,3,4,5,2,2,5,4,5,4,5,5,3,2,3,2,1,1,1,1,1,1,1,0,0,0,1,0,0,0.415,-0.659,53.1,49.2,1,1,1,0,0,"C"
1463,"S18","C072","South","vocational",19,-1.137,-1.359,16.7,12,"girl",-1.003,4,3,"majority_language",0,0,5.8,5.8,6,5.6,5.8,3,2,4,5,4,1,49.7,1,2,2,2,4,,,2,3,1,1,,2,2,1,3,2,2,2,2,2,4,4,2,,,,3,4,4,3,3,2,3,3,3,,4,3,3,2,4,3,,2,1,,,3,5,4,4,5,3,2,4,3,3,0,1,0,0,1,0,0,1,0,0,0,1,0.522,-0.291,38.5,39.8,1,1,1,0,0,"B"
1464,"S18","C072","South","vocational",19,-1.137,-1.359,17.2,12,"boy",0.045,2,2,"majority_language",1,1,6.4,,,6.6,7.5,2,,,6.4,3.4,3,54.9,3,2,3,4,,,,,,,,,,,,3,3,2,3,2,2,,,,,,,,,,,,,4,2,3,4,4,,,,,,,,,,,3,2,4,4,5,2,3,,2,1,0,0,0,1,0,1,1,0,0,0,0,0,0.69,0.07,41.4,39.2,1,1,1,1,1,"C"
1465,"S18","C072","South","vocational",19,-1.137,-1.359,17.6,12,"boy",1.124,5,3,"majority_language",0,0,8,6.8,6.5,6.7,6.3,7,7,4,7.3,1.3,4,47.5,4,3,5,5,,4,3,3,,,5,4,,4,5,3,2,,3,3,3,1,2,2,2,2,2,1,2,2,,,,2,3,2,2,3,2,4,1,2,4,3,,3,4,4,4,,3,4,3,2,2,,1,1,1,1,1,1,1,0,1,1,1,0,0,0,0.896,1.704,57.7,60.8,1,1,1,0,0,"C"
1466,"S18","C072","South","vocational",19,-1.137,-1.359,17.6,12,"boy",-0.056,4,3,"majority_language",0,0,7.2,7.4,,8,5.7,12,11,,4.5,2.5,4,41.6,3,4,4,,2,4,,3,,,,,,,,4,5,4,3,5,3,3,5,4,3,3,4,,,,,,,1,1,1,4,,1,2,2,2,,,,,,,5,4,3,4,3,1,2,2,1,2,1,1,1,0,0,1,1,0,0,0,0,0,0.6,-1.681,55.4,49,1,1,1,0,1,"C"
1467,"S18","C072","South","vocational",19,-1.137,-1.359,17.4,12,"girl",-1.744,1,1,"other_language",0,0,5.2,,,6.9,7.2,8,,,4.7,2.3,2,48.8,3,4,3,3,3,,,,,,,,,,,4,5,4,3,2,3,,,,,,,,,,,,,2,1,3,2,2,,,,,,,,,,,5,1,3,2,2,2,3,3,3,3,0,,0,0,0,0,0,1,0,0,0,0,0.84,-0.47,31.4,43.4,1,1,1,1,1,"A"
1468,"S18","C072","South","vocational",19,-1.137,-1.359,17,12,"boy",-0.499,1,2,"majority_language",0,0,6.5,7.1,,5.9,7.3,6,4,,7.9,1.9,3,54.4,2,2,,4,5,4,3,4,,,,,,,,3,3,3,3,4,3,,3,2,5,4,2,,,,,,,3,5,3,4,,3,3,3,,3,,,,,,4,4,2,,3,2,4,,2,3,1,0,0,0,0,0,0,0,0,0,0,0,0.717,0.656,67.8,58.8,1,1,1,0,1,"C"
1469,"S18","C072","South","vocational",19,-1.137,-1.359,17.8,12,"boy",0.141,3,3,"majority_language",0,0,8.3,7.6,7.9,8.5,6.3,6,4,0,5.3,3.2,3,55.3,4,4,4,3,4,5,5,4,,,3,4,2,3,4,2,2,3,2,2,2,3,2,2,1,3,3,3,,2,,,,4,3,4,3,2,4,4,3,3,3,3,3,2,3,4,4,4,4,4,,2,1,3,4,3,1,1,1,1,1,0,1,0,0,0,1,,0.956,1.055,79.6,79.1,1,1,1,0,0,"C"
1470,"S18","C072","South","vocational",19,-1.137,-1.359,17,12,"girl",0.799,5,5,"majority_language",0,0,8,7.8,8,7.3,6.8,1,1,3,6.2,2.6,1,42.9,4,,3,4,5,4,4,5,,,3,5,2,4,4,2,2,,1,2,3,2,3,1,3,1,2,2,4,2,,,,4,1,1,2,,2,2,3,2,3,1,3,2,2,3,2,3,3,2,2,3,3,2,2,4,1,1,1,1,1,1,1,1,1,1,0,1,0.971,0.905,54.5,62.8,1,1,1,0,0,"C"
1471,"S18","C072","South","vocational",19,-1.137,-1.359,17.3,12,"boy",-0.31,3,3,"majority_language",0,0,6.5,5.9,,6.4,7,24,31,,0.7,2.3,4,44.9,2,3,,4,3,2,3,2,,,,,,,,3,4,5,4,5,3,5,5,4,,4,5,,,,,,,,2,2,2,1,1,2,1,2,1,,,,,,4,,4,5,4,2,2,1,,1,1,0,1,,1,1,,0,1,1,0,0,0.693,-0.2,41.7,54.9,1,1,1,0,1,"C"
1472,"S19","C073","North","general",18,-0.481,-0.15,17.5,12,"boy",-0.599,2,2,"majority_language",0,0,7.1,8.1,8.1,7,6.3,5,10,5,4.7,2.6,2,48.9,3,5,2,5,,2,3,3,5,4,4,4,4,5,4,1,2,2,2,2,1,4,3,3,3,2,3,3,5,4,5,4,3,4,4,4,3,5,3,4,,4,4,5,5,5,5,,4,3,2,2,3,3,3,4,4,3,1,1,1,1,1,1,1,0,0,0,0,0,0.93,0.268,61.1,49.3,1,1,1,0,0,"A"
1473,"S19","C073","North","general",18,-0.481,-0.15,17.3,12,"boy",0.39,4,4,"other_language",0,0,6.6,6.3,,6.8,7.9,2,1,,6.2,2.6,4,62.9,4,5,4,4,,4,3,2,,,,,,,,1,1,2,1,3,3,2,1,2,2,2,2,,,,,,,5,4,5,5,4,5,5,5,5,4,,,,,,5,5,5,4,5,4,3,,2,2,1,1,1,1,1,1,1,1,1,1,1,0,0.695,-0.213,38.6,44.4,1,1,1,0,1,"C"
1474,"S19","C073","North","general",18,-0.481,-0.15,17.1,12,"boy",0.993,4,4,"majority_language",1,0,7.7,7.4,8,7.9,7.6,0,5,1,4.4,2.2,2,52.7,4,5,4,2,5,3,4,4,,,3,5,4,4,5,1,1,1,1,2,1,1,3,2,2,2,3,3,3,1,,,,5,5,5,5,5,4,4,3,2,3,2,4,2,1,3,3,3,2,,3,1,2,2,1,2,1,1,,0,0,1,0,1,1,1,1,0,0.952,0.785,67,58,1,1,1,0,0,"C"
1475,"S19","C073","North","general",18,-0.481,-0.15,17.5,12,"girl",1.296,5,3,"majority_language",0,0,7.8,,,6.4,6.3,3,,,7.1,2.1,4,53.1,2,4,3,5,5,,,,,,,,,,,,2,3,3,3,2,,,,,,,,,,,,,3,3,3,3,4,,,,,,,,,,,1,3,3,2,4,5,4,4,4,3,1,1,1,0,1,,0,0,1,0,1,0,0.821,0.416,59.3,59.7,1,1,1,1,1,"B"
1476,"S19","C073","North","general",18,-0.481,-0.15,16.8,12,"girl",0.46,4,5,"majority_language",0,0,7.9,7.8,6.9,6.1,6.7,8,0,0,7.5,5,3,60.8,3,4,4,2,4,4,4,3,2,4,,5,4,3,,1,3,2,2,3,1,1,3,3,1,2,2,4,2,4,4,3,2,3,3,2,5,,4,2,,,1,3,4,4,4,4,5,5,4,5,4,3,1,4,4,4,1,,1,1,1,0,0,0,0,1,0,1,0.951,0.461,61.3,62.6,1,1,1,0,0,"A"
1477,"S19","C073","North","general",18,-0.481,-0.15,17.5,12,"boy",-0.115,4,4,"majority_language",0,0,6.2,6.5,6.9,6.1,5.8,0,6,3,2,1.9,3,49.7,2,4,3,2,1,4,4,2,2,4,3,4,4,3,,1,2,3,2,2,2,2,3,3,2,3,2,1,2,2,2,1,3,1,2,4,2,3,3,3,4,5,5,4,4,3,5,4,,3,3,1,3,2,4,3,3,5,0,1,1,1,1,0,1,0,1,0,0,0,0.525,-1.58,20,35.1,1,0,1,0,0,"A"
1478,"S19","C073","North","general",18,-0.481,-0.15,17.8,12,"girl",0.701,3,3,"majority_language",0,0,7.7,7.1,6.3,7.3,6.1,4,1,1,9.5,2.4,4,48.9,4,4,3,4,5,4,5,4,,,4,4,5,4,3,1,1,1,1,1,2,3,1,3,2,3,2,2,2,3,,,,3,3,5,4,3,3,2,1,2,2,2,2,4,4,4,3,4,4,2,5,3,2,4,2,2,0,0,1,0,0,0,0,0,0,1,0,0,0.801,0.712,39.7,47.4,0,1,1,0,0,"C"
1479,"S19","C073","North","general",18,-0.481,-0.15,17.2,12,"girl",0.57,4,4,"majority_language",0,0,6.3,6.6,7.2,5.9,6.4,0,0,2,5.2,6.9,3,48.9,4,4,4,4,3,3,3,3,2,3,1,2,1,2,2,1,2,2,1,2,1,2,1,1,,,,2,2,1,3,3,1,4,3,4,2,4,4,4,4,3,5,4,4,4,,,2,4,3,3,2,4,5,2,3,3,0,1,0,1,1,0,0,0,0,0,0,0,0.567,-1.617,35.2,44.1,0,1,1,0,0,"B"
1480,"S19","C073","North","general",18,-0.481,-0.15,17.6,12,"girl",-0.391,,2,"majority_language",0,0,6.5,7.4,7.4,5.5,6.9,1,0,1,5.2,1.7,3,46.3,5,4,4,4,4,5,4,3,4,4,4,4,1,4,2,2,1,2,2,3,1,1,2,4,3,1,2,2,2,2,3,2,1,3,3,4,5,4,4,4,5,5,5,5,5,4,4,3,3,5,5,3,4,4,3,2,4,3,1,0,1,0,0,0,,0,0,0,0,0,0.646,0.358,51.3,42.7,1,0,0,0,0,"A"
1481,"S19","C073","North","general",18,-0.481,-0.15,17.6,12,"boy",1.446,5,4,"majority_language",0,0,7.8,8.4,7.8,7.8,7.7,0,5,4,8,1.5,4,59.5,3,5,5,5,4,5,3,5,4,4,5,4,5,2,5,1,2,2,3,3,3,1,1,1,,,,1,1,1,1,1,1,5,5,2,5,3,,4,4,3,3,4,5,5,,,3,4,5,5,5,5,3,4,4,4,1,1,1,1,1,1,0,0,0,1,0,0,0.773,-0.227,50.8,56.7,0,1,1,0,0,"B"
1482,"S19","C073","North","general",18,-0.481,-0.15,17.9,12,"boy",0.526,4,4,"majority_language",0,0,7,7.2,7.1,7.1,7.3,0,2,2,7.7,1.9,3,56.1,4,5,4,5,4,4,5,4,,,5,5,5,5,5,2,1,1,4,3,,1,2,1,1,3,1,2,,1,,,,3,3,4,4,2,4,5,2,5,4,5,5,1,3,3,5,4,4,4,5,4,4,5,5,5,1,1,1,1,1,0,1,1,0,1,0,0,0.834,-0.639,69.9,45.9,1,1,1,0,0,"C"
1483,"S19","C073","North","general",18,-0.481,-0.15,16.5,12,"girl",-1.378,1,2,"majority_language",0,0,7.2,6.4,,6.3,7.1,3,8,,3.8,2.6,1,33.8,4,3,4,3,3,3,1,3,2,5,,,,,,2,3,3,3,4,1,2,2,2,,,,,,,,,,3,2,1,1,3,2,2,4,1,2,,,,,,3,4,3,5,2,3,2,3,2,,0,0,1,0,1,0,0,0,0,0,0,0,0.697,1.238,44.4,56.3,1,1,1,0,1,"B"
1484,"S19","C073","North","general",18,-0.481,-0.15,18.1,12,"girl",0.975,2,3,"majority_language",0,0,7.3,6.8,7.1,7.6,7.7,4,2,7,10,4.5,5,56.5,2,5,4,5,4,4,4,3,3,4,3,3,4,5,5,2,2,1,2,4,2,,1,1,,,,1,2,2,1,1,1,3,3,4,5,4,2,4,3,3,2,5,5,5,,,3,5,2,3,3,4,5,4,3,5,,1,1,1,0,0,0,0,0,0,0,1,0.667,-0.427,46.9,45.7,1,1,1,0,0,"B"
1485,"S19","C073","North","general",18,-0.481,-0.15,17.1,12,"girl",1.345,5,5,"majority_language",0,0,7.8,,,7.3,7.6,5,,,7,1.6,4,55.9,2,2,2,2,3,,,,,,,,,,,1,1,1,1,3,1,,,,,,,,,,,,,2,3,4,2,2,,,,,,,,,,,5,4,5,,5,5,3,4,3,5,1,1,0,1,1,1,1,1,0,0,0,0,0.728,0.798,71.1,52.3,1,1,1,1,1,"A"
1486,"S19","C073","North","general",18,-0.481,-0.15,17.4,12,"boy",-0.629,2,2,"other_language",1,0,8,8.1,6.9,6.9,7,3,0,3,10.5,1.8,5,59.9,5,5,4,5,5,5,4,5,4,5,4,4,4,4,4,1,1,1,1,1,1,1,1,1,,,,1,1,1,1,1,2,5,5,5,5,4,5,4,3,3,4,3,3,4,,,4,3,4,3,4,4,5,5,5,4,1,1,1,1,0,1,1,0,0,0,0,0,0.735,0.297,58,43.6,0,1,1,0,0,"B"
1487,"S19","C073","North","general",18,-0.481,-0.15,18.2,12,"boy",-0.977,3,,"majority_language",0,0,5.7,5.7,5.7,7.1,7.3,4,16,10,1,4.3,3,38.5,3,2,4,2,4,4,3,4,3,2,4,3,3,2,3,3,3,2,,3,4,4,,3,,,,,3,4,5,3,3,2,3,2,4,3,4,2,3,4,4,4,5,3,,,4,5,4,3,3,2,1,2,1,2,0,0,0,0,0,1,1,0,0,0,0,,0.714,-0.605,45.5,44.5,1,1,1,0,0,"B"
1488,"S19","C073","North","general",18,-0.481,-0.15,17.5,12,"boy",-0.833,1,2,"majority_language",0,0,7.8,7.9,7.5,7.5,7,0,3,0,7.6,2,4,54.1,5,3,5,3,4,5,2,4,,,4,3,4,2,3,3,3,2,3,3,4,1,3,2,2,1,2,1,3,2,,,,5,4,2,4,3,3,5,2,4,5,4,4,1,,,5,3,5,,5,3,,1,1,4,1,1,,1,0,0,1,1,1,1,,0,0.893,0.293,47.6,57.3,1,1,1,0,0,"C"
1489,"S19","C073","North","general",18,-0.481,-0.15,17.3,12,"girl",1.226,4,5,"majority_language",0,0,7.5,6.8,6.6,7.4,7.4,5,1,2,9.5,2.8,3,54.6,4,4,3,3,5,3,4,4,4,4,3,4,3,4,1,1,1,3,4,2,4,2,1,,,,,2,3,1,3,2,3,4,4,4,3,2,2,3,2,2,3,2,4,1,,,3,4,2,,3,1,1,2,,1,1,1,1,1,0,1,1,1,0,1,0,0,0.923,-0.453,44.2,49,1,1,1,0,0,"B"
1490,"S19","C074","North","general",23,-0.481,-0.938,16.7,11,"boy",-0.105,3,4,"majority_language",0,0,6.7,7.5,7,7.5,7,0,3,4,9.2,1.9,5,61.2,5,5,5,5,4,5,5,5,5,5,2,4,4,4,3,1,1,1,1,1,1,1,1,1,2,1,1,1,1,1,3,3,1,5,3,3,2,3,3,,5,5,3,3,3,3,4,4,5,5,,5,5,2,3,2,4,2,1,1,1,1,,1,1,1,0,0,0,0,0.722,0.915,37.2,28.3,1,1,0,0,0,"A"
1491,"S19","C074","North","general",23,-0.481,-0.938,16.4,11,"girl",-0.504,2,3,"majority_language",0,0,7.1,7.3,7.5,5.2,7.4,2,5,4,5.6,4.8,1,41.3,3,3,3,2,,4,2,3,3,2,2,2,1,4,4,1,2,3,3,1,1,1,1,4,,,,2,3,2,1,1,2,3,5,5,5,3,3,2,4,3,3,2,5,4,,,1,2,1,3,1,1,3,3,1,4,0,1,0,1,0,1,1,0,1,1,1,0,0.868,1.271,54.3,64.4,1,1,1,0,0,"B"
1492,"S19","C074","North","general",23,-0.481,-0.938,16.4,11,"boy",-0.308,1,,"other_language",0,0,7.1,7.3,7.9,6.6,6.2,1,8,2,9.6,1.9,5,53,5,4,5,5,3,3,4,5,3,2,2,3,,3,2,1,2,1,1,2,2,,1,3,2,2,1,2,1,1,1,1,1,4,3,3,3,2,3,4,2,4,5,2,4,4,2,2,4,5,4,4,5,2,3,3,,4,0,0,1,1,0,1,1,0,0,1,1,0,0.786,-0.362,44.4,63.6,1,1,1,0,0,"A"
1493,"S19","C074","North","general",23,-0.481,-0.938,16.2,11,"boy",0.971,5,4,"other_language",0,0,8,7.3,7.9,7.7,7.4,4,2,2,8.1,1.7,3,58.1,4,5,4,2,4,2,2,3,3,2,2,4,4,4,2,1,2,1,1,1,1,1,2,1,1,1,1,2,2,1,1,1,3,2,2,3,4,4,2,3,1,4,1,3,2,2,,4,5,3,3,3,4,1,2,1,2,3,1,1,1,0,1,1,1,1,1,0,0,0,0.909,-0.376,67,51.7,0,0,1,0,0,"A"
1494,"S19","C074","North","general",23,-0.481,-0.938,16.8,11,"boy",-0.598,4,2,"other_language",0,0,5.3,6.5,6.2,6.2,6.6,8,0,3,3.9,1.4,2,46.7,4,4,4,3,,4,4,,5,4,3,3,4,4,4,,3,,5,3,4,3,2,,,,,3,3,3,3,3,2,,3,3,3,4,3,4,3,3,4,1,4,3,,,3,2,3,4,3,4,5,4,3,3,0,1,1,,1,0,0,0,1,0,0,0,0.735,-0.465,41.1,45.2,1,1,1,0,0,"B"
1495,"S19","C074","North","general",23,-0.481,-0.938,16,11,"boy",-0.013,2,2,"majority_language",0,0,7.6,6.9,6,7,7.8,4,4,10,5.6,3.9,2,47.5,4,5,4,2,4,3,3,5,4,4,5,4,4,5,3,,3,3,1,2,1,3,1,3,2,1,1,4,2,2,4,3,3,2,3,3,4,,3,3,4,3,4,5,4,2,3,5,3,1,2,3,2,4,3,4,1,4,1,,1,0,,0,0,0,0,0,0,0,0.913,0.494,52.5,61.3,1,0,0,0,0,"A"
1496,"S19","C074","North","general",23,-0.481,-0.938,17,11,"boy",-0.822,3,2,"other_language",1,0,6.7,,,7.7,7.8,4,,,6.4,1.9,3,54.6,4,2,3,4,2,,,,,,,,,,,5,4,3,3,,2,,,,,,,,,,,,,3,3,2,4,3,,,,,,,,,,,4,2,4,3,3,3,2,4,4,2,1,1,1,1,0,0,,1,0,1,0,0,0.864,-0.589,36.3,55.2,1,1,1,1,1,"A"
1497,"S19","C074","North","general",23,-0.481,-0.938,17.1,11,"girl",-0.355,3,3,"majority_language",0,1,7.4,7.3,5.8,7.3,6.1,6,8,6,6.4,2.4,3,41.8,4,5,3,4,5,4,4,1,,,2,2,4,,1,2,2,1,2,1,1,3,3,1,3,4,2,3,3,2,,,,2,3,2,,1,2,2,1,4,3,5,2,4,4,3,4,4,3,4,4,1,4,4,3,2,1,0,1,1,1,1,1,0,0,0,1,0,0.575,-0.907,51.4,59.8,1,1,1,0,0,"C"
1498,"S19","C074","North","general",23,-0.481,-0.938,16.5,11,"boy",-1.171,3,1,"majority_language",0,0,6.6,6.6,,6.8,6.8,18,15,,5.4,3.1,2,45.7,,,3,3,4,4,,,,,,,,,,4,4,2,1,4,4,3,4,2,4,5,3,,,,,,,1,3,,2,2,2,2,2,3,1,,,,,,4,,4,5,4,2,2,,2,2,1,1,1,1,0,1,1,1,1,0,0,0,0.818,1.408,51.9,49.6,1,1,1,0,1,"C"
1499,"S19","C074","North","general",23,-0.481,-0.938,16.3,11,"girl",-0.33,3,4,"majority_language",0,0,6.8,7.3,6.3,5,5.7,6,1,6,4.3,2.8,2,50,2,2,1,,2,1,3,2,2,2,3,4,,3,4,3,2,3,,3,1,1,3,2,,,,1,2,2,1,2,2,3,4,4,3,3,5,3,5,3,4,5,3,,,,3,1,2,2,2,1,2,3,3,2,1,1,0,1,0,0,1,0,0,0,0,0,0.545,-0.598,42.3,32,1,1,1,0,0,"B"
1500,"S19","C074","North","general",23,-0.481,-0.938,17.2,11,"girl",-0.268,2,2,"majority_language",0,0,5.9,6.3,5.5,7.1,5.5,10,3,2,5.9,3.3,4,46.1,2,1,,2,4,2,,,4,4,3,5,5,5,2,1,1,2,3,2,1,1,1,,2,1,2,1,3,1,3,3,3,5,5,3,,,2,4,2,3,2,3,2,2,2,3,4,5,4,2,3,1,2,3,3,4,,1,0,0,0,0,0,,0,0,0,0,0.802,0.923,50.5,42.5,1,1,0,0,0,"A"
1501,"S19","C074","North","general",23,-0.481,-0.938,16.5,11,"girl",-0.203,4,1,"majority_language",0,0,6.4,5.8,6.7,7.3,7.5,10,3,4,3.5,2.8,2,42.7,3,2,4,4,5,2,4,2,2,3,4,3,3,3,3,4,3,1,2,3,3,1,1,2,,,,4,1,2,3,2,1,4,3,1,5,2,2,2,1,2,3,3,3,2,,,3,2,1,1,4,3,2,4,2,,1,1,1,1,1,1,1,1,0,1,1,0,0.75,-0.24,54.8,64.4,1,1,1,0,0,"B"
1502,"S19","C074","North","general",23,-0.481,-0.938,16.7,11,"boy",-1.168,1,2,"other_language",0,0,6.6,,,7.2,7.7,4,,,5.9,2.4,2,53.7,4,5,2,5,5,,,,,,,,,,,4,3,3,4,3,4,,,,,,,,,,,,,2,2,3,4,2,,,,,,,,,,,,,4,5,4,1,,4,2,3,1,1,1,1,1,1,0,1,1,0,0,1,0.853,0.643,57.4,52.2,1,1,1,1,1,"A"
1503,"S19","C074","North","general",23,-0.481,-0.938,17.1,11,"boy",-1.275,1,1,"majority_language",0,0,6.4,6.6,,7.1,6.8,12,9,,2.6,2.1,4,35.2,3,,2,2,3,3,5,4,,,,,,,,3,3,1,3,2,2,4,3,,4,3,4,,,,,,,2,4,2,,2,3,4,2,2,3,,,,,,4,3,4,3,3,1,2,2,2,2,1,1,1,1,1,1,1,1,1,0,0,1,,,,,1,1,1,0,1,"C"
1504,"S19","C074","North","general",23,-0.481,-0.938,16.1,11,"boy",-0.723,1,1,"majority_language",0,0,7.6,6.7,7.4,6.1,6.4,2,1,1,4.1,5.2,4,48.1,4,4,4,4,3,5,4,4,,3,5,,3,5,4,1,1,1,2,1,1,1,2,1,,1,2,2,1,2,1,1,2,4,4,2,3,4,5,3,5,3,4,5,5,3,4,5,1,2,1,2,2,3,3,2,3,2,0,0,0,,0,0,0,0,0,0,0,0,,,,,1,1,1,0,0,"A"
1505,"S19","C074","North","general",23,-0.481,-0.938,16.7,11,"girl",0.686,5,4,"majority_language",0,0,8.4,7.7,6.8,6.7,7,0,2,1,8.4,1.8,4,64.2,5,5,5,5,4,4,5,4,3,4,3,5,3,3,2,1,2,1,2,2,1,1,1,1,2,,1,2,1,1,,2,,3,5,4,5,4,4,5,4,5,4,2,5,5,2,3,5,5,4,5,5,2,1,2,4,1,1,0,1,1,1,1,1,1,1,0,1,0,0.745,0.646,54.4,41.4,0,1,1,0,0,"A"
1506,"S19","C074","North","general",23,-0.481,-0.938,16.3,11,"another_or_no_answer",-0.187,3,5,"majority_language",1,0,6.8,6.4,,8.6,6,0,6,,3.4,2.1,2,46.3,4,4,4,3,4,5,3,2,4,2,,,,,,2,3,3,2,2,2,2,3,4,,,,,,,,,,1,,3,1,2,2,3,3,2,2,,,,,,2,3,5,4,3,1,2,3,2,4,1,1,0,0,1,0,0,0,0,1,1,0,0.81,-0.037,43.9,63.7,1,1,1,0,1,"B"
1507,"S19","C074","North","general",23,-0.481,-0.938,16.8,11,"girl",0.919,5,2,"majority_language",0,0,7.6,8.6,7.1,7.5,7,4,2,2,8.7,4.3,5,57.3,5,5,5,,5,4,4,4,3,2,4,5,3,4,3,,2,2,2,2,2,2,1,1,,,,3,1,3,3,,1,4,1,3,2,2,4,2,3,3,3,4,4,4,,,5,4,5,5,3,4,4,4,3,4,1,0,1,0,0,1,1,1,0,0,0,0,0.816,0.559,50.5,45.8,1,1,1,0,0,"B"
1508,"S19","C074","North","general",23,-0.481,-0.938,16.3,11,"girl",0.163,3,2,"majority_language",0,0,7,,,6,7.3,3,,,7.1,0.9,4,62.5,5,3,4,4,5,,,,,,,,,,,3,2,1,1,1,2,,,,,,,,,,,,,1,2,2,4,2,,,,,,,,,,,5,4,4,4,5,3,5,4,3,2,1,1,0,1,1,0,0,0,0,0,0,0,0.661,-1.504,44.3,67.9,0,1,1,1,1,"C"
1509,"S19","C074","North","general",23,-0.481,-0.938,15.9,11,"boy",0.503,3,2,"majority_language",0,0,7.1,8,7.2,6.9,8.8,3,3,4,5.5,2.4,4,52.3,3,4,4,3,5,3,5,3,,,3,3,3,4,2,3,,4,2,4,3,,3,1,,3,2,2,2,3,,,,2,4,3,3,3,2,2,2,3,4,3,5,2,3,3,2,3,2,3,2,2,3,2,2,3,1,1,1,1,0,0,1,0,0,0,0,0,0.926,-0.343,59.7,51.7,1,1,1,0,0,"C"
1510,"S19","C074","North","general",23,-0.481,-0.938,16.2,11,"boy",-0.578,1,3,"majority_language",0,0,6.6,6.3,7.2,8.2,7.3,0,5,4,3.8,2.1,2,42.5,4,2,2,2,1,,2,2,3,2,2,2,1,1,3,2,4,3,3,3,2,3,3,3,,,,2,4,2,1,1,2,5,4,,2,3,4,4,2,4,5,4,4,5,,,4,3,,5,4,3,3,2,5,3,1,1,1,0,1,1,0,0,1,0,0,0,0.735,0.448,49.2,50.1,1,1,1,0,0,"B"
1511,"S19","C074","North","general",23,-0.481,-0.938,16.6,11,"girl",0.422,4,3,"majority_language",0,0,6.7,7.1,6.9,6.5,6.3,5,2,9,9.7,3.9,2,50.6,4,4,3,5,5,5,3,5,3,4,3,4,4,3,5,2,1,1,2,2,2,3,1,2,,,,4,3,3,4,2,2,,4,3,3,5,3,3,2,2,4,2,4,4,,,3,3,3,1,3,4,3,3,5,2,1,0,1,1,0,0,0,0,0,0,0,0,0.694,0.903,42,66,1,1,1,0,0,"B"
1512,"S19","C074","North","general",23,-0.481,-0.938,16.6,11,"girl",0.836,5,5,"other_language",0,0,7.8,,,8.5,5.8,2,,,5.5,1.4,4,47,3,5,5,3,5,,,,,,,,,,,2,2,,2,1,1,,,,,,,,,,,,,3,3,2,2,3,,,,,,,,,,,3,5,5,5,4,2,2,3,2,3,1,1,1,0,0,0,1,1,0,1,0,1,0.928,1.045,57.4,50.3,1,1,1,1,1,"B"
1513,"S19","C075","North","general",18,-0.481,-1.49,16.6,12,"girl",-0.93,4,2,"majority_language",1,0,6.6,6.4,7.6,8,7.1,2,5,14,4,2,3,48.1,,5,2,4,3,3,4,4,4,5,3,2,3,4,4,5,1,2,2,2,1,1,1,1,,,,1,2,1,1,3,2,3,4,3,5,5,4,5,4,4,5,5,3,3,,,5,2,2,2,,2,1,1,2,2,1,1,1,1,1,1,1,0,0,0,0,1,0.8,1.11,55.9,50.6,1,1,1,0,0,"B"
1514,"S19","C075","North","general",18,-0.481,-1.49,17.6,12,"girl",1.908,5,5,"other_language",1,0,7.6,6.1,6.4,7.8,6.5,0,13,1,3.4,1.3,2,43.2,3,2,2,4,4,2,3,5,4,3,4,2,4,3,3,2,3,4,3,2,3,3,2,4,,,,2,1,2,1,2,1,3,3,3,,3,4,4,3,5,4,4,4,3,,,4,3,4,4,4,2,2,2,4,3,1,1,1,1,1,1,1,1,0,0,0,0,0.716,0.678,59.5,50.3,1,1,1,0,0,"B"
1515,"S19","C075","North","general",18,-0.481,-1.49,17.5,12,"boy",-1.419,1,1,"other_language",0,1,5.3,,,7.3,4.9,22,,,2.8,5,1,29.6,1,1,2,2,2,,,,,,,,,,,4,4,3,3,5,4,,,,,,,,,,,,,2,2,3,2,2,,,,,,,,,,,,1,2,1,,2,4,4,3,2,1,0,1,0,0,0,0,0,0,0,0,0,0.864,-0.748,57.3,42.9,1,1,1,1,1,"C"
1516,"S19","C075","North","general",18,-0.481,-1.49,17.4,12,"girl",-0.859,1,2,"majority_language",0,1,5.6,5.9,,6.8,6,3,10,,1.3,4.8,1,31.6,4,3,4,2,3,4,4,5,5,,,,,,,5,4,4,4,3,,4,5,,4,,3,,,,,,,2,3,2,4,2,1,2,,3,4,,,,,,,2,1,2,2,,1,2,3,1,1,1,0,0,1,0,0,1,0,,0,0,0.873,0.409,69.8,47.8,1,1,1,0,1,"A"
1517,"S19","C075","North","general",18,-0.481,-1.49,17.2,12,"girl",-0.612,4,1,"majority_language",0,0,7.8,7.4,7.2,7.7,7.8,3,7,3,4.8,4.1,1,53.5,5,5,4,4,5,5,3,4,4,5,4,5,4,4,2,4,2,2,4,3,3,3,3,2,,,,4,2,4,2,2,3,1,4,2,2,3,2,1,2,2,2,3,1,2,,,2,3,2,2,2,3,3,3,2,3,1,1,1,1,1,1,0,1,1,,0,1,0.749,-0.193,53.2,45.2,1,1,1,0,0,"B"
1518,"S19","C075","North","general",18,-0.481,-1.49,18.1,12,"girl",-0.193,3,2,"other_language",0,0,6.7,,,7.3,8.2,3,,,6.8,4.6,3,49.5,,5,3,4,,,,,,,,,,,,2,2,3,2,,3,,,,,,,,,,,,,4,3,4,3,4,,,,,,,,,,,3,3,2,,3,2,3,3,1,2,1,1,1,0,0,1,0,1,0,0,0,0,,,,,1,1,1,1,1,"A"
1519,"S19","C075","North","general",18,-0.481,-1.49,17.6,12,"boy",-0.614,4,2,"majority_language",0,0,6.6,6.5,7.5,6.1,7.7,13,4,1,3.5,0.9,3,45.1,4,3,4,3,3,5,5,5,5,4,4,4,5,5,,1,2,,3,1,2,2,4,3,,,,1,1,1,3,1,1,5,3,1,3,2,2,3,2,3,4,3,5,2,,,3,2,3,2,3,,3,,2,5,1,1,0,1,1,1,0,0,0,0,0,0,,,,,1,1,1,0,0,"B"
1520,"S19","C075","North","general",18,-0.481,-1.49,16.6,12,"girl",-0.262,3,5,"majority_language",0,0,7.4,6.4,6.4,7.6,7.9,8,1,2,4.1,4,2,48.3,5,3,3,3,3,4,5,3,4,5,3,3,3,3,,3,4,5,4,3,5,2,1,2,,,,2,1,2,3,2,1,2,4,2,3,3,3,3,3,,1,3,2,3,,,5,3,,4,4,2,3,2,2,,1,1,1,1,1,0,1,1,0,1,0,0,0.8,-0.717,51.5,43.5,1,1,1,0,0,"B"
1521,"S19","C075","North","general",18,-0.481,-1.49,17.2,12,"girl",-0.293,4,4,"majority_language",0,0,7.3,,,8.3,7.1,5,,,9.5,2.7,2,51.5,4,4,4,4,4,,,,,,,,,,,2,,3,2,3,1,,,,,,,,,,,,,5,5,3,4,2,,,,,,,,,,,2,3,3,3,3,2,1,2,2,2,1,0,1,1,0,1,0,0,0,0,0,0,0.752,0.484,41.2,47,1,1,1,1,1,"C"
1522,"S19","C075","North","general",18,-0.481,-1.49,17.9,12,"boy",-1.368,2,1,"majority_language",0,1,5.6,,,6.2,6.8,5,,,6.4,2.2,2,45.7,3,2,3,3,2,,,,,,,,,,,1,2,2,2,2,3,,,,,,,,,,,,,1,1,1,2,3,,,,,,,,,,,4,3,2,2,3,3,1,2,2,1,0,0,1,0,0,0,0,0,0,0,0,0,0.601,-0.429,37.1,46.3,0,1,1,1,1,"B"
1523,"S19","C075","North","general",18,-0.481,-1.49,17.2,12,"girl",0.161,3,3,"majority_language",0,1,6.5,6.8,5.6,7.4,7.4,6,2,4,5.2,4.1,4,46.4,2,5,2,4,1,3,3,3,5,2,4,4,3,4,3,4,4,3,3,3,4,4,,3,,,,3,3,1,3,3,2,1,3,3,3,3,3,1,2,3,4,5,3,1,,,4,3,2,2,4,2,2,3,3,2,1,,0,0,1,1,0,0,0,0,0,0,,,,,1,1,1,0,0,"B"
1524,"S19","C075","North","general",18,-0.481,-1.49,17.9,12,"girl",-0.671,1,1,"majority_language",1,0,7,6.9,7.7,6.1,6.9,7,6,5,5.8,4.2,1,36.5,3,2,3,3,,5,3,3,2,,3,4,2,3,2,3,5,2,2,3,4,4,1,3,,,,3,1,1,,3,3,4,3,4,3,3,2,3,3,4,2,4,4,3,,,3,2,,3,2,4,2,3,3,4,0,1,1,1,0,1,0,0,0,0,0,0,,,,,1,1,1,0,0,"B"
1525,"S19","C075","North","general",18,-0.481,-1.49,17.3,12,"girl",0.461,5,4,"majority_language",0,0,6.8,,,7.5,6.9,3,,,7.4,2.6,3,52.8,3,3,2,3,3,,,,,,,,,,,2,3,3,4,2,2,,,,,,,,,,,,,2,2,2,2,2,,,,,,,,,,,2,4,4,5,3,2,2,1,1,5,1,1,1,1,1,0,1,1,0,1,1,0,0.765,-1.89,35.2,36.2,0,1,1,1,1,"C"
1526,"S19","C075","North","general",18,-0.481,-1.49,17.3,12,"boy",-1.552,1,1,"majority_language",1,0,6.4,7.1,,6.3,5.8,0,1,,3.7,3.8,1,43.4,2,1,3,2,2,4,2,2,3,3,,,,,,2,3,2,3,4,2,3,3,3,,,,,,,,,,4,2,2,3,1,5,4,,2,3,,,,,,2,3,3,2,5,2,2,3,2,1,1,0,,1,0,0,1,1,0,0,0,0,0.615,0.134,44.3,50.2,1,1,1,0,1,"B"
1527,"S19","C075","North","general",18,-0.481,-1.49,17.4,12,"girl",0.516,4,3,"other_language",0,0,7.3,6.9,7.3,7,6.8,4,4,2,9.8,4.2,5,59.4,5,4,5,5,5,4,4,2,,,4,4,3,5,4,1,1,1,2,1,1,2,3,1,2,2,1,1,2,1,,,,4,4,5,5,5,3,5,3,5,2,5,5,4,5,,4,5,4,5,5,2,2,3,4,3,1,1,0,1,0,0,0,0,0,0,0,0,,,,,1,1,1,0,0,"C"
1528,"S19","C075","North","general",18,-0.481,-1.49,17.2,12,"boy",0.176,3,5,"majority_language",0,0,7.1,6.2,6.5,7,5.1,8,5,9,6.8,4.5,2,43.8,2,2,4,,2,5,5,4,,,5,,4,,5,3,2,2,2,3,2,2,2,3,2,1,2,3,1,1,,,,2,4,4,3,3,2,3,2,3,2,1,2,2,3,1,3,4,3,2,2,3,2,2,1,4,0,,1,1,1,1,1,0,0,1,0,1,0.853,-0.213,45.2,54.2,1,1,1,0,0,"C"
1529,"S19","C075","North","general",18,-0.481,-1.49,17.3,12,"boy",0.817,4,2,"majority_language",0,0,5.3,,,5.9,6.8,5,,,1.9,4.5,1,41.5,4,2,2,4,5,,,,,,,,,,,3,3,2,3,,2,,,,,,,,,,,,,4,3,2,,4,,,,,,,,,,,5,3,4,4,3,4,4,4,4,3,0,0,0,0,1,,0,0,0,0,0,0,0.462,-1.15,23,37.1,1,1,1,1,1,"B"
1530,"S19","C075","North","general",18,-0.481,-1.49,17.9,12,"girl",1.438,5,5,"majority_language",0,0,8.1,8,8.1,7.9,7.4,3,4,17,5.9,2.8,4,47.7,4,3,3,5,5,4,4,5,,,4,3,,3,4,1,1,3,2,1,3,1,2,1,2,1,1,2,3,3,,,,4,3,4,2,4,3,3,,2,3,4,2,2,1,3,4,2,3,3,3,,3,3,3,3,1,1,1,1,1,1,1,0,1,1,0,1,,,,,1,1,1,0,0,"C"
1531,"S19","C076","North","general",20,-0.481,0.133,17.5,12,"boy",0.56,4,2,"majority_language",0,0,7.2,,,7.9,7,2,,,5.7,0.8,2,64.5,5,5,4,5,4,,,,,,,,,,,1,2,1,3,,3,,,,,,,,,,,,,3,4,2,3,3,,,,,,,,,,,4,4,,5,4,3,3,2,2,4,0,0,1,0,0,1,0,0,1,0,0,0,0.472,0.486,49.5,46.8,1,1,1,1,1,"B"
1532,"S19","C076","North","general",20,-0.481,0.133,17.2,12,"boy",-0.596,2,4,"majority_language",0,0,7,7,,7.1,6.8,4,3,,3.2,6.9,3,48.1,4,4,5,5,4,5,4,4,4,2,,,,,,2,2,3,1,4,3,,2,3,,,,,,,,,,,3,5,3,4,2,2,3,1,2,,,,,,5,3,4,5,5,3,5,4,2,,1,1,1,1,0,1,0,1,1,0,1,0,0.835,-0.639,55.8,52.2,1,1,1,0,1,"B"
1533,"S19","C076","North","general",20,-0.481,0.133,18,12,"boy",0.451,3,5,"other_language",0,0,7.5,7.6,7.1,7.6,7.2,4,6,0,10,2.7,4,51.3,5,4,5,5,5,5,5,4,5,5,5,5,5,5,5,1,2,2,2,2,2,1,1,2,,,,1,3,2,1,3,3,2,4,3,5,4,4,5,5,4,5,5,5,5,,,2,4,4,4,2,4,4,3,4,4,1,1,1,1,1,1,,0,0,0,0,1,0.879,0.734,51.7,58.2,1,1,1,0,0,"B"
1534,"S19","C076","North","general",20,-0.481,0.133,17.7,12,"girl",-0.522,3,3,"majority_language",0,0,6.1,6.4,5.2,7.4,5.9,10,7,3,3.9,1.6,1,45.3,3,2,4,4,5,5,4,3,,,3,2,,5,3,4,4,2,5,3,5,4,,3,4,3,3,5,5,3,,,,4,5,4,2,2,4,4,4,3,2,4,2,2,3,3,3,3,2,3,1,2,3,4,4,,1,1,0,0,0,0,0,1,0,0,0,0,0.72,1.953,47.7,55,1,1,1,0,0,"C"
1535,"S19","C076","North","general",20,-0.481,0.133,17.4,12,"girl",1.053,2,4,"majority_language",1,0,7.6,,,8.3,7.2,3,,,6.4,3.6,5,46.7,5,5,5,5,4,,,,,,,,,,,3,3,4,3,3,3,,,,,,,,,,,,,3,2,3,3,3,,,,,,,,,,,3,5,4,4,4,2,1,3,3,2,1,1,1,1,1,1,1,1,1,1,0,1,0.908,1.299,61.1,54.2,0,1,1,1,1,"B"
1536,"S19","C076","North","general",20,-0.481,0.133,18.1,12,"girl",-0.488,2,1,"majority_language",0,0,7.4,7.8,7,8.1,6.9,3,1,5,7.3,1.8,5,57.9,5,5,5,5,5,3,5,5,5,5,4,4,3,5,5,1,1,1,1,1,1,1,1,1,2,1,1,1,1,1,1,1,1,3,3,2,2,4,4,4,2,4,4,3,4,2,3,5,3,5,4,3,5,3,4,3,4,4,1,0,0,1,1,1,0,0,0,0,0,0,0.802,0.171,46.7,54.8,0,0,0,0,0,"A"
1537,"S19","C076","North","general",20,-0.481,0.133,17.3,12,"girl",0.98,3,1,"other_language",1,0,7.9,7.3,7.3,7.2,7.8,5,1,7,6.3,1.6,3,51.5,4,3,4,3,4,3,4,5,,,5,3,5,5,3,1,1,2,1,1,2,1,3,4,1,3,2,5,4,3,,,,3,2,3,5,4,4,4,3,2,,3,,4,2,4,5,4,4,5,4,4,4,5,5,3,1,1,1,1,1,1,0,1,1,0,,0,0.812,-0.648,32.5,63.9,1,1,1,0,0,"C"
1538,"S19","C076","North","general",20,-0.481,0.133,17.7,12,"boy",1.33,4,5,"majority_language",0,0,8.1,6.9,7.1,7,8.2,1,6,3,7.7,1.4,3,60.2,4,5,,5,5,4,5,4,3,,4,5,5,2,5,2,2,1,2,1,2,3,3,3,2,2,1,1,2,5,4,3,3,4,5,3,4,5,3,3,3,4,2,3,2,2,4,1,3,5,4,4,2,3,3,1,3,4,1,1,1,0,0,1,1,0,0,0,0,1,0.825,-0.243,46.2,41.4,1,1,0,0,0,"A"
1539,"S19","C076","North","general",20,-0.481,0.133,17.2,12,"boy",0.176,2,5,"other_language",0,0,8.3,7.2,6.9,6,6.8,0,4,2,3.8,3.7,2,61.9,4,5,4,2,3,4,5,3,4,3,2,5,3,3,2,3,3,2,2,1,2,1,2,1,2,2,1,,1,2,1,2,1,4,4,5,3,4,5,5,5,5,3,2,4,5,4,3,5,3,3,4,2,3,,3,4,3,1,1,1,1,1,1,0,0,1,1,1,1,0.766,-1.021,41.8,49.2,1,0,1,0,0,"A"
1540,"S19","C076","North","general",20,-0.481,0.133,17.7,12,"girl",-1.041,2,2,"other_language",1,0,7,7.1,7.7,6.2,6.1,0,6,1,6.3,1.8,1,34.9,3,3,2,3,3,3,5,3,3,3,4,4,3,4,4,4,5,1,2,4,2,1,3,2,1,2,1,3,4,1,3,1,3,3,,5,5,3,,5,4,4,4,4,4,4,5,3,1,1,1,3,2,2,2,5,5,1,1,0,0,1,0,1,1,0,0,0,0,0,0.749,0.197,41.1,32.2,1,1,0,0,0,"A"
1541,"S19","C076","North","general",20,-0.481,0.133,17.5,12,"girl",0.415,5,5,"majority_language",0,0,7.6,7.5,7,7.6,6.6,2,2,0,6,1.9,5,60.5,5,5,5,5,4,3,5,4,5,5,,3,4,4,4,3,4,2,2,1,3,2,3,3,1,1,2,1,2,1,2,,2,4,4,4,4,4,5,3,4,,3,3,4,,4,,4,4,,4,4,5,4,4,3,3,0,1,1,1,0,1,0,0,0,0,0,0,0.731,-0.696,43.9,41.6,1,1,1,0,0,"A"
1542,"S19","C076","North","general",20,-0.481,0.133,18,12,"another_or_no_answer",-0.937,2,2,"majority_language",0,0,7.2,7.1,,6.7,7.1,3,4,,8.5,2.6,2,61.3,4,2,5,5,3,3,4,2,4,3,,,,,,3,1,1,2,1,3,3,2,3,2,3,2,,,,,,,3,4,3,,3,1,2,2,2,3,,,,,,4,3,,3,2,,3,4,5,3,0,1,0,1,1,0,1,0,0,1,0,0,0.805,0.011,54.9,55.9,1,0,1,0,1,"A"
1543,"S19","C076","North","general",20,-0.481,0.133,17.7,12,"another_or_no_answer",0.503,3,3,"majority_language",0,0,7.4,6.9,5.6,7.2,7.4,3,3,0,11,1.6,3,56.8,5,5,5,5,5,4,4,5,4,5,2,3,4,2,2,2,2,1,2,1,3,1,1,1,2,2,1,1,3,3,1,3,1,4,4,4,5,3,4,3,4,3,4,3,3,2,3,4,5,3,3,4,5,2,2,3,2,3,1,1,1,1,1,1,1,1,0,1,0,0,0.919,1.219,70.7,52.1,0,0,0,0,0,"A"
1544,"S19","C076","North","general",20,-0.481,0.133,17.1,12,"girl",0.769,4,4,"majority_language",0,0,6.6,,,6.3,5.5,3,,,3,2.9,1,34.2,3,2,2,2,3,,,,,,,,,,,2,3,2,3,3,4,,,,,,,,,,,,,3,3,4,4,3,,,,,,,,,,,2,2,3,3,2,4,3,3,5,4,1,1,1,0,1,1,1,1,1,1,0,0,0.652,0.395,46.5,39.8,0,1,1,1,1,"A"
1545,"S19","C076","North","general",20,-0.481,0.133,17.3,12,"girl",-0.125,2,5,"other_language",0,0,6.3,6.1,6.8,7.3,7.1,9,28,9,6.7,3.3,3,46.4,4,4,5,4,4,4,5,5,,,5,5,4,,4,4,3,3,4,1,1,3,3,4,4,3,4,3,4,2,,,,3,3,4,3,4,3,3,4,1,4,,4,,4,2,3,3,,3,3,2,5,3,4,5,,1,1,1,1,1,0,1,0,0,0,0,0.865,-0.633,39.9,57.1,1,1,1,0,0,"C"
1546,"S19","C076","North","general",20,-0.481,0.133,17.5,12,"boy",0.439,2,3,"majority_language",0,0,7.2,6.1,6.7,6.5,7.1,5,5,0,7.4,2.5,5,65.1,5,5,5,4,4,5,4,4,,,5,5,3,5,5,1,2,2,1,1,1,1,2,2,2,2,2,2,3,2,,,,5,4,2,5,3,5,3,5,2,4,4,5,4,5,5,4,4,3,5,5,4,3,4,4,3,1,1,1,1,1,1,1,1,1,0,0,0,0.828,0.021,41,32.2,0,1,1,0,0,"C"
1547,"S19","C076","North","general",20,-0.481,0.133,17,12,"boy",1.64,5,5,"majority_language",0,0,6.9,7.8,7.9,7.7,6.1,0,1,3,6.7,1.9,2,46,4,3,4,4,4,5,5,3,5,4,3,2,3,5,2,3,4,1,2,2,1,2,4,1,2,3,2,1,3,2,2,2,2,5,5,5,5,3,4,5,4,5,2,4,4,3,5,2,2,,4,3,3,3,3,4,2,3,1,0,1,0,1,0,0,1,0,0,1,0,0.925,1.342,80,69,1,0,0,0,0,"A"
1548,"S19","C076","North","general",20,-0.481,0.133,17.8,12,"girl",-1.879,1,1,"majority_language",0,0,5.8,,,6.5,6,12,,,8,1.2,2,50.9,4,3,2,2,,,,,,,,,,,,2,1,1,2,2,1,,,,,,,,,,,,,3,3,4,,3,,,,,,,,,,,3,4,4,4,4,5,5,3,3,5,1,1,1,1,0,1,0,,0,0,0,0,0.568,-1.876,43,42.5,1,1,1,1,1,"A"
1549,"S19","C076","North","general",20,-0.481,0.133,17.7,12,"boy",0.6,2,1,"other_language",0,0,7.3,7.2,8,8.5,7.9,0,0,0,9.3,2.6,5,55.6,5,4,5,5,5,5,5,5,,,5,4,,5,5,2,1,1,2,2,1,2,1,1,2,2,2,1,1,1,,,,3,2,3,3,3,2,1,4,3,3,2,4,3,3,3,3,3,5,3,4,3,3,2,3,5,1,1,1,1,1,0,,0,0,0,0,0,0.78,1.282,65.1,71.6,1,1,1,0,0,"C"
1550,"S19","C076","North","general",20,-0.481,0.133,17.7,12,"boy",-1.098,2,1,"majority_language",1,1,5.4,,,6.3,6.1,4,,,1.2,5.1,3,48.7,2,1,1,1,2,,,,,,,,,,,2,1,1,1,4,2,,,,,,,,,,,,,2,,3,4,3,,,,,,,,,,,2,3,4,4,5,3,5,4,3,4,0,0,0,0,0,0,0,0,0,0,0,0,0.815,0.888,49.3,50,1,1,1,1,1,"C"
1551,"S20","C077","South","technical",20,0.151,-0.67,16.9,11,"boy",-0.994,1,1,"majority_language",0,0,7,7.5,,6.7,6.1,6,7,,4.9,2.2,2,38.6,4,5,4,5,5,5,5,4,4,,,,,,,2,2,1,2,2,3,3,3,4,,,,,,,,,,1,4,1,2,3,1,3,3,2,2,,,,,,5,5,5,5,5,4,4,5,5,2,1,1,0,1,0,0,0,0,0,0,1,0,0.772,-0.667,44,53,0,1,1,0,1,"B"
1552,"S20","C077","South","technical",20,0.151,-0.67,16.4,11,"girl",-1.472,1,1,"majority_language",0,0,5.6,,,6.5,6.8,2,,,4.6,7.3,4,38.3,,3,3,4,1,,,,,,,,,,,3,2,3,3,5,3,,,,,,,,,,,,,4,5,3,2,4,,,,,,,,,,,4,4,4,4,3,2,2,,2,2,0,0,0,1,1,0,0,0,0,0,0,0,,,,,1,1,1,1,1,"A"
1553,"S20","C077","South","technical",20,0.151,-0.67,16.8,11,"girl",-0.215,4,2,"majority_language",0,0,6.5,6,,6.1,6.4,10,4,,3.9,1.4,3,53.2,2,3,3,3,3,4,4,5,4,2,,,,,,3,3,2,2,3,2,2,4,2,,,,,,,,,,1,3,2,4,2,5,3,3,5,4,,,,,,4,3,4,5,5,2,2,2,,5,0,1,1,1,1,0,0,0,0,0,1,0,0.611,-0.526,29.7,60.3,1,1,1,0,1,"B"
1554,"S20","C077","South","technical",20,0.151,-0.67,16.7,11,"boy",0.885,5,4,"majority_language",0,0,6.1,6.8,5.5,6.8,6.9,0,4,1,8.7,1.9,3,58.7,3,3,4,3,3,4,3,4,4,4,5,4,4,5,5,1,2,1,2,1,3,3,3,1,,,,1,1,1,2,2,1,3,1,1,3,2,3,4,2,5,4,4,4,2,,,5,2,4,5,4,4,3,2,2,4,0,1,1,0,0,1,1,0,0,0,0,0,0.677,0.098,36.4,20.4,0,1,1,0,0,"B"
1555,"S20","C077","South","technical",20,0.151,-0.67,16.2,11,"boy",-0.698,1,2,"majority_language",0,0,7,7.3,,7.2,6.6,12,0,,6.3,3.2,5,68.2,,5,4,5,4,3,4,5,5,4,,,,,,3,3,2,2,2,4,3,3,2,,3,3,,,,,,,3,1,2,2,3,3,3,2,4,3,,,,,,5,5,5,5,4,4,3,4,4,3,1,,1,1,1,1,1,1,0,0,1,1,0.783,0.505,43.6,48,1,1,1,0,1,"A"
1556,"S20","C077","South","technical",20,0.151,-0.67,16.7,11,"boy",1.04,4,2,"majority_language",0,0,8.3,8.1,7.3,7.2,7,0,3,1,8.1,2,4,50.5,4,5,5,5,5,3,4,5,5,3,5,4,4,5,3,1,2,1,1,1,3,2,2,2,2,2,3,2,2,4,3,4,3,3,5,4,5,1,4,4,2,2,2,4,5,5,3,3,5,5,5,5,4,4,4,5,5,4,,1,1,1,1,1,1,0,0,1,1,0,0.864,-0.491,45.8,54.8,1,0,0,0,0,"A"
1557,"S20","C077","South","technical",20,0.151,-0.67,16.4,11,"boy",0.591,4,3,"majority_language",0,0,6.6,7.8,7,6,6.4,4,1,1,2.5,1.4,3,50.7,5,3,2,3,3,3,3,5,3,3,4,3,2,4,3,3,1,1,1,,2,1,1,3,1,1,2,1,2,2,1,2,1,3,4,5,4,5,5,5,5,5,5,4,5,5,3,5,2,1,,1,2,4,2,,4,3,1,1,1,1,0,0,0,0,1,1,0,0,0.656,-0.303,39.4,55.1,1,0,0,0,0,"A"
1558,"S20","C077","South","technical",20,0.151,-0.67,16.9,11,"girl",-0.891,1,1,"majority_language",0,0,5.9,5.9,6.4,6.7,7.6,1,4,3,1.5,2.7,1,40.4,4,4,4,,2,3,5,2,,,,3,3,3,3,3,3,2,3,5,2,4,1,2,4,3,2,5,4,3,,,,2,3,4,5,4,3,3,3,4,4,3,4,3,4,4,4,3,3,2,1,2,2,3,4,2,1,0,0,0,1,1,0,0,0,0,0,1,0.367,-1.873,39.4,37.3,1,1,1,0,0,"C"
1559,"S20","C077","South","technical",20,0.151,-0.67,16.9,11,"girl",1.155,5,4,"majority_language",0,0,6.7,7.5,5.8,6.2,5.7,0,4,0,3.2,1.3,3,50,3,4,4,5,3,3,5,3,4,5,4,4,5,3,5,1,3,3,2,3,2,2,1,3,3,4,3,3,5,4,2,3,2,4,4,2,2,3,5,4,5,4,3,2,2,3,3,1,2,2,3,3,3,2,2,2,2,3,0,0,0,1,1,0,,1,0,1,0,0,0.857,1.081,59.7,57.5,1,0,0,0,0,"A"
1560,"S20","C077","South","technical",20,0.151,-0.67,16.5,11,"girl",-0.419,2,4,"majority_language",0,0,6.9,6.4,6.4,6.4,5.5,4,1,7,6.1,1.9,1,42.9,2,,4,2,4,4,3,,4,5,1,3,3,4,3,3,3,3,5,3,4,4,3,4,,,,4,3,3,3,2,3,1,,1,1,1,1,3,3,3,4,1,3,3,,,2,3,3,2,2,2,4,3,3,3,1,1,1,0,0,0,1,0,1,0,,0,0.718,1.16,45,36.4,1,1,1,0,0,"B"
1561,"S20","C077","South","technical",20,0.151,-0.67,16.6,11,"girl",0.478,3,5,"majority_language",0,0,7,6.9,7.2,6.8,6.6,7,2,8,7.1,2.7,3,41.3,4,4,2,3,2,2,3,4,4,4,5,4,5,,3,4,3,3,2,4,2,3,2,1,,,,3,4,3,3,2,2,3,3,4,3,,3,1,3,3,4,2,4,5,,,4,5,4,3,3,3,4,4,2,5,1,1,1,1,1,1,0,1,0,0,0,,0.708,-0.782,37.4,61.1,1,1,1,0,0,"B"
1562,"S20","C077","South","technical",20,0.151,-0.67,16.7,11,"boy",-0.796,3,,"other_language",0,0,6.7,6.8,7.1,7.4,6.3,10,7,5,7.5,4.7,3,59.7,4,4,4,4,4,4,4,4,4,3,5,5,4,5,5,1,3,1,1,2,3,2,2,1,,,,1,2,2,2,2,3,2,2,1,2,1,1,,2,3,,2,2,1,,,2,3,4,3,2,2,1,,1,3,1,0,1,1,0,0,0,0,0,0,0,0,0.721,0.853,48.5,37.6,1,1,1,0,0,"B"
1563,"S20","C077","South","technical",20,0.151,-0.67,16.7,11,"girl",-1.445,3,2,"majority_language",1,0,7.2,,,6.6,6.5,11,,,1.3,1.5,1,44.6,1,1,3,1,,,,,,,,,,,,2,2,3,2,2,1,,,,,,,,,,,,,,4,2,3,3,,,,,,,,,,,3,3,2,4,,3,3,3,2,3,1,,1,0,1,1,1,0,1,1,0,1,,,,,1,1,1,1,1,"C"
1564,"S20","C077","South","technical",20,0.151,-0.67,16,11,"boy",0.749,5,5,"majority_language",0,0,7.3,6.8,7.5,7.5,7.7,1,0,4,8.8,2.1,3,54,5,5,5,4,5,3,4,5,,,5,5,5,3,5,1,,1,1,1,1,1,2,1,,2,3,2,2,2,,,,5,3,3,5,5,4,3,4,4,2,5,2,4,3,3,5,4,2,3,3,3,2,4,4,4,1,1,1,1,1,1,1,0,0,1,1,0,0.854,1.388,61,51.1,1,1,1,0,0,"C"
1565,"S20","C077","South","technical",20,0.151,-0.67,15.7,11,"boy",-0.494,1,2,"majority_language",0,0,4.8,,,5.7,5.8,8,,,0,3.6,1,47.2,,2,2,3,2,,,,,,,,,,,3,3,4,3,3,2,,,,,,,,,,,,,3,5,2,5,3,,,,,,,,,,,3,1,2,4,1,2,2,2,2,4,1,0,0,0,0,0,0,0,,0,1,0,0.395,-2.292,35.4,24.3,1,1,1,1,1,"A"
1566,"S20","C077","South","technical",20,0.151,-0.67,16.6,11,"boy",-0.651,3,2,"majority_language",0,0,7.7,7.9,7.4,7.2,6.5,4,1,8,7.5,2.3,5,58.6,5,5,5,4,4,,5,4,3,3,5,5,4,5,4,1,4,1,2,1,1,3,2,3,,,,,3,2,3,1,3,2,1,2,4,2,5,3,3,4,1,5,4,4,,,,3,3,5,4,4,4,3,3,3,1,1,1,1,1,1,1,1,1,0,1,0,0.834,-0.546,44.3,41.8,1,1,1,0,0,"B"
1567,"S20","C077","South","technical",20,0.151,-0.67,16.7,11,"girl",-0.644,2,1,"other_language",0,0,5.6,6.5,6.9,8.2,7.2,0,2,7,7,4.4,1,49.6,5,,1,4,2,3,2,3,5,,5,3,2,5,4,4,3,4,4,4,3,3,3,3,3,2,5,1,3,2,2,,3,,5,4,,2,5,5,4,4,5,2,4,4,2,4,4,5,5,5,4,3,5,4,3,2,1,1,1,1,1,0,0,1,1,1,0,1,0.798,-0.598,48.2,47.1,1,1,1,0,0,"A"
1568,"S20","C077","South","technical",20,0.151,-0.67,17.2,11,"boy",-0.151,4,2,"majority_language",0,0,7.4,6.9,7.4,7.1,7.2,1,5,1,1.8,2.1,4,44,,5,3,5,4,5,3,5,5,5,,4,3,5,5,2,4,3,3,3,3,2,1,1,,,,1,3,2,2,3,2,5,3,3,4,4,4,2,4,5,3,5,4,5,,,3,4,2,3,3,2,3,3,2,3,1,1,1,1,0,1,0,0,0,1,0,1,0.607,-1.179,46.1,51.9,1,1,1,0,0,"B"
1569,"S20","C077","South","technical",20,0.151,-0.67,15.9,11,"girl",-0.142,2,3,"majority_language",0,0,6.4,5.8,,6.7,6.4,13,3,,2.7,4.9,3,47.1,4,2,2,3,4,2,2,1,,,,,,,,3,4,2,2,4,4,2,3,2,3,2,2,,,,,,,3,4,4,3,,3,5,4,3,3,,,,,,4,2,5,4,4,3,3,5,4,5,1,1,,0,1,0,0,0,0,0,0,0,0.815,1.085,49.4,56.5,1,1,1,0,1,"C"
1570,"S20","C077","South","technical",20,0.151,-0.67,17.2,11,"girl",0.567,4,4,"majority_language",0,0,8.1,7.2,7.6,8,8.5,5,1,3,8.4,3,4,57.5,5,5,5,5,5,5,3,3,4,3,4,4,5,3,5,2,3,1,3,2,3,2,2,3,,,,2,2,2,5,3,2,4,5,4,4,3,2,3,4,1,1,1,3,1,,,5,4,5,5,4,3,3,2,3,2,1,1,1,1,1,1,1,,1,1,0,0,0.904,0.203,65.5,67.5,1,1,1,0,0,"B"
1571,"S20","C078","South","technical",22,0.151,0.593,15.6,10,"girl",0.492,3,2,"majority_language",0,0,7.8,,,7.8,7.9,1,,,6.1,2.7,3,60.8,5,5,5,4,5,,,,,,,,,,,1,1,2,1,1,,,,,,,,,,,,,,4,4,5,3,5,,,,,,,,,,,4,4,5,5,4,5,3,5,5,4,1,0,1,1,1,1,1,1,0,0,0,0,0.894,2.285,70.8,78.1,1,1,1,1,1,"B"
1572,"S20","C078","South","technical",22,0.151,0.593,14.9,10,"girl",0.156,3,2,"majority_language",0,0,7.4,,,6.5,6.8,0,,,4.7,1.2,3,46.3,5,4,5,4,4,,,,,,,,,,,1,1,2,1,2,2,,,,,,,,,,,,,5,,3,4,2,,,,,,,,,,,4,2,3,3,2,2,4,4,3,4,1,0,1,1,1,1,1,0,0,1,1,0,0.912,0.631,70.9,67.1,1,1,1,1,1,"B"
1573,"S20","C078","South","technical",22,0.151,0.593,16.2,10,"boy",0.909,3,4,"majority_language",1,0,7.2,6.6,7.3,7.4,6.9,1,3,3,7.4,3.3,3,59.8,5,5,5,4,4,3,5,5,5,4,3,4,5,5,4,3,3,2,3,3,3,3,3,1,,,,1,3,1,1,4,1,4,4,5,4,4,5,5,5,4,5,4,,2,,,3,4,2,4,4,2,2,2,3,5,1,1,1,1,1,1,,0,0,1,,0,0.893,-0.614,49.1,47.3,1,1,1,0,0,"B"
1574,"S20","C078","South","technical",22,0.151,0.593,15.3,10,"girl",-0.373,2,3,"majority_language",0,0,8.8,,,7.8,7,0,,,3.5,3.4,3,62.6,3,5,,2,5,,,,,,,,,,,3,1,1,3,2,1,,,,,,,,,,,,,4,4,5,3,4,,,,,,,,,,,3,4,,5,3,3,4,,5,5,1,1,1,1,1,1,1,0,1,1,0,0,,,,,1,1,1,1,1,"B"
1575,"S20","C078","South","technical",22,0.151,0.593,15.5,10,"boy",0.586,3,2,"majority_language",0,0,8.2,,,7,7.8,4,,,10.6,2.9,4,55.9,5,5,5,5,5,,,,,,,,,,,,3,2,2,3,2,,,,,,,,,,,,,4,3,3,3,4,,,,,,,,,,,5,5,4,5,5,3,4,4,4,2,0,1,1,1,1,0,0,0,1,1,0,1,0.712,2.109,56.5,60.9,1,1,1,1,1,"B"
1576,"S20","C078","South","technical",22,0.151,0.593,15.1,10,"boy",0.504,5,4,"other_language",0,0,6.9,6.7,,6.6,5.2,0,0,,4.6,3.4,3,53.3,3,2,3,3,4,3,5,4,2,2,,,,,,2,1,2,2,1,2,1,1,1,3,1,1,,,,,,,4,4,5,4,3,5,5,3,4,5,,,,,,3,2,2,3,3,5,3,3,4,5,1,0,1,0,1,0,0,0,0,1,0,0,0.843,-0.421,39.5,39.9,0,0,1,0,1,"A"
1577,"S20","C078","South","technical",22,0.151,0.593,15.3,10,"girl",-2.172,2,1,"majority_language",0,0,6.4,,,5.8,6.1,19,,,6.3,2.5,1,40.1,2,3,3,3,4,,,,,,,,,,,,3,3,4,1,3,,,,,,,,,,,,,5,3,3,,1,,,,,,,,,,,3,2,1,2,2,4,,3,3,4,0,1,0,0,1,0,0,0,0,0,0,0,0.674,-0.995,66,41.3,1,1,1,1,1,"A"
1578,"S20","C078","South","technical",22,0.151,0.593,15.4,10,"boy",0.608,5,2,"majority_language",0,0,6.8,7.5,7.3,7.2,8.7,8,1,2,7.5,1,5,51.5,5,3,4,4,4,5,5,5,,4,4,4,5,5,5,2,3,3,1,4,2,2,5,2,1,1,1,2,3,1,1,1,3,4,,5,,,4,4,5,5,5,4,5,5,4,4,5,4,4,4,,5,4,3,5,5,1,0,1,0,0,1,0,1,,0,0,0,,,,,1,1,0,0,0,"A"
1579,"S20","C078","South","technical",22,0.151,0.593,15.6,10,"girl",1.054,4,4,"majority_language",0,0,7.1,7.2,6.2,6.7,7.4,1,4,5,9.5,1.1,3,64.1,4,4,3,4,3,3,4,4,,,5,4,4,4,5,1,2,1,1,1,2,3,2,2,1,2,2,3,3,3,,,,3,5,5,4,4,4,2,5,5,2,,5,5,5,5,2,4,2,4,4,4,5,5,3,5,0,1,1,1,1,0,0,0,0,0,1,0,0.553,-0.91,20.5,20,0,1,1,0,0,"C"
1580,"S20","C078","South","technical",22,0.151,0.593,16,10,"boy",0.289,4,3,"majority_language",0,0,6.9,,,7.8,7.3,2,,,8.5,2.4,4,69.4,5,5,4,4,5,,,,,,,,,,,2,1,1,1,1,1,,,,,,,,,,,,,5,3,3,1,3,,,,,,,,,,,5,5,5,5,5,5,3,4,5,3,1,1,1,1,1,1,0,0,1,1,1,0,0.871,-0.262,52.7,52.6,0,1,1,1,1,"A"
1581,"S20","C078","South","technical",22,0.151,0.593,15.1,10,"boy",-0.686,2,5,"majority_language",0,0,6.9,6.1,6,6.9,8.3,4,8,5,10,4.2,1,40,5,4,5,2,2,5,4,4,,,5,5,,5,4,,3,4,3,2,3,2,4,3,1,3,1,3,4,4,,,,3,3,2,3,5,3,5,4,3,3,5,5,3,3,5,5,5,5,5,5,5,4,3,5,5,1,0,1,1,1,0,1,0,1,0,0,0,0.504,-1.408,30.7,51.9,1,1,1,0,0,"C"
1582,"S20","C078","South","technical",22,0.151,0.593,16.2,10,"boy",-1.039,2,1,"other_language",0,0,6.7,7.1,7.2,7.4,5.9,10,2,4,3.3,4.3,4,36.1,,2,3,2,2,2,2,3,2,2,3,4,3,2,3,1,2,2,3,1,1,4,2,2,,,,3,2,3,3,4,1,2,3,2,4,4,,4,2,5,2,,2,1,,,4,5,4,4,4,2,4,2,,3,0,1,,1,1,0,0,0,1,0,1,0,0.896,0.33,45.4,50.8,1,1,1,0,0,"B"
1583,"S20","C078","South","technical",22,0.151,0.593,15.7,10,"boy",1.587,4,5,"majority_language",0,0,7.2,7.9,8.2,8.1,5.6,6,1,0,6.6,2.1,3,49.6,5,4,5,3,5,4,3,5,5,4,4,3,5,4,5,4,2,3,2,3,2,,2,2,,,,2,2,2,2,2,2,,4,5,4,1,4,4,5,4,4,3,4,3,,,5,4,5,5,3,4,5,4,3,4,1,1,1,1,1,1,,0,0,1,1,0,0.888,1.623,49.1,51,1,1,1,0,0,"B"
1584,"S20","C078","South","technical",22,0.151,0.593,15.4,10,"girl",0.024,1,3,"majority_language",0,0,7,8.4,7.7,7.2,7.4,1,1,2,4,2.4,3,60.4,5,5,2,5,4,5,4,4,,,4,4,3,1,2,1,1,2,2,1,2,3,3,2,2,1,2,1,2,1,,,,5,5,4,4,2,3,4,5,4,4,2,3,3,1,4,2,4,3,5,4,3,3,3,4,3,1,0,1,1,1,0,1,1,0,0,0,0,,,,,1,1,1,0,0,"C"
1585,"S20","C078","South","technical",22,0.151,0.593,15,10,"girl",-0.446,4,2,"majority_language",0,0,6.4,,,6.9,7.4,2,,,7,2.2,3,58.1,4,5,4,5,5,,,,,,,,,,,2,3,3,1,3,2,,,,,,,,,,,,,5,4,5,5,5,,,,,,,,,,,5,5,5,3,4,4,5,5,3,3,1,1,1,1,1,1,1,0,1,1,1,1,0.861,0.219,41.9,49.2,0,1,1,1,1,"A"
1586,"S20","C078","South","technical",22,0.151,0.593,15.4,10,"another_or_no_answer",-0.652,5,3,"majority_language",0,0,7.6,7.9,7.8,6.3,6.4,2,1,0,4.7,4,3,60.7,3,3,2,5,4,3,3,1,,,4,2,4,1,,1,1,1,1,,1,2,2,1,3,3,1,2,3,1,,,,3,,3,2,2,5,4,3,3,3,2,4,3,1,1,3,4,3,2,2,3,3,2,3,5,0,1,1,1,1,0,0,1,0,1,,0,0.572,0.19,37.9,41.6,1,1,1,0,0,"C"
1587,"S20","C078","South","technical",22,0.151,0.593,16.3,10,"girl",-0.204,1,2,"majority_language",0,0,6.4,5.9,6.3,6.9,7.4,1,2,5,6.6,1.8,4,57.9,4,4,5,3,4,4,3,1,5,4,2,3,3,3,3,3,1,3,1,3,2,3,1,3,3,2,2,3,2,4,1,2,3,3,4,4,3,3,3,3,4,3,3,5,1,3,3,2,4,4,3,5,5,4,4,3,5,2,1,1,0,1,0,1,0,0,0,0,0,0,0.81,-0.446,33.7,52,0,0,0,0,0,"A"
1588,"S20","C078","South","technical",22,0.151,0.593,15.6,10,"girl",-0.708,2,1,"other_language",0,0,7.2,6.9,6.7,6.7,6.2,5,5,2,9.4,3.5,3,58.7,4,5,5,5,4,4,5,5,5,4,,5,5,5,5,1,1,1,2,1,1,2,1,1,1,2,1,1,1,1,3,1,2,3,2,5,5,2,3,3,3,4,4,3,3,4,1,4,1,1,2,3,4,5,4,4,5,5,1,0,0,1,0,1,0,0,0,0,0,0,0.513,-0.919,37.9,40.7,0,0,1,0,0,"A"
1589,"S20","C078","South","technical",22,0.151,0.593,15.9,10,"girl",-0.335,2,3,"majority_language",0,0,8.2,8.4,8,7,8.1,2,1,3,8.9,1.1,4,50.9,4,4,3,5,5,5,3,3,,,5,5,4,5,5,1,1,1,2,2,1,2,2,3,2,1,2,3,1,1,,,,3,4,4,2,4,5,5,5,5,5,3,5,5,4,5,3,2,3,4,3,4,4,4,2,3,0,1,1,0,0,1,1,1,1,0,0,0,0.535,-0.201,36.3,50.8,0,1,1,0,0,"C"
1590,"S20","C078","South","technical",22,0.151,0.593,14.7,10,"girl",0.507,5,3,"majority_language",0,0,6.9,6.7,5.1,5.6,5.7,3,2,4,6.6,2.7,2,57.4,3,2,5,4,4,3,3,2,,,4,5,3,5,4,2,3,1,1,2,2,3,3,1,2,3,1,2,3,1,,,,4,5,4,3,5,5,5,5,4,4,4,5,2,4,3,5,5,5,5,4,4,4,5,4,4,0,1,1,1,0,0,0,0,0,0,0,0,0.612,-0.72,34.8,33.6,0,1,1,0,0,"C"
1591,"S20","C078","South","technical",22,0.151,0.593,15.2,10,"boy",0.811,3,3,"majority_language",0,0,7.1,7.6,8.2,5.9,7.3,0,5,2,10.6,2.5,2,49.6,4,3,3,4,4,4,4,5,3,5,4,4,4,5,3,,1,2,1,1,3,1,1,1,,,,1,2,1,2,1,1,2,2,2,4,4,3,2,2,5,3,3,4,2,,,5,4,4,3,3,2,2,3,3,5,1,1,1,1,0,1,1,0,0,1,1,0,0.513,-0.905,29.2,37.2,1,1,1,0,0,"B"
1592,"S20","C078","South","technical",22,0.151,0.593,15.3,10,"boy",-0.316,2,1,"majority_language",0,0,7.3,6.9,,7.4,7.2,6,3,,7.7,2,3,50.1,4,1,5,4,5,5,3,4,,,,,,,,2,3,3,2,3,2,4,1,1,2,3,2,,,,,,,2,,4,5,4,5,4,5,5,5,,,,,,4,4,5,4,5,2,5,,3,4,,1,1,1,0,0,0,1,0,0,0,0,0.593,-0.801,34.9,40.7,1,1,1,0,1,"C"
1593,"S20","C079","South","technical",23,0.151,0.57,14.5,9,"girl",0.258,2,2,"other_language",0,1,7.9,7.8,7.6,6.4,7,3,3,1,6,1.5,4,59.9,5,4,4,4,4,5,5,3,3,4,3,5,4,3,4,1,1,1,1,1,1,1,1,2,1,1,1,1,1,2,2,1,1,4,3,5,5,4,3,3,4,3,3,3,3,4,5,3,4,,3,4,4,5,5,5,4,5,0,1,1,1,1,1,0,1,1,0,0,0,0.758,-0.643,43.6,43.8,1,0,0,0,0,"A"
1594,"S20","C079","South","technical",23,0.151,0.57,14.9,9,"girl",0.193,4,1,"majority_language",0,0,6.6,6.3,6.5,5.3,6.3,14,3,1,3.4,1.8,3,46,3,,3,,3,2,4,4,,,4,3,4,4,3,1,3,3,4,3,4,,3,4,2,3,3,1,3,1,,,,3,2,,2,4,4,4,1,4,2,5,4,5,3,4,2,2,,1,3,3,3,3,4,3,1,1,0,0,0,1,1,0,0,0,0,0,0.847,0.241,39.4,52.4,1,1,1,0,0,"C"
1595,"S20","C079","South","technical",23,0.151,0.57,14.2,9,"girl",0.544,4,4,"other_language",1,0,6.6,7.3,6.5,6.5,7.6,4,9,0,6.6,2.4,4,45.9,4,2,3,2,4,3,3,5,,,5,3,3,5,4,2,2,3,1,2,1,2,3,2,1,2,1,2,2,2,,,,3,4,4,3,4,5,4,4,4,5,4,5,5,,2,3,3,4,3,2,4,4,5,3,5,1,1,1,1,0,0,,0,0,0,0,0,0.892,-0.951,60.3,49.7,1,1,1,0,0,"C"
1596,"S20","C079","South","technical",23,0.151,0.57,14.4,9,"boy",-0.328,5,5,"majority_language",0,0,6.8,6.4,7.7,7,6.5,3,2,2,4.8,2.7,4,57.9,4,3,4,3,4,5,5,5,4,4,5,5,5,4,5,2,2,2,3,1,,2,2,2,3,3,1,1,2,3,,1,2,4,3,4,3,4,1,4,3,2,3,5,4,5,3,5,4,2,5,5,4,5,5,5,5,4,0,0,1,0,0,1,0,1,0,1,0,0,,,,,1,0,1,0,0,"A"
1597,"S20","C079","South","technical",23,0.151,0.57,14.6,9,"girl",0.892,4,1,"majority_language",0,0,7.9,7.5,7.5,7,7.8,2,1,0,5.3,2.3,4,37.4,3,3,4,5,4,3,4,3,3,5,3,4,3,4,2,3,2,1,3,3,1,2,2,3,2,2,1,1,1,1,3,2,1,,5,4,3,4,3,4,5,2,4,4,4,4,2,3,3,3,5,3,,4,4,3,3,3,1,1,1,1,0,1,0,1,1,0,0,0,0.817,0.786,53.1,54,1,0,0,0,0,"A"
1598,"S20","C079","South","technical",23,0.151,0.57,14.5,9,"girl",-0.618,3,2,"majority_language",0,0,6.5,6.5,5.5,6.6,6.8,2,3,12,5.2,1.8,2,50.1,4,3,4,5,2,3,5,4,4,2,3,3,2,3,3,1,1,1,1,1,2,2,2,3,,,,1,2,2,2,3,1,5,4,5,3,4,,4,5,4,5,4,4,4,,,3,4,2,4,3,2,3,4,4,5,0,1,1,1,1,0,0,0,0,0,,0,0.797,0.439,33.8,50.8,1,1,1,0,0,"B"
1599,"S20","C079","South","technical",23,0.151,0.57,14.3,9,"girl",-0.438,1,1,"majority_language",0,0,6.7,6.8,5.1,7.4,6.7,6,3,5,5.1,1.6,2,32.8,1,1,3,2,2,2,4,4,,,4,3,3,2,2,1,4,1,4,2,3,2,,2,2,4,1,4,2,3,,,,4,3,4,4,5,4,,4,5,4,5,4,5,5,4,3,4,3,2,3,5,3,4,4,5,1,0,1,0,0,0,0,0,0,1,0,0,,,,,1,1,1,0,0,"C"
1600,"S20","C079","South","technical",23,0.151,0.57,14.2,9,"boy",0.25,3,4,"majority_language",1,0,6,6.3,7.8,7.5,7.3,12,2,2,3.5,2.2,4,41.3,,1,3,2,3,4,3,4,2,,4,5,3,5,4,1,1,2,2,2,1,2,2,2,,,,2,2,1,2,1,2,2,2,2,3,3,2,2,3,3,3,4,3,3,,,3,3,4,3,2,3,2,2,2,4,1,1,1,1,1,1,1,1,0,0,0,0,,,,,1,1,1,0,0,"B"
1601,"S20","C079","South","technical",23,0.151,0.57,14.9,9,"boy",0.46,4,2,"majority_language",1,0,6.9,7.2,6.5,6.9,8.1,9,5,3,8.2,1.7,3,45,2,2,3,3,5,4,2,4,3,1,4,4,4,4,4,2,1,2,3,4,1,2,3,3,,,,2,2,1,,1,2,5,4,5,5,4,2,4,4,5,4,,4,3,,,2,2,4,5,2,3,3,4,4,3,1,0,1,,0,0,0,1,0,0,1,1,0.879,0.07,59.7,72.1,1,1,1,0,0,"B"
1602,"S20","C079","South","technical",23,0.151,0.57,14.8,9,"boy",0.631,3,4,"other_language",1,0,7.9,8.1,7.8,6.1,6.4,4,5,5,5.8,2.8,5,56.4,4,4,,3,2,3,3,3,2,2,5,4,5,5,4,3,1,1,3,2,2,1,1,3,3,3,1,2,2,2,2,2,2,5,4,5,2,2,3,4,3,5,5,4,5,4,5,5,5,3,5,4,4,3,4,2,3,5,1,1,1,,0,1,0,0,0,,,1,0.855,0.769,52.2,42.9,1,0,0,0,0,"A"
1603,"S20","C079","South","technical",23,0.151,0.57,14.2,9,"boy",-0.116,5,3,"majority_language",0,0,6.6,6.4,5.4,5.8,8.1,0,0,0,4.3,2.4,1,48.3,4,2,4,4,1,4,4,4,5,3,5,3,3,5,4,2,2,1,2,2,2,3,2,1,,,,1,1,1,1,1,2,5,5,4,5,5,5,5,5,5,5,5,,4,,,3,5,3,2,3,5,5,5,5,5,1,,1,1,1,0,0,0,1,0,0,0,0.817,1.258,43.2,49.8,1,1,1,0,0,"B"
1604,"S20","C079","South","technical",23,0.151,0.57,14.4,9,"another_or_no_answer",-0.108,2,3,"other_language",1,0,7.9,8,7.4,6.6,6.7,3,2,1,6.8,0.8,4,51.1,4,5,5,5,2,5,5,5,,,4,3,5,5,5,1,1,1,,2,1,3,2,1,1,1,2,3,2,1,,,,5,,2,3,2,5,4,5,4,3,4,3,3,3,5,4,5,5,5,4,3,3,3,3,3,1,1,1,1,,0,1,1,0,0,,1,0.731,-1.198,48.8,41.4,1,1,1,0,0,"C"
1605,"S20","C079","South","technical",23,0.151,0.57,15.1,9,"boy",0.251,3,3,"other_language",0,0,7.4,7.3,8,9,8.8,6,3,5,7.7,1.3,5,58.2,5,4,3,5,5,4,5,4,5,5,4,2,3,3,3,2,3,1,3,1,1,2,1,1,1,1,1,1,2,1,2,1,1,4,4,3,4,2,4,5,3,3,5,4,4,5,5,3,2,5,3,3,4,3,3,2,2,3,,1,1,0,1,1,1,0,1,1,1,1,,,,,1,0,0,0,0,"A"
1606,"S20","C079","South","technical",23,0.151,0.57,14.7,9,"girl",-1.283,1,1,"majority_language",0,0,5.2,,,6.1,5.7,8,,,2.1,3.3,1,37.6,,2,3,3,2,,,,,,,,,,,,2,3,3,,2,,,,,,,,,,,,,2,4,2,2,4,,,,,,,,,,,3,2,4,3,2,1,3,1,1,2,0,1,0,0,1,0,0,0,0,0,0,0,0.738,-1.157,43.6,38.5,1,1,1,1,1,"A"
1607,"S20","C079","South","technical",23,0.151,0.57,14,9,"girl",-0.599,4,1,"majority_language",0,0,7.1,,,7.7,6.5,19,,,2,3.2,3,60.7,3,5,4,3,4,,,,,,,,,,,2,3,4,4,4,,,,,,,,,,,,,,2,3,,,3,,,,,,,,,,,3,3,,3,4,,2,3,4,3,1,1,1,1,0,0,0,0,,0,0,0,,,,,1,1,1,1,1,"B"
1608,"S20","C079","South","technical",23,0.151,0.57,14.1,9,"boy",-0.59,3,2,"other_language",0,0,7,8.1,8.2,8.3,8.3,1,6,3,6.1,1.7,4,51,5,5,4,4,4,5,5,5,,,5,5,5,5,4,2,1,1,2,2,2,2,3,,3,3,3,1,1,3,,,,4,2,4,2,4,4,4,5,4,4,5,4,4,4,4,3,2,5,3,2,4,3,4,5,5,1,,1,1,1,1,1,1,0,0,0,1,0.868,-0.482,54.1,42,1,1,1,0,0,"C"
1609,"S20","C079","South","technical",23,0.151,0.57,14.2,9,"girl",0.55,5,3,"majority_language",0,0,7.8,7.2,6.8,6,6.3,4,1,5,5.8,10,2,49.1,3,3,3,3,4,3,3,4,3,2,4,5,4,3,5,3,4,3,3,4,2,2,3,3,,,,2,2,2,1,2,1,,3,5,3,3,3,3,4,2,3,4,4,5,,,4,3,,,5,3,4,4,4,3,1,,1,0,0,0,1,0,0,1,0,0,0.564,-1.076,48.6,35.4,1,1,1,0,0,"B"
1610,"S20","C079","South","technical",23,0.151,0.57,13.8,9,"girl",0.601,3,,"majority_language",0,0,8,,,6.8,7.9,6,,,6.1,1.9,3,56.5,2,3,3,4,3,,,,,,,,,,,1,3,2,2,3,1,,,,,,,,,,,,,5,3,2,4,2,,,,,,,,,,,5,4,4,3,,2,,1,2,3,1,1,1,1,1,0,1,1,1,1,1,0,0.651,-0.021,40.6,48,1,1,1,1,1,"B"
1611,"S20","C079","South","technical",23,0.151,0.57,14.9,9,"boy",1.163,3,4,"majority_language",1,0,6.5,7,6.6,5.6,7.2,0,11,2,2.4,5.2,4,49.6,4,3,3,2,3,2,2,4,5,3,4,4,5,4,3,3,3,1,3,3,3,3,1,2,2,1,2,4,4,2,3,2,3,,4,5,4,4,5,5,3,5,2,5,5,5,5,3,5,4,5,5,4,3,3,4,3,4,,1,1,0,1,1,0,1,0,0,0,0,0.932,0.825,47.9,52.5,1,0,0,0,0,"A"
1612,"S20","C079","South","technical",23,0.151,0.57,14.6,9,"boy",1.118,4,2,"other_language",0,0,8.7,8.8,9,8.7,9.4,0,0,1,10,2.2,3,62.2,4,5,5,4,5,5,5,3,5,3,5,5,5,4,5,,2,1,1,2,2,1,2,1,,,,1,1,2,1,1,1,3,5,5,4,3,5,5,5,5,5,4,5,4,,,5,4,5,3,4,4,4,4,4,3,1,1,1,1,1,1,1,1,,0,0,1,0.771,0.897,61.9,61,1,1,1,0,0,"B"
1613,"S20","C079","South","technical",23,0.151,0.57,14.6,9,"girl",-0.636,3,3,"majority_language",0,1,5.9,6.9,6.3,5.8,5.5,9,0,1,1.1,2.1,4,42.2,3,1,4,,4,2,5,2,,,3,3,4,4,5,2,4,4,3,2,4,2,3,4,2,1,3,1,3,1,,,,5,3,5,2,4,2,5,4,3,3,3,5,5,3,5,4,5,4,3,4,3,3,,4,2,1,0,0,1,0,0,0,0,0,0,0,0,,,,,1,1,1,0,0,"C"
1614,"S20","C079","South","technical",23,0.151,0.57,14.1,9,"girl",-0.062,2,3,"majority_language",0,0,6.8,6.8,6.5,5.5,7.6,0,4,1,5.9,2.3,4,48.4,4,5,3,5,4,,4,4,,,5,3,3,2,3,3,3,2,3,3,1,2,4,2,3,2,1,3,,2,,,,5,4,5,3,4,4,4,4,4,3,4,4,4,5,4,3,5,4,5,2,4,4,5,4,3,1,0,0,0,0,0,0,0,1,0,0,0,0.737,-1.655,43.1,52,0,1,1,0,0,"C"
1615,"S20","C079","South","technical",23,0.151,0.57,15,9,"boy",0.102,2,5,"majority_language",0,0,7.7,6.7,7.3,7.8,7.2,3,0,6,6.5,2.5,4,48.3,5,4,5,3,4,5,3,5,5,4,5,3,4,4,4,3,1,2,3,3,1,2,2,2,,,,4,2,2,3,4,2,4,3,3,4,4,4,5,5,4,5,4,5,4,,,5,3,3,5,3,4,4,4,3,2,1,1,1,1,0,1,0,0,1,,1,0,0.728,-0.286,53.4,27.9,1,1,1,0,0,"B"
1616,"S20","C080","South","technical",19,0.151,0.347,14.3,9,"boy",0.466,4,2,"majority_language",0,0,7.7,7.1,7.2,7,7.6,12,2,2,5.3,1.1,2,51.2,2,5,4,4,5,3,4,3,3,,2,2,,2,,3,,4,2,2,2,3,5,3,,,,3,3,1,2,2,1,2,3,1,3,3,4,5,5,5,5,4,5,5,,,2,3,3,2,2,3,4,3,3,4,1,1,1,1,0,0,0,1,1,0,1,0,0.675,-0.371,49.1,50.8,1,1,1,0,0,"B"
1617,"S20","C080","South","technical",19,0.151,0.347,15.5,9,"girl",-0.669,2,2,"majority_language",0,0,7.3,6.7,,6.4,7,7,1,,6.1,2.6,2,57.2,1,3,4,3,,3,3,2,3,3,,,,,,2,4,5,4,2,3,2,3,3,4,3,2,,,,,,,5,4,4,5,2,5,5,5,5,5,,,,,,2,4,3,2,2,3,4,3,3,4,0,1,1,,1,1,0,0,0,0,0,0,0.736,-0.788,40.9,48.5,1,0,1,0,1,"A"
1618,"S20","C080","South","technical",19,0.151,0.347,14.3,9,"girl",1.301,5,5,"majority_language",0,0,7.4,7.5,8.5,6.9,8.2,10,4,4,3,3.2,3,50.1,5,3,3,5,4,4,3,4,3,4,4,3,4,5,3,2,,1,2,1,1,4,,3,,,,4,3,3,3,3,2,3,5,4,2,5,3,4,3,2,3,3,4,4,,,3,4,2,2,4,5,4,5,5,5,1,1,1,1,1,1,1,0,1,1,1,0,0.878,0.412,56.9,61.4,1,1,1,0,0,"B"
1619,"S20","C080","South","technical",19,0.151,0.347,14.4,9,"boy",-1.125,1,2,"majority_language",0,0,7.2,5.8,6.3,6.9,6.9,3,4,3,5.3,1.9,4,51.8,4,5,5,5,4,4,3,4,3,3,3,5,4,3,4,1,1,1,3,1,,1,,1,,,,1,1,1,1,1,2,5,5,5,4,5,4,3,4,3,4,3,3,4,,,2,5,3,5,3,4,4,4,2,4,0,1,0,0,1,0,0,0,0,0,0,0,,,,,1,1,1,0,0,"B"
1620,"S20","C080","South","technical",19,0.151,0.347,14.1,9,"boy",-1.5,1,1,"majority_language",1,0,7.5,7,7.6,7.1,7.5,0,11,4,3.8,3.3,3,55.8,5,4,2,5,5,4,4,4,4,5,5,4,3,4,,2,2,1,1,1,1,1,1,2,1,1,1,3,4,1,1,2,2,3,3,,2,3,3,3,2,3,5,,3,2,4,4,2,3,3,2,3,1,1,1,1,2,1,1,0,1,1,1,1,0,0,0,1,0,0.523,0.963,48.6,53.9,1,0,1,0,0,"A"
1621,"S20","C080","South","technical",19,0.151,0.347,14.5,9,"boy",0.508,4,5,"majority_language",0,0,7.8,8.6,8.6,6.9,7.5,3,2,1,7.6,2.5,5,50.9,5,5,3,5,5,4,5,4,5,5,3,3,5,3,4,2,3,1,1,2,2,2,4,1,,,,1,2,3,4,1,3,4,5,4,5,5,4,2,4,4,4,4,3,4,,,4,3,5,4,4,4,3,4,4,2,1,1,1,1,,1,1,,1,0,1,1,0.671,-0.026,51.9,47.8,1,1,1,0,0,"B"
1622,"S20","C080","South","technical",19,0.151,0.347,15,9,"girl",-0.495,2,2,"other_language",0,0,7.5,,,6.5,8.8,2,,,11.1,3.1,2,53.2,3,3,3,5,4,,,,,,,,,,,2,2,3,2,2,1,,,,,,,,,,,,,4,5,4,5,5,,,,,,,,,,,2,2,2,4,4,2,4,2,4,4,1,1,1,1,1,1,1,0,1,0,1,0,0.789,0.198,53.9,38.4,0,1,1,1,1,"B"
1623,"S20","C080","South","technical",19,0.151,0.347,14.5,9,"girl",-0.152,5,3,"majority_language",0,0,7.3,7,8.6,7.2,7.5,3,2,2,9.4,4.8,2,49.2,5,5,5,3,3,5,5,,5,5,5,5,4,4,5,2,1,2,1,1,3,2,1,2,1,2,1,1,1,1,1,1,1,4,5,4,5,4,4,5,,4,3,4,4,4,4,4,3,4,4,4,4,4,2,3,5,3,1,1,1,1,1,1,,0,1,0,0,1,0.771,0.93,52.1,36.7,1,1,0,0,0,"A"
1624,"S20","C080","South","technical",19,0.151,0.347,14.7,9,"girl",-0.364,3,1,"majority_language",0,0,7.3,7.5,6.6,6.2,6.6,1,1,1,3.5,2.1,2,53.3,2,3,3,3,3,2,4,3,1,3,2,4,1,3,2,1,1,1,2,1,2,2,2,2,1,3,3,1,1,1,2,1,3,4,5,5,5,4,5,4,3,3,3,5,2,3,3,3,4,2,2,3,4,3,4,2,4,4,1,,1,0,0,1,0,1,0,0,0,0,0.956,0.643,54.3,55.2,1,0,0,0,0,"A"
1625,"S20","C080","South","technical",19,0.151,0.347,14.7,9,"boy",1.245,5,5,"majority_language",0,0,8.1,6.9,5.8,6.8,6.6,4,1,3,5.9,2.1,1,59.7,,5,4,4,5,5,5,4,4,5,5,4,4,5,5,4,2,1,2,2,2,2,1,1,2,3,3,1,2,1,3,1,3,3,4,3,3,4,3,4,4,2,,5,5,4,3,5,,5,3,4,5,4,5,4,3,4,0,0,0,1,1,0,0,0,0,0,0,0,0.795,0.344,52.2,34.8,1,1,0,0,0,"A"
1626,"S20","C080","South","technical",19,0.151,0.347,14.7,9,"boy",0.744,4,2,"majority_language",0,0,8.2,7.2,8.2,6.4,7.6,0,3,3,10.3,2.6,5,48.1,5,5,5,4,5,5,5,5,,,5,5,5,5,5,2,1,1,1,1,1,2,1,2,1,1,4,1,2,1,,,,4,4,3,2,4,4,4,3,3,4,4,4,5,4,4,3,2,3,2,2,5,5,4,5,5,0,1,,0,1,,1,0,0,1,0,0,0.949,0.595,60.8,48.6,1,1,1,0,0,"C"
1627,"S20","C080","South","technical",19,0.151,0.347,14.6,9,"boy",3.224,5,5,"majority_language",0,0,8.3,7.9,6.8,7.1,8.4,1,1,1,7.1,2.1,5,55,5,5,5,3,4,4,5,4,3,4,5,5,5,5,5,1,1,1,1,1,1,1,1,1,,,,1,1,1,1,1,1,4,4,4,5,,5,4,4,4,4,5,4,4,,,5,5,5,4,5,4,4,2,2,3,1,0,1,1,1,1,1,1,1,1,1,0,0.848,0.413,48.9,60.3,1,1,1,0,0,"B"
1628,"S20","C080","South","technical",19,0.151,0.347,14.2,9,"girl",-0.641,2,2,"majority_language",1,0,6.5,,,7.1,8.4,7,,,3.4,1.7,3,42.1,4,5,3,3,5,,,,,,,,,,,4,2,3,3,3,4,,,,,,,,,,,,,4,4,4,5,,,,,,,,,,,,3,2,3,3,4,5,5,4,5,4,1,1,1,0,0,0,1,1,0,0,0,0,0.851,0.303,56.6,60.8,1,1,1,1,1,"C"
1629,"S20","C080","South","technical",19,0.151,0.347,14.3,9,"boy",0.353,5,3,"other_language",0,0,6.6,6.2,6.8,5.5,7.7,5,5,1,8.1,2.1,4,48.2,4,3,4,2,2,3,2,3,,,4,4,3,2,4,2,1,3,1,2,3,4,3,3,3,2,4,2,2,2,,,,2,2,4,4,3,4,2,2,3,2,4,,5,4,5,3,3,3,4,5,2,4,4,4,4,1,0,0,0,1,0,1,0,0,0,1,0,0.765,-0.299,65.5,44.2,0,1,1,0,0,"C"
1630,"S20","C080","South","technical",19,0.151,0.347,14.2,9,"boy",1.092,5,5,"majority_language",0,0,7.3,6.3,6,7.1,6.9,1,1,4,8.1,3.5,3,41.9,4,2,3,3,3,4,4,4,,,5,4,4,3,4,1,2,2,2,2,,3,2,1,2,3,2,2,2,2,,,,4,3,5,3,4,5,4,4,3,4,4,5,4,4,2,4,3,3,3,2,4,3,4,5,4,1,0,0,1,0,,1,0,0,0,0,0,0.826,0.707,65.8,42.1,1,1,1,0,0,"C"
1631,"S20","C080","South","technical",19,0.151,0.347,13.9,9,"boy",-0.501,2,4,"other_language",0,0,7.6,8.3,8,7.1,6.4,2,0,5,6.7,4,2,53.5,4,4,3,4,2,3,4,5,4,4,5,5,5,5,4,1,1,2,3,1,4,3,1,2,,,,2,1,2,2,1,4,3,4,4,5,2,3,4,3,,4,3,3,3,,,2,,3,4,5,3,4,3,3,4,1,1,1,,1,0,0,1,1,0,0,1,0.602,0.149,49,51.2,1,1,1,0,0,"B"
1632,"S20","C080","South","technical",19,0.151,0.347,14.5,9,"girl",-0.512,3,2,"majority_language",0,0,6.1,6.4,6.3,6.5,7.2,11,8,0,1.4,5.9,1,43,3,3,2,2,3,4,,3,,1,2,4,3,3,3,3,3,3,4,3,2,,3,5,,,,2,2,2,3,4,3,3,4,4,2,4,1,,3,5,5,2,4,3,,,4,4,4,4,3,5,5,4,3,5,1,1,0,1,1,1,0,1,0,1,1,1,0.588,-1.402,35.7,48.4,0,1,1,0,0,"B"
1633,"S20","C080","South","technical",19,0.151,0.347,14.1,9,"boy",0.759,5,5,"majority_language",1,0,7.9,9,8.5,7.6,7.4,1,1,0,6.8,1.3,5,56.1,5,4,,3,3,5,5,5,5,5,5,5,5,5,5,3,3,1,1,2,2,3,3,1,,,,3,3,1,1,1,2,5,5,5,5,4,5,5,5,5,3,5,5,5,,,4,4,,5,3,5,5,5,3,5,1,0,1,1,0,,0,1,1,1,0,0,0.731,1.073,59.5,45.3,1,1,1,0,0,"B"
1634,"S20","C080","South","technical",19,0.151,0.347,14.4,9,"boy",0.043,2,3,"majority_language",0,0,7.9,7.9,7.7,6.5,8,7,3,1,7,4.6,3,47.9,3,3,4,4,3,4,2,3,3,2,1,3,2,4,3,1,2,1,2,2,2,1,1,1,,,,1,1,2,1,1,1,4,4,,3,2,3,4,2,4,3,1,5,2,,,3,4,3,4,2,3,,2,2,2,1,1,1,1,1,1,1,0,0,1,1,1,0.78,1.326,59.6,64.5,1,1,1,0,0,"B"
1635,"S21","C081","Centre","technical",21,0.043,0.177,15,10,"boy",0.517,3,5,"majority_language",0,0,5.9,5.8,6.3,7.3,7.3,1,1,2,8,2.1,2,47.3,3,3,4,2,3,4,4,2,,,3,4,4,4,3,1,2,1,1,1,2,1,1,2,1,1,1,1,1,1,,,,2,5,5,4,3,,5,3,3,4,4,4,4,4,4,3,3,3,4,5,5,4,4,3,4,1,0,1,1,0,0,,1,0,0,0,0,0.728,0.026,44.9,47.7,1,1,1,0,0,"C"
1636,"S21","C081","Centre","technical",21,0.043,0.177,15.4,10,"boy",-1.537,3,1,"majority_language",0,0,6,6.1,6.3,7,7.2,1,2,5,2.2,1.1,4,49,4,5,3,3,4,5,3,3,4,3,4,3,2,,3,1,1,1,3,1,2,2,2,2,1,1,2,1,2,2,1,2,3,4,3,5,3,4,3,2,4,3,1,3,4,5,3,5,2,2,4,1,3,4,5,4,3,4,0,0,0,0,0,0,0,0,0,0,0,,,,,,1,0,1,0,0,"A"
1637,"S21","C081","Centre","technical",21,0.043,0.177,15.8,10,"girl",-0.14,3,3,"other_language",0,0,6,6.3,5.6,7,6.4,0,3,7,8.2,4.7,4,42.2,2,3,3,2,3,3,3,3,3,3,5,4,3,4,4,1,2,1,2,2,1,1,1,2,1,3,1,3,2,1,3,1,3,4,4,3,4,2,5,5,4,5,3,4,4,2,4,2,,4,4,4,5,3,3,4,2,5,0,0,0,0,0,0,0,0,0,0,0,0,0.566,-2.056,20,31.3,1,0,0,0,0,"A"
1638,"S21","C081","Centre","technical",21,0.043,0.177,16.2,10,"another_or_no_answer",0.741,3,5,"majority_language",0,0,6.4,6.4,6.4,4.6,8.1,1,3,4,9.7,2.4,2,43.7,4,3,4,2,2,3,4,5,3,3,3,2,3,4,3,4,3,2,3,1,2,,1,3,2,2,2,2,3,4,4,3,3,5,4,5,5,4,,4,,5,4,3,4,4,5,2,4,3,2,,3,5,5,4,4,4,1,1,1,0,0,,0,0,0,0,0,0,0.589,-0.048,37.3,38.1,1,1,0,0,0,"A"
1639,"S21","C081","Centre","technical",21,0.043,0.177,15.8,10,"boy",0.977,4,2,"majority_language",0,0,6.8,6.7,7.2,7,7.2,0,8,2,6.4,2.3,2,43.2,3,1,3,2,4,3,2,,,4,4,4,4,5,5,3,2,3,3,3,2,4,4,4,,,,4,2,3,3,2,3,5,5,3,5,5,4,4,4,3,4,2,4,3,,,4,4,4,4,5,4,5,3,4,4,1,1,0,0,1,0,1,0,0,0,1,0,0.708,-0.094,47.7,53,0,1,1,0,0,"B"
1640,"S21","C081","Centre","technical",21,0.043,0.177,16,10,"girl",0.139,4,2,"majority_language",1,0,7,6.9,7.2,6.1,6.9,4,1,2,9.7,4.7,3,57.8,4,3,3,5,4,5,5,5,5,4,5,5,5,5,4,1,3,2,4,3,1,3,2,2,2,1,2,2,3,2,1,1,2,3,5,3,3,,2,2,1,2,,3,,2,4,2,5,5,4,5,4,3,2,5,2,4,1,0,1,1,1,1,0,0,1,0,0,0,,,,,1,1,1,0,0,"A"
1641,"S21","C081","Centre","technical",21,0.043,0.177,15.6,10,"girl",-1.071,1,4,"majority_language",0,0,6.8,6.8,,8.1,6.6,2,5,,0.9,2.9,1,62.5,2,5,4,3,5,4,4,3,2,,,,,,,,2,4,2,3,2,2,1,1,,,,,,,,,,2,4,,3,2,2,3,4,4,2,,,,,,2,3,4,2,2,3,4,4,4,4,1,1,1,,1,1,1,1,0,0,1,1,0.664,-1.242,52.2,45.9,1,1,1,0,1,"B"
1642,"S21","C081","Centre","technical",21,0.043,0.177,14.9,10,"boy",0.162,4,3,"other_language",0,0,7.3,6.2,5.8,5.8,6.3,2,4,1,8.7,3.5,3,51.3,5,3,2,2,4,3,,3,3,5,5,5,4,5,5,1,1,3,4,3,2,2,,1,,,,2,1,1,3,2,3,3,3,4,5,4,4,3,3,3,5,3,,5,,,4,4,3,4,3,5,4,5,4,5,1,1,1,0,1,0,0,1,0,,0,0,0.672,-1.217,38.5,35.2,1,1,1,0,0,"B"
1643,"S21","C081","Centre","technical",21,0.043,0.177,15.7,10,"boy",-0.218,4,2,"majority_language",0,0,6.6,7,,7.4,7.9,2,3,,7.7,2.3,3,43.2,5,5,4,3,3,4,4,4,,,,,,,,3,3,2,3,2,2,2,3,2,1,3,2,,,,,,,3,3,4,2,5,5,4,4,4,5,,,,,,2,3,4,3,3,3,4,3,3,4,0,0,0,1,1,1,0,1,0,0,0,0,0.564,0.615,49.4,60.6,0,1,1,0,1,"C"
1644,"S21","C081","Centre","technical",21,0.043,0.177,15.7,10,"girl",-0.422,2,3,"other_language",0,0,8.1,8.1,7.7,7.2,7.7,4,5,2,11.3,2.3,5,61.1,4,5,4,4,5,4,5,2,4,5,4,2,5,5,4,1,1,1,2,1,2,1,1,1,2,2,3,3,3,2,2,2,3,5,4,3,5,3,4,3,5,5,4,5,5,4,5,5,5,5,5,5,5,4,5,5,1,5,1,1,1,,1,0,1,1,1,1,0,0,0.848,1.166,64.7,60.1,1,0,0,0,0,"A"
1645,"S21","C081","Centre","technical",21,0.043,0.177,15.6,10,"girl",-1.813,2,1,"majority_language",0,0,5.6,,,7.2,8.4,6,,,4.6,5.3,3,43.3,3,1,3,3,3,,,,,,,,,,,3,,3,3,3,2,,,,,,,,,,,,,5,5,4,5,4,,,,,,,,,,,,5,4,4,3,5,4,2,5,5,0,0,1,0,0,0,0,0,0,0,0,1,,,,,1,1,1,1,1,"A"
1646,"S21","C081","Centre","technical",21,0.043,0.177,15,10,"boy",-1.124,1,2,"other_language",1,0,6.4,7.3,8.1,6.2,7.2,2,14,4,8.8,3.9,3,54,5,5,,4,4,4,4,5,5,5,4,5,5,3,4,2,1,2,3,2,2,1,2,2,,,,2,,3,3,2,1,4,2,3,3,5,4,3,3,4,4,5,4,5,,,4,4,3,2,4,3,2,4,3,2,1,1,1,1,1,0,1,0,0,0,0,0,0.838,0.6,43,49.3,1,1,1,0,0,"B"
1647,"S21","C081","Centre","technical",21,0.043,0.177,15.4,10,"boy",0.036,3,3,"majority_language",0,0,7,7.3,7.1,7.1,6.6,9,1,2,13.8,1.2,4,59.2,5,5,5,5,5,5,5,5,5,3,4,3,5,,5,1,2,2,1,1,2,2,1,3,,,,2,1,2,2,2,2,5,2,5,4,4,3,5,3,4,2,3,2,2,,,5,3,5,5,2,4,5,5,5,5,0,1,1,1,1,0,0,1,1,0,0,0,0.493,-0.628,39.8,50,0,1,1,0,0,"B"
1648,"S21","C081","Centre","technical",21,0.043,0.177,15.6,10,"boy",0.317,2,3,"majority_language",0,0,6,5.8,6.7,7.5,6.6,3,2,5,7.7,2.8,2,42.9,2,2,2,2,1,2,2,2,,,4,2,4,2,4,2,4,1,2,1,3,3,3,2,3,,3,3,,1,,,,2,2,4,1,1,3,1,2,4,3,4,3,4,3,4,2,3,2,,1,4,2,3,3,3,0,1,1,1,0,,1,0,1,,1,0,0.529,-0.687,36.1,32.2,1,1,1,0,0,"C"
1649,"S21","C081","Centre","technical",21,0.043,0.177,15,10,"girl",0.777,5,3,"majority_language",0,0,7.3,6.8,7.5,6.8,7.5,2,3,7,6.5,5.6,5,53.3,4,4,5,5,3,4,4,,4,4,4,4,5,5,4,1,2,2,1,1,1,1,2,2,,,,4,3,,2,3,4,,5,5,5,5,5,5,5,5,5,4,5,5,,,5,5,5,4,4,4,4,4,5,5,1,,1,1,1,1,,1,,1,1,0,0.898,0.404,59.7,61.6,1,1,1,0,0,"B"
1650,"S21","C081","Centre","technical",21,0.043,0.177,15.5,10,"girl",0.613,2,4,"other_language",0,0,6.7,5.9,,7,7.2,7,0,,3.1,1.5,2,38.4,4,4,4,4,2,5,5,3,4,4,,,,,,3,3,4,3,1,2,2,5,3,,,,,,,,,,3,1,1,,2,4,4,3,4,3,,,,,,4,5,5,5,2,3,3,3,1,2,1,1,0,0,1,0,0,1,1,1,0,0,0.677,0.145,53.4,51.8,1,1,1,0,1,"B"
1651,"S21","C081","Centre","technical",21,0.043,0.177,15.7,10,"boy",0.705,4,5,"majority_language",0,0,8,7.6,7.9,7.4,8.4,1,2,0,7.2,3.1,3,62.4,4,5,4,4,3,4,4,4,4,5,4,3,3,,4,2,2,2,2,4,3,3,2,2,,,,1,2,4,3,3,3,3,3,3,2,4,,5,2,2,5,3,4,5,,,2,4,3,3,2,3,4,5,2,3,1,1,1,0,1,1,1,0,0,0,0,0,0.706,-0.832,34.6,50.1,0,1,1,0,0,"B"
1652,"S21","C081","Centre","technical",21,0.043,0.177,15.8,10,"girl",-0.039,2,,"majority_language",0,0,7.3,6.7,7.3,7.1,7.7,2,0,2,6.6,1.9,4,53.9,5,4,3,5,2,2,4,3,5,3,3,3,4,2,4,3,1,1,2,2,1,2,1,1,1,2,1,3,,1,2,2,1,5,4,5,5,5,5,5,5,,3,4,5,3,5,5,4,5,5,4,5,3,3,4,2,4,0,0,1,0,1,0,0,1,1,0,0,0,0.84,1.086,59.2,56.4,0,1,1,0,0,"A"
1653,"S21","C081","Centre","technical",21,0.043,0.177,15.3,10,"another_or_no_answer",0.666,5,5,"majority_language",0,0,6.8,6,6,7.2,6.7,2,3,1,8.3,4.6,4,59.8,5,4,4,3,5,3,4,4,5,3,5,4,2,3,3,3,2,3,2,4,3,2,2,2,,,,1,1,3,4,3,2,5,5,4,4,4,3,4,4,3,5,4,5,5,,,5,5,5,4,4,,4,3,5,4,1,1,1,1,1,1,,0,0,0,0,0,0.819,0.165,46.7,39.5,1,1,1,0,0,"B"
1654,"S21","C081","Centre","technical",21,0.043,0.177,15.6,10,"girl",0.42,3,1,"other_language",0,0,6.9,5.7,6.3,7.2,6,7,7,5,0.7,2,4,46,2,3,3,5,4,4,3,2,,,4,4,3,4,3,5,3,3,2,2,4,4,3,3,2,1,2,2,1,1,,,,3,3,3,2,4,2,,4,4,,5,5,4,4,3,4,4,3,4,,4,5,3,3,3,1,0,0,1,1,1,0,0,0,0,0,0,0.692,-1.458,34.2,47.5,1,1,1,0,0,"C"
1655,"S21","C081","Centre","technical",21,0.043,0.177,15.4,10,"boy",1.112,4,4,"majority_language",0,0,7,6.1,6.7,7.6,7.4,7,8,1,3.6,1.2,1,47.8,1,2,2,2,4,,3,1,4,4,5,2,1,5,4,4,4,2,,4,5,5,3,4,5,3,3,5,5,4,4,,3,4,5,,3,5,2,4,3,3,2,2,3,3,3,4,5,5,,5,5,3,2,4,5,3,1,1,1,1,,1,1,1,1,0,0,1,0.756,1.3,50,69.3,1,1,1,0,0,"A"
1656,"S21","C082","Centre","technical",23,0.043,0.19,17.1,12,"girl",0.224,3,5,"majority_language",0,0,6.9,7.2,,6.8,7,6,1,,5.8,4.1,2,50.2,4,5,2,4,2,4,5,5,,,,,,,,2,3,1,2,3,3,2,3,2,3,2,2,,,,,,,5,4,4,,5,2,3,5,2,2,,,,,,5,5,4,5,5,5,3,4,5,4,1,1,1,1,0,1,0,0,0,0,0,0,0.696,0.156,46.8,40,1,1,1,0,1,"C"
1657,"S21","C082","Centre","technical",23,0.043,0.19,17.4,12,"girl",0.516,3,5,"majority_language",0,0,8,,,8.3,7.9,5,,,7,1.9,1,53.7,1,4,2,5,,,,,,,,,,,,1,1,1,1,1,2,,,,,,,,,,,,,,4,5,3,3,,,,,,,,,,,3,4,5,5,4,5,5,5,5,4,1,0,1,1,1,1,1,0,1,1,1,0,0.894,1.786,71.9,59.3,1,1,1,1,1,"C"
1658,"S21","C082","Centre","technical",23,0.043,0.19,17.6,12,"girl",-0.858,,1,"majority_language",0,0,6.8,5.8,,6.5,6.8,4,12,,5.4,4.6,2,38.5,2,2,3,4,3,3,,5,4,3,,,,,,3,,3,5,4,1,3,,4,3,3,3,,,,,,,4,3,4,1,2,3,4,3,4,4,,,,,,2,3,2,3,3,,3,4,4,4,0,1,1,1,0,0,0,0,0,0,0,0,0.87,-0.399,55.7,48.3,1,1,1,0,1,"A"
1659,"S21","C082","Centre","technical",23,0.043,0.19,17.4,12,"boy",0.004,4,3,"majority_language",1,0,7.4,,,7.7,8.4,18,,,4.6,2.8,4,47.5,5,4,4,4,4,,,,,,,,,,,2,3,1,2,1,2,,,,,,,,,,,,,1,3,2,3,2,,,,,,,,,,,5,5,5,,4,4,4,,5,3,1,1,1,1,1,1,1,1,1,0,0,0,,,,,1,1,1,1,1,"B"
1660,"S21","C082","Centre","technical",23,0.043,0.19,17.8,12,"girl",1.827,4,4,"majority_language",0,0,7.9,7.6,8.3,7.8,8.6,3,8,5,6.9,2.1,3,50.3,5,5,5,4,5,4,5,4,5,5,5,4,5,5,5,1,1,2,3,2,3,1,2,1,,,,1,2,1,1,3,2,5,5,4,4,4,2,4,4,4,5,2,4,4,,,5,5,5,4,5,5,4,5,5,3,1,,1,0,1,1,1,1,0,1,0,0,,,,,1,1,1,0,0,"B"
1661,"S21","C082","Centre","technical",23,0.043,0.19,17.6,12,"girl",-0.418,5,1,"majority_language",1,0,7.7,7.1,6.7,6.2,8,5,0,4,9,3.3,4,50.8,4,3,4,4,5,5,5,5,5,4,5,5,5,5,5,1,5,3,4,3,2,4,4,3,3,3,3,1,2,1,1,1,1,4,,1,5,3,5,4,4,5,5,5,4,5,3,3,5,5,4,5,4,,4,3,4,4,1,1,1,1,0,0,0,0,1,0,0,0,0.663,-0.548,50.9,46.5,1,0,0,0,0,"A"
1662,"S21","C082","Centre","technical",23,0.043,0.19,17.3,12,"girl",1.232,4,4,"majority_language",0,0,6.7,6.3,7.5,6.3,8.8,0,1,1,7.3,2.8,2,51,3,4,4,2,4,2,3,1,,,4,4,3,2,4,1,1,2,3,1,3,1,,2,3,2,1,2,3,3,,,,5,5,5,5,5,5,5,5,5,4,5,5,5,5,4,5,5,4,3,5,3,3,4,4,4,1,1,1,1,1,1,1,0,1,0,0,1,0.841,0.915,52.2,54.1,0,1,1,0,0,"C"
1663,"S21","C082","Centre","technical",23,0.043,0.19,17.3,12,"girl",-0.18,2,1,"majority_language",0,0,7.9,8.4,7.4,7.2,7.5,3,4,1,7.6,1.5,4,40.9,3,4,3,2,2,5,5,5,,,5,3,3,3,3,2,1,1,3,1,3,3,4,2,2,2,2,1,1,3,,,,4,5,4,4,5,4,5,5,5,5,4,4,5,4,5,2,2,5,2,4,4,4,2,4,5,0,1,1,1,0,1,0,1,0,1,0,1,0.648,-0.365,54.2,57.1,0,1,1,0,0,"C"
1664,"S21","C082","Centre","technical",23,0.043,0.19,17.3,12,"boy",0.304,4,4,"majority_language",0,0,7.8,7.4,7.3,7.6,7,3,3,3,9.3,6.1,4,50,3,,3,3,3,4,4,3,,,3,4,4,4,1,1,2,2,3,2,2,2,,1,1,1,2,1,3,1,,,,3,4,3,4,4,3,2,1,1,1,2,3,2,2,3,4,5,,4,4,4,4,3,2,4,1,1,1,1,1,1,1,0,1,1,1,1,0.745,-0.01,44.6,36.1,1,1,1,0,0,"C"
1665,"S21","C082","Centre","technical",23,0.043,0.19,17.2,12,"another_or_no_answer",0.541,2,4,"majority_language",0,0,6.6,6.6,,7.5,7.6,3,2,,4.8,2.2,4,45.7,4,5,5,3,3,5,3,5,5,5,,,,,,3,3,,5,4,1,3,,3,3,3,4,,,,,,,5,5,5,4,3,5,5,4,5,4,,,,,,4,4,4,5,4,3,3,2,3,4,1,1,1,1,1,1,1,1,0,1,0,0,0.939,0.45,58.5,76.8,1,1,1,0,1,"A"
1666,"S21","C082","Centre","technical",23,0.043,0.19,18.1,12,"girl",-0.341,3,2,"other_language",0,0,7.8,8.7,8.3,7.2,8.1,3,2,2,4.7,5.8,4,54.5,4,4,2,4,2,5,5,4,,,5,4,5,5,4,1,1,2,1,3,1,1,2,1,3,1,2,1,1,1,,,,4,3,4,5,5,5,4,4,5,3,5,4,3,4,4,4,5,4,5,4,4,5,4,2,2,1,1,1,0,1,1,1,,0,0,,0,0.753,0.08,68,68.1,1,1,1,0,0,"C"
1667,"S21","C082","Centre","technical",23,0.043,0.19,17.1,12,"girl",-1.055,3,1,"majority_language",0,0,6.6,6.9,5.9,7.3,6.9,4,0,2,4.6,3.9,4,43.5,3,4,3,4,4,3,2,5,3,4,4,4,5,5,3,3,4,3,4,4,2,3,3,4,3,,2,1,1,3,3,2,3,3,4,5,3,4,5,5,5,,2,4,5,5,,4,2,1,2,3,3,3,2,3,4,5,1,0,1,1,0,1,0,1,0,0,0,0,0.637,-0.332,38.8,29.7,0,1,1,0,0,"A"
1668,"S21","C082","Centre","technical",23,0.043,0.19,17.8,12,"boy",1.312,5,4,"majority_language",0,0,7.1,7.1,7.7,7.4,7.9,4,4,4,6.7,2.8,4,36.8,5,4,5,4,3,5,4,5,5,4,5,4,4,4,5,2,2,1,3,1,1,3,1,2,2,3,2,3,2,2,1,1,3,4,5,5,3,5,2,4,4,4,5,3,3,4,4,4,3,3,5,3,5,3,3,4,4,3,1,1,1,0,1,1,1,1,0,0,0,0,0.866,0.897,38.1,56.9,0,0,0,0,0,"A"
1669,"S21","C082","Centre","technical",23,0.043,0.19,17.3,12,"boy",0.208,4,3,"other_language",0,0,8.4,7.6,,8.1,6.8,16,0,,10.5,1.3,4,58.9,4,5,4,5,5,4,5,,,,,,,,,1,1,1,,1,1,2,1,1,1,1,1,,,,,,,4,2,4,2,4,2,3,4,3,5,,,,,,5,4,4,4,4,2,4,4,5,5,1,1,1,1,0,1,0,1,0,0,0,0,0.907,2.311,69,62.2,1,1,1,0,1,"C"
1670,"S21","C082","Centre","technical",23,0.043,0.19,18.2,12,"boy",0.228,5,3,"other_language",0,0,6.7,,,6.5,8.3,3,,,9.2,3.3,5,47.3,5,5,5,3,5,,,,,,,,,,,4,3,2,2,3,2,,,,,,,,,,,,,1,4,3,3,4,,,,,,,,,,,5,5,5,5,5,2,3,,1,2,1,1,1,1,0,1,0,1,1,1,1,0,0.681,-0.14,65.3,43.6,1,1,1,1,1,"A"
1671,"S21","C082","Centre","technical",23,0.043,0.19,18.1,12,"girl",1.522,5,5,"majority_language",0,1,6.4,,,8.1,6.3,0,,,5.1,1.3,2,60.1,4,5,4,3,5,,,,,,,,,,,1,1,2,1,2,2,,,,,,,,,,,,,4,4,2,4,3,,,,,,,,,,,5,5,4,5,1,4,5,3,4,3,0,1,1,0,0,0,0,0,0,0,1,0,0.86,0.075,45.3,64.6,0,1,1,1,1,"C"
1672,"S21","C082","Centre","technical",23,0.043,0.19,17.5,12,"boy",-0.128,4,4,"majority_language",0,0,7,8.2,7.8,6.7,7.7,11,3,1,6.7,1,3,43.9,4,5,2,4,5,4,3,4,3,4,3,2,4,2,4,4,2,3,2,3,2,,3,2,,,,3,4,3,4,4,3,3,5,3,3,4,2,4,3,,2,3,3,3,,,3,4,4,4,3,3,3,2,3,3,1,1,1,0,1,1,1,1,1,0,0,0,0.78,1.191,61,47.6,0,1,1,0,0,"B"
1673,"S21","C082","Centre","technical",23,0.043,0.19,17.4,12,"boy",-0.829,1,2,"majority_language",0,0,6.4,5.9,6.8,7.4,7.5,0,7,0,4.5,3,3,43.4,3,3,4,4,,4,,2,3,5,4,4,2,4,4,,2,3,2,1,3,2,2,2,2,1,2,2,2,1,2,3,2,5,3,5,4,4,5,4,5,5,4,5,3,5,4,3,3,4,,5,4,3,,,4,4,1,1,1,0,1,1,1,0,0,1,0,0,,,,,1,1,0,0,0,"A"
1674,"S21","C082","Centre","technical",23,0.043,0.19,17.4,12,"girl",-0.759,3,2,"majority_language",0,0,6.7,7.2,7.2,7.2,5.6,5,1,3,5.9,2.9,3,51.8,3,2,2,3,3,4,3,3,,4,4,3,3,3,4,4,4,5,3,4,3,3,,3,4,4,,2,1,2,3,3,2,3,2,4,4,4,4,3,4,4,3,5,5,5,4,5,5,,2,4,,3,3,2,4,4,1,0,0,1,0,1,0,,0,0,0,1,0.584,0.28,35.7,61.3,1,1,0,0,0,"A"
1675,"S21","C082","Centre","technical",23,0.043,0.19,17.1,12,"girl",0.009,1,4,"majority_language",0,0,6.9,6.7,6.1,7,6.7,9,5,0,3.2,1.4,3,44,3,3,,5,4,,3,2,,,3,2,4,3,2,3,2,2,3,2,3,5,4,4,2,5,3,2,2,,,,,5,3,4,3,2,,4,4,5,,5,5,5,5,3,4,3,2,3,2,4,4,4,4,3,1,0,1,0,1,0,0,1,0,0,0,0,0.882,0.95,48.2,79.7,1,1,1,0,0,"C"
1676,"S21","C082","Centre","technical",23,0.043,0.19,17.7,12,"boy",-0.071,1,4,"majority_language",0,0,6.2,5.9,,7.3,6.5,5,5,,1.5,2.9,2,49.8,5,4,4,4,4,4,3,3,5,4,,,,,,,1,1,3,2,2,3,2,2,1,1,1,,,,,,,3,2,2,3,1,3,3,2,2,2,,,,,,3,4,2,5,4,3,2,1,3,,1,1,1,0,0,1,0,0,0,0,0,0,,,,,1,0,1,0,1,"A"
1677,"S21","C082","Centre","technical",23,0.043,0.19,17.7,12,"boy",1.309,4,5,"other_language",0,0,7.1,7,6.3,7,5.8,5,0,5,5.9,0.9,3,53.1,,3,4,2,4,2,2,1,1,2,2,,3,2,3,4,4,1,3,3,2,4,4,3,,,,4,5,3,4,2,3,2,4,3,4,3,2,5,3,5,4,2,5,1,,,4,3,,3,4,4,3,3,3,3,1,1,1,1,1,0,0,0,0,0,0,0,0.881,0.589,53.2,56.5,1,1,1,0,0,"B"
1678,"S21","C082","Centre","technical",23,0.043,0.19,17.5,12,"girl",-0.584,2,2,"majority_language",1,1,7.7,7.8,7.1,8.2,8.2,7,2,0,6.9,2.6,4,63.2,4,4,3,4,3,4,2,2,3,2,4,3,5,3,5,2,2,4,1,1,1,1,,4,,,,3,1,1,2,3,2,4,5,4,4,2,3,4,3,,5,4,5,3,,,4,4,5,4,4,3,2,3,3,3,1,1,1,1,,0,1,1,0,0,0,0,0.929,0.807,73.4,63.6,1,1,1,0,0,"B"
1679,"S21","C083","Centre","technical",15,0.043,1.083,15.9,11,"girl",-1.224,1,1,"majority_language",0,0,6.3,6.9,6.8,7.7,6.9,5,3,0,8.2,3.3,3,47.5,3,2,4,,5,2,2,5,3,3,2,3,4,4,4,2,1,3,1,2,1,1,1,2,,,,2,3,2,1,1,2,4,4,5,5,4,2,4,4,3,5,4,4,3,,,4,5,3,4,5,3,3,3,3,4,1,,0,1,1,0,1,1,1,0,0,0,0.527,0.505,57.4,42,1,1,1,0,0,"B"
1680,"S21","C083","Centre","technical",15,0.043,1.083,15.9,11,"girl",-0.166,2,2,"other_language",0,1,6,6.3,6.1,6.2,6,6,3,12,3,5.6,1,42.8,4,2,3,3,1,4,3,2,2,2,,4,3,,4,3,1,3,2,3,2,3,3,3,,,,4,3,5,3,3,5,2,3,2,4,4,3,4,5,2,3,5,5,5,,,4,5,4,3,,4,4,5,5,4,1,0,0,1,1,0,0,0,0,0,0,0,0.713,-0.886,48.7,54.8,1,1,1,0,0,"B"
1681,"S21","C083","Centre","technical",15,0.043,1.083,16.1,11,"boy",0.01,2,4,"majority_language",0,0,7.4,,,8.5,7.1,0,,,7.8,3,5,43.7,4,4,4,5,2,,,,,,,,,,,2,1,2,1,1,1,,,,,,,,,,,,,1,2,3,2,1,,,,,,,,,,,4,2,2,2,4,4,2,4,2,3,1,1,1,1,1,1,1,1,,1,1,1,0.888,2.096,64.6,57.5,1,1,1,1,1,"B"
1682,"S21","C083","Centre","technical",15,0.043,1.083,16.2,11,"boy",0.917,4,5,"majority_language",0,0,6.5,,,6.6,8.5,6,,,7.1,3.2,2,54.6,4,5,4,5,2,,,,,,,,,,,1,2,,3,3,3,,,,,,,,,,,,,2,4,3,4,5,,,,,,,,,,,4,3,5,,5,3,3,5,3,5,1,1,,1,0,1,1,1,0,0,0,0,0.851,0.391,51.6,53.5,1,1,1,1,1,"C"
1683,"S21","C083","Centre","technical",15,0.043,1.083,16.9,11,"boy",-0.095,1,5,"majority_language",0,0,8.2,7,7.6,7.2,9.2,3,8,1,9.7,2.9,4,66.5,5,5,5,5,,5,5,5,5,5,5,5,5,5,4,1,2,1,1,1,1,1,1,1,,,,1,1,1,3,2,3,5,2,3,4,1,5,4,4,5,4,4,3,2,,,4,4,5,4,4,5,3,5,4,5,0,1,1,1,1,1,1,1,0,0,1,1,,,,,1,1,1,0,0,"B"
1684,"S21","C083","Centre","technical",15,0.043,1.083,16.7,11,"girl",0.065,4,3,"other_language",1,0,7.3,7.1,5.7,7.1,8.3,5,2,1,4.7,2,4,47.6,4,3,4,2,4,2,4,1,3,3,5,4,3,4,5,1,1,3,2,1,3,1,3,2,,,,2,1,2,3,1,,4,5,5,5,5,5,2,4,2,3,3,4,4,,,4,3,3,2,4,4,5,4,4,5,1,1,1,1,1,1,1,0,0,0,0,0,,,,,1,1,1,0,0,"B"
1685,"S21","C083","Centre","technical",15,0.043,1.083,16.4,11,"girl",0.01,4,3,"other_language",0,0,6.6,5.9,6.2,6.5,7.1,5,2,1,4.5,4,2,53.3,2,2,3,2,4,2,2,3,1,3,2,3,1,3,2,,3,1,3,1,3,2,1,2,,,,1,2,,2,2,1,4,4,5,2,4,3,3,2,2,4,3,3,4,,,4,3,4,4,4,5,4,5,4,4,1,1,0,1,1,1,0,1,0,1,1,0,0.507,-1.641,50.4,34.6,1,1,1,0,0,"B"
1686,"S21","C083","Centre","technical",15,0.043,1.083,16.7,11,"girl",0.342,4,2,"majority_language",0,0,7.4,7.7,6.1,7.7,6.5,0,8,7,4.3,3,5,56.3,3,3,,4,4,4,2,3,4,3,3,3,3,4,4,1,1,2,1,2,1,1,1,2,,,,1,1,2,3,3,2,5,4,5,5,5,,5,5,4,4,5,4,4,,,3,4,3,3,2,5,4,3,5,4,1,1,0,1,1,0,0,0,0,1,1,0,0.861,-0.06,47.6,39.5,1,1,1,0,0,"B"
1687,"S21","C083","Centre","technical",15,0.043,1.083,16.8,11,"girl",-0.97,2,1,"majority_language",1,0,6.8,6.7,6.9,6.8,6.2,13,3,2,0.3,4.8,2,32.9,1,1,4,1,1,3,3,3,3,3,1,2,1,1,3,2,,2,2,3,3,4,,3,,,,1,2,1,3,2,,3,3,4,3,4,4,3,4,5,3,5,5,3,,,2,3,2,1,3,3,2,3,3,3,1,1,0,1,1,0,0,0,0,1,1,1,0.847,-0.034,52.6,59,1,1,1,0,0,"B"
1688,"S21","C083","Centre","technical",15,0.043,1.083,16.6,11,"girl",-0.961,1,1,"majority_language",0,1,6.9,6.7,6.6,6.6,6.9,5,2,1,1.3,1.9,3,53.6,3,4,5,5,4,5,4,5,,,4,3,5,4,5,3,2,,2,1,,1,2,2,2,2,2,1,1,2,,,,5,5,5,4,4,5,5,5,4,3,4,2,,5,4,4,4,5,4,4,5,4,3,5,4,1,1,1,1,0,1,1,0,0,0,1,1,0.765,0.59,51.4,49.8,1,1,1,0,0,"C"
1689,"S21","C083","Centre","technical",15,0.043,1.083,16.5,11,"girl",-0.906,3,1,"majority_language",0,0,6.2,6.1,6.4,5.7,6.5,11,3,3,5.4,5.5,2,46.3,1,3,4,,2,3,,2,3,3,3,4,2,3,,4,5,3,2,4,5,4,3,2,,,,1,,1,1,1,3,4,3,4,4,4,5,4,3,5,4,4,4,4,,,,1,2,2,2,3,2,2,4,4,1,0,0,0,0,1,1,1,0,0,0,0,0.433,-1.739,48.1,46.8,1,1,1,0,0,"B"
1690,"S21","C083","Centre","technical",15,0.043,1.083,16,11,"girl",0.591,4,4,"majority_language",1,0,7.2,7.1,6.9,6.9,7.7,1,5,4,8,2.8,3,53.1,5,4,5,3,5,5,5,4,5,4,5,5,5,4,5,,2,5,5,4,4,2,1,3,,,,2,3,2,3,2,1,5,2,3,4,5,,4,5,5,3,5,4,4,,,5,4,4,,3,4,3,4,5,3,0,1,0,1,1,0,0,0,1,,0,0,0.693,-0.296,49.3,51.4,1,1,1,0,0,"B"
1691,"S21","C083","Centre","technical",15,0.043,1.083,16.3,11,"girl",-0.683,3,2,"majority_language",0,0,6.1,5.8,6.9,6.8,6.5,4,1,4,2.4,2.7,3,43.3,1,1,2,3,3,2,3,2,1,2,4,2,,4,4,1,2,2,2,5,2,1,1,1,2,2,2,1,1,1,1,1,2,3,4,4,4,4,5,5,4,4,5,4,5,5,5,5,4,1,,2,4,,3,3,4,2,1,0,0,1,1,1,0,0,0,0,0,,0.648,-2.209,46.2,31.7,1,0,1,0,0,"A"
1692,"S21","C083","Centre","technical",15,0.043,1.083,16.4,11,"boy",1.439,5,5,"majority_language",0,0,7,,,6.1,7.4,5,,,6.2,2.7,4,56,4,4,5,3,3,,,,,,,,,,,,1,1,3,1,2,,,,,,,,,,,,,4,3,4,3,5,,,,,,,,,,,5,5,4,5,5,4,4,5,3,4,1,1,1,1,1,1,1,1,0,1,0,0,0.647,-0.701,52.5,57.3,1,1,1,1,1,"C"
1693,"S21","C083","Centre","technical",15,0.043,1.083,16.4,11,"girl",-0.158,3,4,"majority_language",1,0,7.9,7.3,7.2,7.4,6.4,1,9,3,7.2,1.6,2,51.9,,4,4,,3,4,5,3,4,3,4,4,5,5,5,1,2,3,3,1,2,2,1,1,,,,1,2,2,1,1,2,3,5,4,3,4,2,3,5,4,5,2,4,5,,,4,2,1,5,2,4,5,4,4,2,1,0,,1,1,0,1,0,1,0,0,0,0.752,0.77,60,45.1,1,1,1,0,0,"B"
1694,"S21","C084","Centre","technical",15,0.043,0.611,17.4,12,"girl",0.571,4,4,"majority_language",0,0,5.9,,,7.7,6.9,10,,,6.8,2.2,2,52.1,4,4,4,3,5,,,,,,,,,,,1,3,3,3,1,3,,,,,,,,,,,,,5,,2,4,,,,,,,,,,,,4,4,2,2,2,5,4,5,4,,1,1,1,1,0,1,0,0,1,1,0,1,,,,,1,1,1,1,1,"C"
1695,"S21","C084","Centre","technical",15,0.043,0.611,17.3,12,"girl",1.548,5,5,"majority_language",0,0,7.6,7.3,8.3,6.1,7.1,2,4,2,5.4,5,1,51.6,3,3,4,5,5,3,4,4,5,3,4,5,5,4,4,4,3,4,3,2,2,3,2,2,2,2,2,1,1,1,2,1,1,2,3,4,4,4,3,5,4,3,5,4,4,4,5,4,4,4,4,4,5,4,4,3,4,3,0,1,0,1,1,1,0,1,0,0,0,0,0.828,-0.379,48.8,71,0,0,0,0,0,"A"
1696,"S21","C084","Centre","technical",15,0.043,0.611,18,12,"boy",0.141,4,2,"majority_language",0,0,6.5,6.1,6.7,6.8,6.7,0,5,3,6.8,1.5,1,43.9,3,4,3,2,3,5,3,4,3,3,4,3,2,,3,3,2,2,5,2,4,1,2,3,,,,2,3,2,4,2,3,3,4,1,4,2,4,5,2,,4,2,2,2,,,2,3,3,,,3,2,2,4,1,0,,1,1,1,1,0,0,1,1,1,0,0.766,1.208,74,57.9,1,1,1,0,0,"B"
1697,"S21","C084","Centre","technical",15,0.043,0.611,17.2,12,"girl",-0.548,3,2,"majority_language",0,1,5.9,6,5.5,5.7,7.1,9,1,5,8.7,1.5,4,50.7,4,4,3,3,4,4,5,3,,,3,2,4,4,2,1,3,1,3,3,2,,4,3,,3,3,1,1,1,,,,2,5,4,4,5,5,5,5,5,,5,5,5,,3,2,4,3,3,3,5,3,3,5,5,1,1,1,0,1,0,0,0,0,0,0,1,0.626,-1.432,32.1,43.9,0,1,1,0,0,"C"
1698,"S21","C084","Centre","technical",15,0.043,0.611,17.9,12,"girl",1.057,4,4,"majority_language",0,0,6.8,6.6,6.7,7.4,6.3,4,0,4,6.7,2.1,1,40.6,4,4,4,3,3,5,,5,2,3,5,2,4,5,5,3,3,3,3,3,2,2,3,2,3,3,4,3,2,1,1,1,2,3,3,2,5,3,4,,2,5,4,3,5,2,5,4,5,4,4,5,,4,2,4,5,4,1,1,1,0,0,0,0,0,,0,0,1,0.714,0.027,66.7,58,1,1,0,0,0,"A"
1699,"S21","C084","Centre","technical",15,0.043,0.611,17.5,12,"boy",1.316,5,5,"majority_language",0,0,7,6.8,7.3,6.9,7.1,7,1,2,5.5,2.5,2,58.1,3,3,5,2,3,4,5,5,4,3,4,5,4,5,4,3,,3,3,3,1,2,3,3,2,1,2,3,1,2,1,3,1,5,5,,5,4,3,3,5,3,3,3,4,2,5,4,3,3,2,3,2,3,5,5,3,4,1,1,,1,0,0,0,0,0,1,0,0,0.55,0.32,29.8,46.2,1,0,0,0,0,"A"
1700,"S21","C084","Centre","technical",15,0.043,0.611,18.1,12,"girl",-0.172,3,3,"majority_language",0,0,6.2,7.6,8.5,6.5,7.3,8,0,1,5.7,1.6,3,49.3,,3,,4,1,4,3,3,4,4,4,4,4,3,5,1,1,3,2,2,2,1,1,2,1,1,1,2,1,3,1,1,4,,4,4,3,5,5,5,,3,5,4,5,3,2,,5,5,5,4,4,,5,4,4,4,0,1,0,0,0,0,0,0,0,0,0,1,0.655,-0.863,45.9,45,1,1,1,0,0,"A"
1701,"S21","C084","Centre","technical",15,0.043,0.611,17.7,12,"girl",-0.718,5,2,"other_language",1,0,6.8,6.6,6.9,7.4,7.1,5,5,2,7.9,3,4,42,5,5,4,2,3,4,4,3,,,5,4,3,5,3,2,2,2,1,3,1,4,3,3,1,3,,3,3,2,,,,5,3,5,3,5,3,4,5,3,2,4,5,3,4,1,5,5,4,2,2,,4,3,4,5,0,1,1,1,1,1,0,0,0,0,,0,,,,,1,1,1,0,0,"C"
1702,"S21","C084","Centre","technical",15,0.043,0.611,17.7,12,"boy",-1.094,2,1,"other_language",0,0,5.9,5.4,5.4,6.4,6.4,5,1,4,1.3,2.7,2,41.4,5,3,3,3,2,4,4,5,,,5,3,5,5,5,2,2,,3,3,1,4,3,2,2,3,3,3,3,3,,,,5,5,5,3,5,5,4,4,5,5,3,5,3,5,5,1,1,1,2,2,5,3,5,2,3,1,1,0,0,0,0,1,0,0,0,0,0,0.628,-1.786,27.6,37.4,1,1,1,0,0,"C"
1703,"S21","C084","Centre","technical",15,0.043,0.611,18,12,"boy",-0.812,4,1,"majority_language",0,0,5.6,5.8,5.5,6.4,7.6,4,3,6,2.4,4,3,51.2,5,5,3,3,3,3,3,3,4,2,4,3,4,5,3,2,2,1,1,2,2,1,1,1,,,,4,2,2,3,2,3,5,5,3,,,5,5,4,3,5,4,5,3,,,4,3,4,4,1,4,4,4,3,4,1,0,0,0,0,0,0,0,0,0,0,0,0.571,-2.111,44.5,48,1,1,1,0,0,"B"
1704,"S21","C084","Centre","technical",15,0.043,0.611,17.9,12,"girl",-0.183,3,3,"majority_language",0,0,7.8,7.6,7.4,7.7,8.3,6,3,1,4.2,3.1,5,42.9,3,4,3,3,2,4,5,5,4,5,5,5,5,,4,1,2,2,1,2,2,1,,2,3,1,2,3,3,3,1,1,3,4,5,4,,4,5,5,5,5,3,5,5,5,5,5,3,4,5,3,3,5,4,5,5,4,1,1,1,1,1,0,1,1,1,1,0,1,0.741,-0.429,40.9,44.5,1,1,1,0,0,"A"
1705,"S21","C084","Centre","technical",15,0.043,0.611,17.8,12,"girl",0.214,3,2,"other_language",0,0,6.8,6.1,6.4,7.3,6.5,7,2,0,4.1,2.2,2,50.1,3,4,4,,4,3,3,3,5,3,3,4,,4,3,4,3,2,2,2,3,3,4,4,5,4,4,2,4,3,2,1,4,5,5,,4,5,5,3,5,5,5,5,5,5,5,5,4,3,3,4,2,4,,3,,4,1,1,1,1,1,1,1,0,0,0,0,0,0.874,-0.005,54.6,56.4,1,0,1,0,0,"A"
1706,"S21","C084","Centre","technical",15,0.043,0.611,17.2,12,"boy",0.236,2,3,"majority_language",0,0,5.6,6.1,,7.1,7.4,0,1,,6.1,2.6,5,36.2,5,2,5,5,3,5,4,,5,5,,,,,,3,3,3,3,3,5,5,3,5,,,,,,,,,,5,4,,,5,3,5,2,,3,,,,,,4,2,3,2,1,5,3,4,3,5,1,1,1,0,0,0,1,0,0,0,0,0,0.922,1.555,58.9,64.2,1,1,1,0,1,"B"
1707,"S21","C084","Centre","technical",15,0.043,0.611,17.1,12,"girl",0.538,3,4,"majority_language",0,0,7.9,8,7.9,7.5,7.2,1,2,2,8.8,0.7,4,60.6,4,5,4,2,2,5,4,4,4,5,5,5,5,3,4,1,1,1,1,1,2,1,3,3,,,,1,1,1,1,1,1,5,3,4,4,3,5,4,3,5,5,5,5,5,,,3,3,4,4,2,,3,4,4,4,1,1,0,0,0,1,1,1,1,0,1,1,0.925,1.208,53.8,62.7,1,1,1,0,0,"B"
1708,"S21","C084","Centre","technical",15,0.043,0.611,17.8,12,"boy",1.493,5,5,"majority_language",0,0,7.7,7.8,6.6,7.9,6.9,5,2,1,10.9,2.6,4,58.1,4,3,4,4,5,3,4,3,2,5,3,1,3,4,2,3,2,2,2,2,2,2,4,1,2,3,,1,1,2,2,1,1,4,5,4,5,5,5,3,4,5,5,2,4,2,3,4,4,,5,3,4,3,,4,1,1,1,1,1,1,1,,0,1,0,0,1,1,0.864,1.165,56.4,60.8,1,1,0,0,0,"A"
1709,"S22","C085","North","technical",21,-0.981,0.049,18.3,12,"boy",0.098,4,2,"majority_language",0,0,6.4,,,8.4,6.9,11,,,7,2,2,38.3,2,4,2,3,2,,,,,,,,,,,3,3,3,2,4,3,,,,,,,,,,,,,2,3,4,3,3,,,,,,,,,,,4,4,4,3,3,2,3,2,4,4,1,1,1,1,0,0,0,,0,0,1,0,,,,,1,1,1,1,1,"A"
1710,"S22","C085","North","technical",21,-0.981,0.049,16.8,12,"boy",-0.107,3,3,"majority_language",0,0,6.6,,,6.7,7.4,2,,,4,5.3,3,46.5,4,1,3,,3,,,,,,,,,,,3,3,1,3,3,3,,,,,,,,,,,,,3,4,3,5,5,,,,,,,,,,,5,4,4,4,4,3,3,3,3,3,1,1,1,0,1,1,0,0,0,0,0,0,0.832,0.972,52.7,49,1,1,1,1,1,"B"
1711,"S22","C085","North","technical",21,-0.981,0.049,17,12,"girl",-0.989,1,2,"majority_language",0,0,6.2,5.9,,7,6.1,15,4,,4.2,3.8,1,36.7,2,2,2,3,1,,3,3,3,4,,,,,,2,5,3,,5,2,3,4,1,2,4,1,,,,,,,3,3,2,4,3,4,4,4,1,2,,,,,,4,2,5,4,3,1,2,2,3,2,1,1,0,1,1,1,1,1,0,0,0,0,0.475,-0.915,41.3,50.5,1,1,1,0,1,"A"
1712,"S22","C085","North","technical",21,-0.981,0.049,17.6,12,"girl",-2.748,1,1,"majority_language",0,1,5.3,4.7,,5.5,6.5,6,12,,0.7,7.5,1,25,2,1,1,1,3,2,2,3,3,3,,,,,,4,4,4,5,5,2,3,4,3,,,,,,,,,,2,2,3,4,3,3,2,2,3,4,,,,,,3,3,3,3,2,3,3,3,5,3,1,,1,0,0,0,,0,,0,0,0,,,,,1,1,1,0,1,"B"
1713,"S22","C085","North","technical",21,-0.981,0.049,17.9,12,"girl",-1.994,1,1,"other_language",0,0,6.6,6.6,6.9,8,5.7,5,0,27,2.2,4.9,2,33.5,2,2,2,2,2,3,2,3,3,1,4,4,2,3,2,2,3,3,3,1,2,3,2,3,2,1,3,4,3,4,2,1,1,3,,4,4,3,3,4,4,3,3,3,2,,3,2,2,3,3,2,3,3,3,4,4,3,1,1,1,0,,1,0,1,0,0,0,0,0.589,-1.233,36.2,44.3,1,0,1,0,0,"A"
1714,"S22","C085","North","technical",21,-0.981,0.049,17.7,12,"girl",-0.968,1,1,"other_language",0,0,6.8,6.8,6.7,6.2,6.6,10,7,4,3.8,4.4,2,51.8,2,2,5,3,,4,2,4,4,3,4,3,2,3,2,3,2,1,3,3,3,,2,3,,,,3,2,2,1,3,2,4,3,3,5,5,3,1,3,4,3,3,2,2,,,3,4,5,4,5,4,4,3,4,4,1,1,0,1,1,1,0,0,0,0,0,0,0.858,1.352,58,59.2,1,1,1,0,0,"B"
1715,"S22","C085","North","technical",21,-0.981,0.049,17.9,12,"girl",-0.484,3,1,"majority_language",1,0,6.6,6.6,6.5,7,5.7,12,5,1,3,4.8,1,45.2,3,3,3,3,3,3,2,1,,,4,2,2,5,4,4,,3,5,5,3,2,3,5,3,3,3,2,2,2,,,,3,3,3,4,4,2,3,3,2,3,4,2,5,5,4,3,5,3,,4,3,3,4,5,3,0,0,0,1,0,0,1,0,0,0,0,0,0.635,1.311,44.2,37.1,1,1,1,0,0,"C"
1716,"S22","C085","North","technical",21,-0.981,0.049,16.9,12,"boy",-0.952,1,2,"majority_language",0,0,5.9,,,7.2,6.8,5,,,4.3,3.4,1,41.9,1,3,2,3,4,,,,,,,,,,,3,4,3,3,4,4,,,,,,,,,,,,,3,4,3,3,3,,,,,,,,,,,,3,1,2,1,4,4,,,3,0,0,1,0,0,0,0,0,0,0,0,0,,,,,1,1,1,1,1,"B"
1717,"S22","C085","North","technical",21,-0.981,0.049,17.8,12,"girl",0.815,4,2,"other_language",0,0,7.8,7.1,7,6.5,6.4,2,2,0,1.9,2.2,4,57.8,4,4,4,,4,4,4,5,3,5,5,5,4,5,5,1,3,2,2,1,2,2,1,1,1,2,2,2,2,3,3,2,3,5,5,4,4,5,2,2,2,4,3,2,5,2,4,4,3,2,3,3,3,5,5,4,3,4,1,1,1,1,0,1,0,1,0,0,0,1,,,,,1,0,0,0,0,"A"
1718,"S22","C085","North","technical",21,-0.981,0.049,17.2,12,"boy",-0.518,4,2,"other_language",0,0,7.2,7.1,8.4,7.9,7.1,0,5,3,10.3,3.3,5,53.9,5,3,5,5,5,5,5,4,5,5,4,3,,4,4,1,2,2,2,1,1,4,,1,,,,3,2,1,,1,2,3,5,4,4,4,4,5,5,4,4,4,5,5,,,5,4,,,4,4,4,5,3,4,1,1,1,1,1,1,0,0,,1,1,1,0.802,-0.253,48.5,47.8,1,1,1,0,0,"B"
1719,"S22","C085","North","technical",21,-0.981,0.049,18.2,12,"girl",0.324,2,4,"majority_language",0,0,6,5.9,6.9,6.9,8.8,3,2,7,9.5,5.5,3,44.5,3,,3,4,2,4,,5,,,4,3,5,4,3,3,2,1,3,1,2,5,3,3,3,3,5,4,3,4,,,,5,5,5,4,4,4,5,4,5,4,4,5,,5,5,4,3,5,5,3,5,4,3,5,3,1,0,1,0,0,1,0,0,0,0,0,0,0.84,-0.674,51.2,49.8,1,1,1,0,0,"C"
1720,"S22","C085","North","technical",21,-0.981,0.049,18,12,"boy",-0.494,3,2,"majority_language",0,0,8.2,7.8,7.6,8.1,9.4,2,1,4,9.4,2.7,5,53.8,5,5,5,5,5,5,5,5,5,5,5,5,,3,3,2,1,1,3,1,2,2,1,2,,,,2,4,2,3,2,1,4,4,5,5,5,2,2,3,3,4,3,,4,,,5,4,4,4,4,2,2,3,4,,1,1,1,1,1,1,1,0,1,,1,1,0.569,-0.851,39.3,43.6,1,1,1,0,0,"B"
1721,"S22","C085","North","technical",21,-0.981,0.049,17.3,12,"girl",-1.094,1,2,"majority_language",0,0,7.3,7.9,7.8,6.8,7.4,7,1,0,8.2,5,4,57.1,4,4,3,5,2,4,5,4,,,4,3,5,4,2,3,1,4,2,1,2,1,1,1,2,1,2,1,,1,,,,3,3,4,4,3,2,2,4,2,3,2,4,5,5,4,5,2,3,4,3,2,4,5,3,4,1,1,0,1,1,1,0,0,1,0,0,0,0.63,-0.426,49.3,56.3,0,1,1,0,0,"C"
1722,"S22","C085","North","technical",21,-0.981,0.049,17.9,12,"girl",0.128,3,4,"majority_language",0,1,6.6,6.9,7.9,7.3,7.5,2,3,3,8.3,2.6,3,45.8,4,5,4,2,4,3,4,5,,,3,4,4,5,5,1,1,1,1,2,1,2,,1,2,2,2,3,1,2,,,,5,5,5,5,2,4,,5,5,4,4,4,3,3,4,4,4,4,2,5,4,4,5,,3,1,1,1,1,0,0,1,0,0,0,0,0,0.9,0.765,37.7,47.3,1,1,1,0,0,"C"
1723,"S22","C085","North","technical",21,-0.981,0.049,17.4,12,"girl",-0.345,3,2,"majority_language",0,0,6.3,6.4,6.7,7,7,0,7,0,5,2.3,2,39.4,2,3,2,3,2,5,2,2,,3,2,1,2,2,2,2,3,1,3,2,3,2,2,2,1,1,1,2,3,5,2,3,1,5,5,4,4,3,5,4,3,4,3,4,4,4,4,,4,4,4,4,4,3,4,2,,2,1,0,1,0,1,0,0,1,0,0,0,0,0.911,0.319,49.7,53.2,1,1,1,0,0,"A"
1724,"S22","C085","North","technical",21,-0.981,0.049,17.2,12,"boy",-1.222,2,1,"other_language",0,0,6.1,6.1,6.7,7.7,6.5,6,13,2,6.8,3.9,3,41.8,3,4,4,3,3,5,,5,,,3,4,,2,2,1,1,1,1,,2,1,2,1,1,2,1,4,1,3,,,,3,3,5,5,3,2,,4,4,4,4,5,3,5,3,4,4,5,5,2,5,,5,2,5,1,1,0,0,0,0,1,0,0,0,0,0,0.766,-1.436,52,52.4,1,1,1,0,0,"C"
1725,"S22","C085","North","technical",21,-0.981,0.049,17.3,12,"boy",-0.695,3,1,"majority_language",0,0,8.2,,,8.3,7,3,,,4.3,4.3,3,54.1,1,2,3,2,4,,,,,,,,,,,3,4,2,4,2,4,,,,,,,,,,,,,2,5,4,5,2,,,,,,,,,,,2,3,3,5,3,5,5,2,4,5,1,1,1,1,1,1,0,1,0,1,1,0,0.791,-0.43,49.3,55.3,0,1,1,1,1,"A"
1726,"S22","C085","North","technical",21,-0.981,0.049,17.7,12,"boy",-1.508,3,,"majority_language",0,1,6.1,6.4,6.2,5.3,5.9,3,1,5,7.4,4.4,5,54.6,4,4,4,4,4,4,3,5,3,5,3,2,4,4,5,2,2,1,4,1,1,4,4,1,3,3,1,,4,4,4,1,1,5,1,4,4,5,2,2,5,4,5,5,5,4,5,3,4,5,4,5,3,4,4,2,2,5,0,1,0,0,1,1,1,0,0,0,0,0,0.731,-0.86,33.9,38.9,0,0,1,0,0,"A"
1727,"S22","C085","North","technical",21,-0.981,0.049,17.6,12,"girl",-1.318,3,2,"other_language",0,0,5.2,,,6.3,4.6,5,,,1.7,7.9,1,41,2,2,3,1,2,,,,,,,,,,,3,4,4,4,3,5,,,,,,,,,,,,,5,5,3,3,2,,,,,,,,,,,1,,1,2,4,5,5,4,5,5,0,0,0,1,0,,0,0,0,,0,0,0.61,-1.306,56.9,42,1,1,1,1,1,"C"
1728,"S22","C085","North","technical",21,-0.981,0.049,17.7,12,"girl",-0.52,4,1,"majority_language",0,0,7,6.9,7.5,6.6,8,5,1,2,9.9,4.5,4,64.1,5,5,5,,5,4,4,5,3,4,4,4,5,3,5,3,3,1,2,2,3,3,2,3,,2,3,,2,1,2,,1,4,5,5,4,3,4,3,1,3,4,3,4,2,3,2,5,5,5,5,5,4,3,5,4,5,1,0,,1,1,1,1,0,,0,1,,,,,,1,1,1,0,0,"A"
1729,"S22","C085","North","technical",21,-0.981,0.049,17.4,12,"boy",-1.879,1,1,"majority_language",0,0,6.2,,,6.6,6.1,6,,,2.3,3.3,1,37.8,,5,4,2,5,,,,,,,,,,,3,2,3,2,3,1,,,,,,,,,,,,,4,2,2,3,4,,,,,,,,,,,5,,4,3,4,5,2,3,4,4,1,0,1,1,0,0,0,0,0,0,0,0,0.552,-2.202,29.6,37.8,1,1,1,1,1,"B"
1730,"S22","C086","North","technical",16,-0.981,-0.354,15.5,10,"boy",-1.325,3,1,"majority_language",0,0,5,6.6,,5.6,5.6,1,0,,1.4,2,2,37,3,2,,3,4,2,3,4,3,3,,,,,,3,3,3,3,4,3,3,3,2,,,,,,,,,,1,1,,1,2,2,1,,1,2,,,,,,1,2,3,2,4,3,2,4,3,4,1,1,1,1,0,,0,0,0,0,0,0,0.459,-1.252,35.5,47.4,1,1,1,0,1,"B"
1731,"S22","C086","North","technical",16,-0.981,-0.354,15.5,10,"girl",-1.042,1,1,"majority_language",0,0,6.3,5.7,,6.9,6.9,3,13,,5.5,2.2,1,44.3,1,3,2,2,4,2,3,1,,2,,,,,,2,4,3,4,4,2,4,5,4,4,3,5,,,,,,,3,3,3,,4,2,,3,1,2,,,,,,3,2,3,3,3,,2,2,,2,1,0,0,1,0,1,0,1,0,0,0,0,,,,,1,1,1,0,1,"A"
1732,"S22","C086","North","technical",16,-0.981,-0.354,15.2,10,"boy",-1.79,1,1,"majority_language",0,0,6.7,5.2,,6,6.1,17,4,,4,4,1,36.7,3,2,,1,4,4,5,5,4,4,,,,,,3,4,2,3,5,4,4,3,3,,,,,,,,,,2,2,,1,2,3,2,2,,,,,,,,3,2,3,3,,4,,3,3,4,1,1,1,1,0,1,0,0,0,1,1,0,0.896,0.242,55.2,57.4,1,1,1,0,1,"B"
1733,"S22","C086","North","technical",16,-0.981,-0.354,15.7,10,"boy",-1.257,3,1,"majority_language",0,0,6.4,6,5.4,7.1,6.2,9,0,5,0,2.6,1,47.4,1,3,1,2,,2,2,1,2,2,3,4,2,2,,,4,2,3,3,3,4,5,4,,4,3,2,4,1,2,2,4,3,2,3,,3,4,4,4,4,5,,4,5,2,2,2,2,1,3,1,,2,3,4,3,,1,1,1,0,0,0,0,0,0,0,0,0.803,-0.296,60.4,61.1,1,1,1,0,0,"A"
1734,"S22","C086","North","technical",16,-0.981,-0.354,15.5,10,"boy",-0.312,3,3,"majority_language",0,0,6.1,5.9,5.7,6.8,6.2,3,6,3,8.1,3.7,3,46.7,3,,2,2,2,2,,4,4,5,2,2,2,2,5,3,2,2,2,3,3,2,2,1,1,3,2,4,3,4,1,2,2,4,4,2,4,3,5,4,4,4,4,4,5,3,4,4,4,,2,4,4,2,2,,2,3,0,1,0,0,,1,0,0,0,,0,0,0.653,0.022,47.4,49.1,1,1,0,0,0,"A"
1735,"S22","C086","North","technical",16,-0.981,-0.354,16.2,10,"girl",-0.284,1,3,"majority_language",0,0,6.4,6.1,6.4,6.6,5.5,9,2,7,3.5,1.6,1,48.5,3,2,2,2,2,4,2,3,,4,3,2,4,3,4,5,4,4,4,4,3,3,3,,3,3,2,2,3,3,2,3,,2,3,4,4,4,3,3,1,2,,4,5,1,4,4,,4,5,4,4,3,3,3,3,4,1,1,1,0,1,0,1,0,0,0,0,0,0.876,-0.081,56,48.5,1,1,1,0,0,"A"
1736,"S22","C086","North","technical",16,-0.981,-0.354,16.1,10,"girl",-0.593,,1,"majority_language",0,0,6.3,,,5.7,6.5,7,,,3.7,1.9,4,39.7,3,,,2,2,,,,,,,,,,,5,2,3,4,3,3,,,,,,,,,,,,,5,3,1,3,1,,,,,,,,,,,4,3,2,1,2,2,3,3,1,,0,1,0,0,0,0,0,0,0,0,0,0,0.739,-0.927,44.8,59.9,1,1,1,1,1,"C"
1737,"S22","C086","North","technical",16,-0.981,-0.354,15.1,10,"girl",-1.761,2,1,"majority_language",1,0,5,4.8,,5.7,7.7,14,14,,0,10,1,39.3,2,3,2,,2,3,2,4,,,,,,,,2,,4,,3,5,4,3,3,,4,4,,,,,,,2,3,2,3,3,1,5,3,3,3,,,,,,2,,2,2,4,,4,,3,2,1,0,0,0,0,0,0,0,0,0,0,0,0.35,-2.539,27.5,36.7,1,1,1,0,1,"C"
1738,"S22","C086","North","technical",16,-0.981,-0.354,16.1,10,"girl",-0.306,3,3,"majority_language",0,0,5.3,6.1,,7.9,6.5,10,5,,1.6,1.6,2,37.9,2,2,,4,5,3,,4,,,,,,,,4,3,2,4,5,4,3,3,3,4,3,3,,,,,,,3,4,2,3,4,3,3,,4,4,,,,,,4,5,3,4,3,4,4,3,2,3,,1,0,0,0,0,0,0,0,1,0,0,,,,,1,1,1,0,1,"C"
1739,"S22","C086","North","technical",16,-0.981,-0.354,15.5,10,"girl",-0.042,5,5,"majority_language",0,0,7,7.1,7.2,7.4,6.4,3,0,0,2.4,2.1,2,48.8,4,5,4,3,4,2,,4,2,2,2,4,2,1,2,3,2,3,4,2,4,2,2,3,2,2,,1,1,,1,2,1,4,2,4,2,3,2,3,4,3,2,3,3,4,,1,3,4,4,3,4,4,2,4,2,2,1,1,1,1,1,1,0,0,0,0,,0,,,,,1,1,1,0,0,"A"
1740,"S22","C086","North","technical",16,-0.981,-0.354,15.5,10,"girl",-2.088,1,1,"majority_language",0,0,5.3,5.4,5.8,5.5,5.8,11,4,3,1.5,4,1,32.6,,1,1,4,,,,3,3,3,3,3,5,3,3,5,4,,4,3,4,3,4,3,2,4,3,2,3,1,2,3,,,5,5,1,3,3,4,4,3,3,4,4,4,1,4,4,4,3,2,2,2,3,4,2,,1,1,0,0,1,0,0,0,1,0,0,0,0.629,-0.397,35.4,35.9,1,1,1,0,0,"A"
1741,"S22","C086","North","technical",16,-0.981,-0.354,15.4,10,"girl",1.398,5,4,"majority_language",0,0,7.1,6.7,6.9,6.8,8,6,2,7,8.3,2,4,41.9,3,3,4,3,,5,3,4,,,3,5,4,,4,2,2,3,2,1,1,3,2,3,3,1,1,1,1,2,,,,2,2,2,2,2,2,2,4,3,2,4,3,2,3,2,4,4,4,4,5,2,2,2,4,3,1,0,0,0,0,1,1,0,1,0,0,0,0.886,0.576,48.2,56.5,1,1,1,0,0,"C"
1742,"S22","C086","North","technical",16,-0.981,-0.354,15.3,10,"boy",-1.504,2,1,"other_language",1,0,6.7,7.5,6.9,5.3,6.9,4,2,3,7.3,4.8,5,54.5,5,3,5,5,4,5,3,4,,,5,3,4,5,4,2,2,1,3,1,2,1,1,3,2,1,2,1,1,4,,,,5,4,5,5,5,4,5,5,3,4,4,5,3,4,,5,5,5,5,3,,4,5,4,4,1,0,1,0,1,0,1,0,1,0,0,0,0.873,0.693,61.3,63.3,1,1,1,0,0,"C"
1743,"S22","C086","North","technical",16,-0.981,-0.354,15.4,10,"girl",-0.449,3,1,"other_language",1,0,6.6,,,7,6.9,2,,,5.2,5.6,3,52.4,5,3,5,4,4,,,,,,,,,,,2,2,2,2,2,1,,,,,,,,,,,,,2,2,,3,2,,,,,,,,,,,3,2,4,4,4,4,3,4,5,4,1,1,1,0,0,0,1,0,1,0,0,,0.631,-0.665,36,39.7,1,1,1,1,1,"C"
1744,"S22","C086","North","technical",16,-0.981,-0.354,15.5,10,"boy",0.827,5,5,"majority_language",0,0,6.7,6.9,6.9,6.3,6.8,2,3,3,7,2.5,2,46.4,5,5,5,4,5,5,4,3,4,3,3,5,4,2,3,3,4,1,3,2,3,3,2,3,2,3,2,2,3,3,3,2,1,3,3,4,,3,4,3,4,4,5,2,4,5,4,,4,5,,4,5,,3,4,5,4,1,1,0,1,1,,1,0,0,0,0,0,0.859,1.164,60.9,56,1,0,1,0,0,"A"
1745,"S22","C086","North","technical",16,-0.981,-0.354,16.1,10,"boy",-0.539,1,1,"majority_language",0,1,6.2,5.4,5.3,6.3,6.3,11,6,11,3.9,3.6,1,32.6,2,4,1,4,4,3,2,2,2,3,3,2,2,2,4,3,3,4,2,5,3,3,3,4,,,,,3,3,3,4,3,2,,3,2,2,3,3,2,,5,3,3,4,,,3,3,5,3,5,2,1,2,4,1,1,1,1,1,1,,0,0,0,0,0,0,,,,,1,1,1,0,0,"B"
1746,"S22","C087","North","technical",16,-0.981,-0.821,15.7,10,"boy",-1.161,3,1,"majority_language",0,1,5.6,5.2,5.8,6.6,6.2,4,13,0,4.4,2.8,1,48.6,,3,3,3,,1,3,2,2,3,2,1,2,3,2,4,3,4,3,4,3,5,,4,2,5,4,3,2,3,3,3,4,1,3,2,3,3,3,2,3,4,5,3,4,3,3,3,2,1,1,1,5,1,2,,3,2,1,0,1,1,0,1,,0,0,0,0,0,0.755,-0.266,48,47.1,1,1,0,0,0,"A"
1747,"S22","C087","North","technical",16,-0.981,-0.821,15.1,10,"girl",-2.223,1,1,"other_language",0,0,5.9,6.6,,6.1,5.4,12,1,,3.5,7.6,2,36.8,2,2,3,,,4,1,,4,3,,,,,,3,,3,4,4,,4,,4,4,4,3,,,,,,,1,,2,3,2,2,2,4,3,3,,,,,,2,2,3,3,2,3,3,,2,1,0,0,0,0,0,0,1,1,0,0,0,0,,,,,1,1,1,0,1,"A"
1748,"S22","C087","North","technical",16,-0.981,-0.821,15,10,"girl",-1.213,1,2,"majority_language",1,0,6.1,6.6,6,6.5,6.6,9,3,8,5.3,1.4,2,50.6,4,3,1,3,4,3,3,3,,,4,4,4,4,4,1,3,3,,2,3,2,4,2,2,2,3,1,2,1,,,,,3,3,3,3,5,4,5,4,5,4,5,3,3,3,2,3,2,3,4,3,3,4,3,3,1,1,0,1,0,0,0,0,,0,0,0,0.717,-0.472,33.4,42.1,1,1,1,0,0,"C"
1749,"S22","C087","North","technical",16,-0.981,-0.821,14.8,10,"girl",-0.119,5,3,"majority_language",0,0,6.9,6.4,6.6,6.2,5.2,3,8,7,4.3,5.3,3,47,3,1,4,4,3,5,1,4,,,1,1,2,,1,4,3,3,3,1,2,3,4,4,3,3,2,,3,3,,,,,2,,3,5,3,4,2,3,5,4,2,2,2,2,3,2,2,3,4,,2,3,2,2,1,1,0,1,0,0,0,0,0,0,0,0,0.883,-0.714,48.9,42.1,1,1,1,0,0,"C"
1750,"S22","C087","North","technical",16,-0.981,-0.821,15.2,10,"boy",-1.504,1,2,"majority_language",0,0,5.3,5.7,5.8,6.9,6.5,8,1,9,3.1,4.6,2,43.9,4,3,2,4,2,3,3,1,3,4,4,,2,3,2,2,4,1,3,3,3,1,3,1,1,3,3,2,2,1,2,3,1,2,3,1,1,2,3,3,3,2,2,4,5,3,2,4,5,4,4,4,3,3,4,3,2,3,1,0,0,1,0,0,0,0,0,0,0,1,0.597,-0.845,41.7,28.4,0,0,1,0,0,"A"
1751,"S22","C087","North","technical",16,-0.981,-0.821,15.9,10,"girl",-1.191,2,2,"other_language",0,0,7,7.3,7.8,7.2,7.2,6,6,1,9.7,1.8,3,62.5,5,5,5,5,5,3,,5,4,4,5,4,5,4,4,1,4,4,3,1,3,1,2,1,1,1,3,2,3,3,3,1,3,3,2,2,3,1,3,3,1,3,2,5,4,4,3,4,5,4,4,5,5,4,5,3,4,,1,0,1,1,0,1,0,0,0,0,0,0,,,,,1,1,0,0,0,"A"
1752,"S22","C087","North","technical",16,-0.981,-0.821,14.7,10,"girl",-1.19,2,2,"majority_language",0,0,6.5,6.1,7.3,6.9,7.9,2,16,6,5.3,4.4,2,47.3,5,,5,3,4,5,5,5,5,5,4,2,4,5,4,1,,,3,3,2,1,2,3,2,,3,1,2,1,2,1,1,3,3,1,2,3,3,1,1,3,2,,,2,3,3,2,4,3,2,2,3,1,2,2,2,1,1,1,1,0,1,1,,0,1,1,0,,,,,1,1,1,0,0,"A"
1753,"S22","C087","North","technical",16,-0.981,-0.821,15.3,10,"boy",-1.602,1,1,"majority_language",0,0,6.4,7.2,,6.6,6.2,7,10,,5.2,4.5,1,43.5,3,4,4,4,,2,5,3,3,4,,,,,,3,3,4,4,3,4,3,3,3,5,2,2,,,,,,,3,4,4,4,3,4,4,3,,2,,,,,,3,3,2,2,5,1,2,1,4,3,1,1,1,0,1,0,0,0,0,0,0,0,,,,,1,1,1,0,1,"A"
1754,"S22","C087","North","technical",16,-0.981,-0.821,15.5,10,"girl",-1.391,1,1,"majority_language",0,0,5.8,6.5,,5.6,8.1,16,4,,6.2,3.6,1,30.7,3,3,4,3,,3,3,3,,,,,,,,3,3,3,,3,3,2,3,3,3,2,3,,,,,,,4,3,2,4,,3,2,2,2,,,,,,,1,1,1,1,1,4,,3,4,4,0,1,0,1,0,0,1,0,0,1,,0,0.672,-1.131,38.7,41.9,1,1,1,0,1,"C"
1755,"S22","C087","North","technical",16,-0.981,-0.821,15.3,10,"boy",-1.453,1,1,"majority_language",0,0,6.2,5.8,6.6,6.3,6.9,11,7,8,3,3.5,2,54.5,2,4,3,2,3,2,2,,,,5,,4,2,5,2,3,1,3,3,1,2,2,2,2,3,2,3,2,1,,,,3,2,2,2,2,2,2,3,3,3,1,2,3,1,1,2,,4,1,1,2,3,3,4,4,1,0,0,0,0,0,0,0,0,0,0,0,0.662,-1.356,32.8,40.5,1,1,1,0,0,"C"
1756,"S22","C087","North","technical",16,-0.981,-0.821,14.6,10,"boy",-1.897,1,,"majority_language",1,0,5,5.3,,5.9,6,7,5,,6,3.6,1,45.2,3,2,2,4,4,1,2,2,3,2,,,,,,1,2,4,2,3,,3,3,2,,,,,,,,,,,1,3,3,4,1,2,3,2,3,,,,,,3,,4,4,4,1,3,2,4,1,1,0,0,1,0,,0,0,,,0,0,0.563,-1.397,37.1,38.8,1,1,1,0,1,"B"
1757,"S22","C087","North","technical",16,-0.981,-0.821,15.4,10,"boy",0.235,3,2,"other_language",0,0,7.6,6.6,7.5,7.5,8,0,3,3,7.8,3.5,3,50.3,4,5,3,5,5,4,3,1,3,3,5,5,3,5,5,3,3,1,1,2,2,4,2,4,,,,4,3,2,3,3,2,3,,4,4,2,1,1,1,3,3,2,2,2,,,4,5,5,,3,3,2,2,3,1,0,1,1,1,0,0,1,1,0,0,0,0,0.942,1.592,80,61.8,1,1,1,0,0,"B"
1758,"S22","C087","North","technical",16,-0.981,-0.821,15.6,10,"boy",-1.772,1,2,"majority_language",0,0,6.1,,,6.8,6.3,5,,,1.6,3.4,1,39,4,4,3,2,5,,,,,,,,,,,1,4,1,3,1,3,,,,,,,,,,,,,3,3,5,5,3,,,,,,,,,,,3,2,3,3,4,3,2,2,1,3,1,1,,0,1,0,0,1,0,0,0,0,0.732,-1.47,41.4,40.4,1,1,1,1,1,"A"
1759,"S22","C087","North","technical",16,-0.981,-0.821,15.6,10,"boy",-2.224,1,1,"majority_language",1,0,5,,,5.9,6.8,40,,,1.3,7.4,1,25,3,,,2,3,,,,,,,,,,,,3,3,,5,5,,,,,,,,,,,,,3,2,,2,,,,,,,,,,,,,,2,1,1,1,1,1,,1,1,,1,1,1,1,0,0,1,0,0,1,0.585,-0.565,51.8,46.2,1,1,1,1,1,"A"
1760,"S22","C087","North","technical",16,-0.981,-0.821,15.4,10,"girl",-1.788,1,1,"majority_language",0,0,4,6.2,,5.4,7.2,7,0,,1.9,8.4,1,34.2,2,1,1,,1,2,3,2,1,2,,,,,,2,3,3,1,4,2,4,3,,2,3,5,,,,,,,4,,,2,5,4,3,2,4,5,,,,,,2,2,2,4,2,3,4,2,2,4,1,0,0,1,0,0,1,1,0,0,0,0,0.718,0.168,47.3,38.9,1,1,1,0,1,"A"
1761,"S22","C087","North","technical",16,-0.981,-0.821,15.2,10,"another_or_no_answer",-1.584,1,1,"other_language",0,0,6.1,,,5.2,6.9,7,,,9.1,1.9,1,50.7,5,3,3,3,3,,,,,,,,,,,3,2,2,1,3,,,,,,,,,,,,,,1,1,1,2,1,,,,,,,,,,,4,3,4,3,2,2,1,1,3,2,1,0,1,1,1,0,1,1,0,,0,0,0.535,0.497,34.9,45.7,1,1,1,1,1,"B"
1762,"S22","C088","North","technical",21,-0.981,-1.169,14.6,9,"girl",-0.671,1,3,"majority_language",0,0,7.1,7.6,,6.7,6.5,4,7,,3.5,2.5,3,52.4,3,4,4,5,4,2,3,4,,,,,,,,2,2,,3,4,,3,1,2,1,2,2,,,,,,,3,5,3,4,5,3,2,2,,3,,,,,,1,1,2,,2,3,3,3,2,3,1,1,1,1,1,1,0,1,0,0,0,1,0.815,0.843,49.3,37.8,1,1,1,0,1,"C"
1763,"S22","C088","North","technical",21,-0.981,-1.169,14.5,9,"boy",-2.468,1,1,"majority_language",0,0,5.8,,,5.5,6.6,28,,,1.2,2,2,46.1,3,2,2,4,4,,,,,,,,,,,2,3,,3,3,,,,,,,,,,,,,,2,2,3,2,3,,,,,,,,,,,3,4,4,4,,,3,3,3,3,0,0,0,0,0,0,0,0,0,0,0,0,0.702,0.685,53.2,46.2,1,1,1,1,1,"B"
1764,"S22","C088","North","technical",21,-0.981,-1.169,14.1,9,"boy",-0.93,,1,"majority_language",0,0,6.4,,,6.8,7.2,17,,,0.6,4.3,2,38.8,2,5,2,4,3,,,,,,,,,,,5,5,2,4,5,4,,,,,,,,,,,,,2,1,1,3,1,,,,,,,,,,,2,2,2,4,2,4,1,2,1,3,1,1,0,0,0,0,0,0,0,0,0,0,0.506,-0.739,33,38.9,0,1,1,1,1,"A"
1765,"S22","C088","North","technical",21,-0.981,-1.169,14.4,9,"boy",-0.273,2,1,"majority_language",0,0,6.1,6,,6.3,7.5,0,13,,3.2,4.2,2,43.8,4,2,3,2,5,2,2,3,3,1,,,,,,3,3,2,3,4,2,4,3,2,3,2,1,,,,,,,3,5,2,4,3,,3,3,2,1,,,,,,2,5,2,4,3,4,3,2,2,3,0,0,1,0,1,0,0,0,0,0,0,0,0.368,-1.19,35.5,37.3,0,1,1,0,1,"A"
1766,"S22","C088","North","technical",21,-0.981,-1.169,14.7,9,"girl",-0.614,1,2,"other_language",0,0,6.6,7.1,6.4,6.1,6.1,7,0,0,7.6,2.8,3,54.4,4,4,2,4,4,3,4,2,,,4,3,2,3,4,1,3,2,2,1,2,2,2,3,2,1,3,3,4,2,,,,3,3,4,5,3,4,4,5,4,4,3,4,5,3,4,4,4,2,,3,,5,,4,5,1,1,1,0,0,1,1,1,0,0,0,0,0.479,-0.297,40.5,47.5,1,1,1,0,0,"C"
1767,"S22","C088","North","technical",21,-0.981,-1.169,14.5,9,"boy",-0.705,3,1,"other_language",0,0,6.9,6.2,6.3,8.1,6,1,7,0,5.2,3.2,3,46.8,3,4,,5,4,4,3,4,,,3,2,2,3,3,1,1,,2,3,3,2,2,1,2,3,3,1,3,,,,,4,2,4,2,4,3,3,2,1,3,3,4,3,3,3,2,3,3,2,2,3,4,4,4,5,1,1,1,1,1,1,0,,,0,1,0,0.626,0.282,49.4,56,1,1,1,0,0,"C"
1768,"S22","C088","North","technical",21,-0.981,-1.169,14.7,9,"girl",-1.93,1,1,"majority_language",1,0,5.6,5.4,5.8,5.9,4.9,9,6,2,2.2,10,1,37.3,1,3,1,1,2,1,1,1,,,1,1,1,1,1,3,3,1,5,5,5,3,3,4,5,5,2,4,3,,,,,3,2,1,3,3,4,2,2,3,4,4,3,4,4,3,1,,1,,2,2,2,1,,1,0,0,1,0,0,0,0,0,0,0,0,0,0.596,-3.085,26.5,30.8,1,1,1,0,0,"C"
1769,"S22","C088","North","technical",21,-0.981,-1.169,14.6,9,"boy",-0.208,3,1,"majority_language",0,0,6.2,6.7,6.4,5.9,8,1,3,3,3.2,3.2,2,43.8,5,4,5,5,5,4,4,3,5,5,4,,4,4,4,4,3,4,3,3,2,3,3,2,1,2,1,3,1,,3,1,3,4,3,4,2,4,3,3,2,2,3,3,3,3,4,2,3,3,3,4,3,4,3,4,3,4,0,1,0,1,1,1,0,0,0,0,0,0,0.525,-0.2,40.5,44.1,0,0,1,0,0,"A"
1770,"S22","C088","North","technical",21,-0.981,-1.169,14.2,9,"boy",-0.957,2,2,"majority_language",0,0,7.3,5.8,6.2,6.8,6.2,1,3,2,1.5,2.2,2,44.8,1,3,4,3,2,4,3,2,2,2,3,3,2,,5,2,,,3,2,4,1,2,2,3,3,3,3,2,3,3,2,3,3,2,4,3,3,5,5,4,5,3,4,4,3,5,3,5,5,5,4,5,4,3,3,4,2,1,1,0,1,0,1,0,0,0,0,1,,0.485,-0.761,30.9,22.9,1,0,1,0,0,"A"
1771,"S22","C088","North","technical",21,-0.981,-1.169,14.7,9,"girl",-0.726,4,2,"other_language",0,0,6.7,6.3,6,5.8,5.1,10,8,9,7.8,0.7,4,40.1,4,1,,3,4,4,,2,3,4,3,2,3,2,2,,1,2,,2,3,3,2,4,2,,2,2,1,3,2,1,1,4,2,3,2,3,1,4,3,3,2,2,5,5,2,4,5,4,4,3,4,3,4,4,2,3,1,1,1,0,0,0,0,0,0,0,1,0,0.855,0.763,51.9,38.8,1,1,0,0,0,"A"
1772,"S22","C088","North","technical",21,-0.981,-1.169,15.3,9,"girl",0.183,5,2,"majority_language",0,0,7.6,6.8,,8,7.8,4,3,,11.9,1.4,4,58,4,5,5,4,3,5,5,4,3,4,,,,,,2,2,,2,3,4,3,3,4,4,3,3,,,,,,,4,2,3,5,3,4,3,5,4,4,,,,,,3,5,4,3,3,5,5,5,5,4,1,1,1,1,1,1,1,0,0,0,0,0,0.35,0.448,52.9,48,1,0,1,0,1,"A"
1773,"S22","C088","North","technical",21,-0.981,-1.169,15,9,"girl",-1.075,3,3,"majority_language",0,0,6.7,6.6,6.6,6.4,8.1,1,1,6,4.4,5.8,2,47.2,3,3,4,5,4,3,2,2,2,5,3,2,4,3,4,1,2,1,2,1,2,4,2,1,2,,3,2,2,1,4,1,4,5,5,4,2,4,4,5,4,5,4,4,3,4,5,4,3,3,3,3,3,3,,3,2,2,1,1,1,1,1,1,0,1,0,1,0,0,0.826,-0.366,52.8,43.4,1,1,0,0,0,"A"
1774,"S22","C088","North","technical",21,-0.981,-1.169,14,9,"girl",0.574,,3,"other_language",0,0,7.8,7.1,7.6,6.8,7.3,7,5,2,2.1,2,1,50.7,1,1,,4,2,2,3,3,5,3,3,2,2,3,1,1,2,3,2,4,3,2,3,4,2,4,4,2,2,1,2,4,1,1,2,3,2,2,1,2,2,2,2,2,2,2,3,3,4,1,3,4,3,3,3,3,4,4,1,1,1,1,1,1,0,0,,0,0,0,0.881,0.946,53.9,59.4,1,0,0,0,0,"A"
1775,"S22","C088","North","technical",21,-0.981,-1.169,14.1,9,"boy",-0.984,2,1,"other_language",0,1,7.1,7.4,7.4,5.4,6.7,9,1,5,0.7,2.3,3,46.2,2,3,4,4,2,4,3,4,3,5,5,,3,,4,4,2,3,3,3,3,3,1,1,,,,,3,2,1,4,3,3,3,3,3,2,2,4,1,3,2,2,3,4,,,,4,2,,5,1,2,1,3,1,0,0,0,0,0,0,0,0,0,0,0,0,0.522,-2.053,50.3,33,1,1,1,0,0,"B"
1776,"S22","C088","North","technical",21,-0.981,-1.169,14.8,9,"girl",-1.507,2,1,"majority_language",0,0,5.9,5.8,,7.3,6.2,7,4,,2.1,6.3,2,35.5,1,2,4,3,3,2,,1,1,1,,,,,,2,3,3,3,4,2,3,3,4,3,5,2,,,,,,,,,2,4,2,1,1,3,1,3,,,,,,4,2,2,1,2,2,1,3,1,3,0,1,1,1,1,0,0,0,0,0,0,0,,,,,1,1,1,0,1,"A"
1777,"S22","C088","North","technical",21,-0.981,-1.169,15.1,9,"girl",-2.251,1,,"majority_language",0,1,4.6,,,5.9,5.8,29,,,0.9,4,1,36.9,4,2,3,4,3,,,,,,,,,,,,4,3,5,,3,,,,,,,,,,,,,1,2,2,3,,,,,,,,,,,,3,,2,4,2,3,3,4,2,2,0,0,0,0,0,0,0,0,0,0,0,0,0.35,-0.945,31.9,20,1,1,1,1,1,"B"
1778,"S22","C088","North","technical",21,-0.981,-1.169,14.5,9,"girl",-0.189,5,1,"majority_language",1,0,7.1,6.7,7.1,6.7,6.9,6,0,5,12.7,4.7,2,48.7,4,4,3,2,5,,3,3,,,4,4,3,4,4,1,2,2,2,1,3,3,1,3,3,5,1,2,3,1,,,,5,3,5,5,3,4,3,4,4,4,2,4,3,5,2,3,4,5,5,4,1,3,3,,3,1,1,1,1,0,1,0,0,0,0,1,0,,,,,1,1,1,0,0,"C"
1779,"S22","C088","North","technical",21,-0.981,-1.169,14.7,9,"boy",-0.592,3,3,"majority_language",0,0,6.6,7.2,7.3,7.1,6.8,13,2,4,5.6,2.4,2,50.9,5,3,3,3,5,5,,4,4,4,5,2,,5,3,2,3,1,2,3,2,4,4,,3,3,3,3,3,3,3,1,2,3,,5,3,3,3,2,2,,3,3,4,3,4,3,4,2,3,3,4,2,3,3,3,1,1,1,1,1,1,1,1,1,0,1,0,0,0.672,0.796,59.8,57.6,1,1,1,0,0,"A"
1780,"S22","C088","North","technical",21,-0.981,-1.169,14.2,9,"boy",-1.134,2,1,"other_language",1,0,6.5,6.4,,6.2,7.6,3,3,,4.2,4.2,4,46.2,4,3,2,3,3,3,4,,,,,,,,,2,3,4,3,3,2,1,3,,5,3,3,,,,,,,3,3,2,5,4,3,,3,2,2,,,,,,2,3,4,4,3,2,1,2,3,2,0,,1,1,0,1,0,0,0,0,0,0,0.35,-2.22,35.9,39.7,1,1,1,0,1,"C"
1781,"S22","C088","North","technical",21,-0.981,-1.169,14.4,9,"girl",-2.132,2,2,"majority_language",0,0,6.8,6.9,6.5,7.3,5.2,14,4,5,2.2,3,2,49,4,4,2,2,,2,4,4,,,,4,2,2,3,3,1,4,3,2,4,2,3,3,5,,4,3,2,,,,,1,3,,2,1,4,4,3,4,5,,4,2,4,5,3,5,5,,3,2,2,,3,1,1,0,1,1,1,0,0,0,1,0,0,0,0.67,1.564,53.8,47.4,1,1,1,0,0,"C"
1782,"S22","C088","North","technical",21,-0.981,-1.169,14.4,9,"boy",-1.286,1,2,"other_language",0,0,5.2,4.6,,6.6,5.8,14,10,,2.4,4,2,43.8,3,,5,5,4,4,4,,,4,,,,,,4,3,4,3,3,4,3,3,2,1,3,3,,,,,,,,4,2,4,5,4,4,2,3,3,,,,,,2,1,,2,3,2,4,3,2,4,1,0,0,1,1,0,0,0,0,,0,0,0.935,0.853,63.7,57.7,1,1,1,0,1,"A"
1783,"S23","C089","North","vocational",25,-0.543,0.551,14.6,9,"boy",0.011,1,3,"other_language",0,0,6,6.8,6.1,7.1,7.2,3,7,4,2.7,1.9,2,49.5,4,4,1,1,2,5,3,3,,,5,5,5,4,4,2,1,2,2,3,2,2,2,3,4,3,3,2,,1,,,,3,4,4,5,3,4,4,4,2,4,3,4,5,3,4,5,4,3,4,3,5,4,3,2,4,1,1,1,0,1,0,,1,0,0,0,0,0.654,-1.069,46.5,48,1,1,1,0,0,"C"
1784,"S23","C089","North","vocational",25,-0.543,0.551,14.6,9,"girl",0.684,3,5,"majority_language",0,0,8.4,,,7.2,7.1,0,,,9,4.9,1,46,2,4,5,3,4,,,,,,,,,,,3,,3,2,3,4,,,,,,,,,,,,,5,4,3,5,,,,,,,,,,,,,4,3,4,3,4,4,2,3,2,1,1,0,1,1,1,1,1,0,,0,0,0.91,0.383,68.5,63.8,1,1,1,1,1,"B"
1785,"S23","C089","North","vocational",25,-0.543,0.551,14.5,9,"boy",-1.527,2,1,"majority_language",1,0,6,6.2,5.7,7.3,7,3,1,7,8.6,2.7,3,43.4,4,4,3,4,5,,4,2,3,4,3,3,4,,4,3,3,1,2,1,2,2,3,2,,,,,1,1,4,2,2,4,3,3,4,3,3,4,4,4,2,2,2,1,,,5,4,4,5,,4,2,1,4,3,1,0,1,0,0,0,0,0,0,0,0,1,0.851,-0.599,46.6,50.3,1,1,1,0,0,"B"
1786,"S23","C089","North","vocational",25,-0.543,0.551,14.5,9,"boy",-1.275,1,2,"majority_language",0,0,6.1,5.9,6,6.5,7.8,7,2,7,5.8,2.2,4,45.3,5,4,3,5,5,3,3,,5,5,5,5,5,3,4,1,3,1,2,,,1,1,3,4,,1,1,1,3,1,2,1,4,4,5,4,5,4,5,5,5,5,4,4,3,3,4,3,1,3,3,4,4,5,2,3,3,1,0,0,0,1,1,1,0,0,0,0,1,0.566,-0.453,48.9,42.6,1,1,0,0,0,"A"
1787,"S23","C089","North","vocational",25,-0.543,0.551,14.8,9,"boy",-0.694,2,2,"majority_language",0,0,6.6,6.7,6.5,6.9,8.8,4,1,1,4.5,9,5,53.8,5,4,4,4,3,5,5,3,5,4,5,5,3,3,4,3,1,3,3,3,,2,2,1,2,2,2,,1,2,1,,,3,3,2,4,5,5,5,4,5,4,4,4,4,4,5,4,5,2,5,2,2,1,3,5,,1,1,0,1,1,1,0,1,0,1,1,0,0.548,-0.098,25.3,24.6,1,0,1,0,0,"A"
1788,"S23","C089","North","vocational",25,-0.543,0.551,14.3,9,"girl",-0.146,4,3,"other_language",1,0,6.9,,,7,7.2,4,,,3.9,4.3,2,48.1,4,3,3,3,4,,,,,,,,,,,4,1,2,4,3,4,,,,,,,,,,,,,3,2,4,4,1,,,,,,,,,,,5,2,4,4,5,3,4,,3,3,1,1,1,1,1,1,0,0,0,0,0,0,,,,,1,1,1,1,1,"A"
1789,"S23","C089","North","vocational",25,-0.543,0.551,14.5,9,"girl",-0.896,2,1,"majority_language",0,0,5.7,5.8,6.7,6.2,6.4,2,10,10,1.2,2.1,1,40.6,3,1,,1,3,,3,3,4,4,2,3,3,3,3,3,4,4,3,5,4,3,3,3,,,,2,2,1,2,3,1,2,2,3,1,3,2,2,2,3,4,4,4,3,,,3,4,3,5,4,4,2,1,3,3,0,0,0,0,0,0,0,0,0,0,0,0,0.521,0.065,59,35.6,1,1,1,0,0,"B"
1790,"S23","C089","North","vocational",25,-0.543,0.551,14.6,9,"boy",-0.379,5,1,"majority_language",0,0,6.6,7.6,,7.6,6.1,6,0,,6.3,2,4,44.1,4,4,2,3,3,3,1,3,1,2,,,,,,3,2,2,3,2,2,3,2,3,2,2,,,,,,,,5,2,3,3,2,,4,4,4,4,,,,,,4,4,5,3,3,3,3,3,,2,1,1,0,0,0,1,0,0,1,0,0,0,,,,,1,1,1,0,1,"A"
1791,"S23","C089","North","vocational",25,-0.543,0.551,14.3,9,"girl",-0.218,4,1,"majority_language",0,0,7.3,6.7,8.5,7.4,7.4,0,5,6,5.6,7.3,3,50.9,5,3,4,5,2,4,5,,,,4,3,3,2,5,1,1,1,1,1,1,1,1,2,1,1,1,1,1,1,,,,5,4,4,5,4,2,2,1,3,3,3,2,3,1,4,3,4,3,3,2,3,3,2,2,4,1,1,1,1,1,1,1,1,1,1,0,0,0.795,-0.554,55.3,75.2,0,1,1,0,0,"C"
1792,"S23","C089","North","vocational",25,-0.543,0.551,14.2,9,"boy",-0.202,2,5,"majority_language",0,0,7.2,,,5.9,7.3,6,,,5.1,4.4,2,48.1,5,4,4,5,3,,,,,,,,,,,1,3,1,4,3,3,,,,,,,,,,,,,5,5,2,4,5,,,,,,,,,,,4,3,3,4,5,3,4,2,2,2,1,0,1,0,,0,1,0,1,0,0,0,0.587,-0.828,45.8,43.4,1,1,1,1,1,"B"
1793,"S23","C089","North","vocational",25,-0.543,0.551,14.5,9,"boy",-1.452,2,1,"other_language",1,0,6.2,6,,7.6,4.8,9,11,,0,7,1,32.7,1,,3,2,1,2,2,2,1,2,,,,,,5,4,4,3,4,3,3,4,4,,,,,,,,,,3,5,3,4,,3,3,3,2,,,,,,,2,1,,,2,3,4,4,,4,1,0,0,0,1,0,0,0,0,0,1,0,,,,,1,1,1,0,1,"B"
1794,"S23","C089","North","vocational",25,-0.543,0.551,14.7,9,"boy",-1.319,1,,"other_language",0,0,7,7.4,7.1,6.8,8.5,14,3,5,5.6,2.2,2,60.1,5,4,4,4,2,4,4,3,,,4,4,4,4,5,2,3,1,2,4,2,2,1,,2,2,2,1,1,2,,,,,5,5,5,5,5,5,5,5,3,4,3,5,4,3,3,4,4,4,4,4,2,4,4,2,1,1,0,0,1,1,1,0,1,0,0,0,0.712,-1.124,49.3,52.4,1,1,1,0,0,"C"
1795,"S23","C089","North","vocational",25,-0.543,0.551,14.9,9,"boy",1.577,5,5,"majority_language",0,0,7.2,7.7,7.5,7.2,7.7,6,1,3,6.2,0.8,3,57.7,4,4,5,4,4,5,3,3,,,3,5,5,5,4,3,2,1,2,2,2,1,4,2,3,1,,2,2,1,,,,5,3,4,2,5,4,4,5,5,4,5,5,4,5,5,5,5,5,5,4,5,5,4,4,4,1,1,0,1,1,1,0,0,0,1,0,0,0.877,-0.073,56.7,42.7,0,1,1,0,0,"C"
1796,"S23","C089","North","vocational",25,-0.543,0.551,14.4,9,"boy",-0.589,1,3,"majority_language",1,0,6.9,7.5,7.3,9.3,5.6,2,1,2,3.1,3.2,3,43.6,4,5,4,5,3,5,5,3,5,5,5,5,4,4,3,3,2,1,3,2,1,3,2,1,,,,3,3,2,1,3,3,2,3,3,4,4,3,3,3,4,4,3,4,2,,,4,3,5,5,3,2,3,3,3,3,,1,1,1,1,0,1,0,1,1,1,0,0.842,1.166,67.1,70.4,1,1,1,0,0,"B"
1797,"S23","C089","North","vocational",25,-0.543,0.551,14.7,9,"girl",-1.404,1,1,"majority_language",0,0,6.7,7.1,7.2,6.3,7.4,4,9,5,6.6,1.3,5,40.9,5,5,4,5,5,5,3,5,,,5,5,2,4,5,1,1,2,1,1,1,2,2,2,3,3,2,4,1,1,,,,3,5,5,4,3,4,3,3,2,3,4,5,2,4,4,4,4,4,,,1,4,2,3,5,1,0,0,1,,1,1,1,1,1,0,0,0.819,0.164,64.6,71.6,1,1,1,0,0,"C"
1798,"S23","C089","North","vocational",25,-0.543,0.551,14.6,9,"girl",-0.577,4,5,"majority_language",1,0,7.5,8.1,8.5,7.7,6.6,5,2,6,8.4,5.7,4,56.2,4,5,4,5,5,5,5,5,4,5,4,4,4,1,3,,2,1,1,3,2,2,1,1,3,2,1,2,1,1,1,1,1,3,5,4,5,4,4,4,5,5,4,4,3,4,4,4,5,4,5,4,4,,5,4,5,4,1,1,1,1,1,1,0,0,0,0,1,0,0.831,-0.705,55.3,66.1,1,0,0,0,0,"A"
1799,"S23","C089","North","vocational",25,-0.543,0.551,14,9,"boy",-0.627,,3,"other_language",1,0,7.1,6.4,7.2,8.2,6.7,6,1,4,6.5,4.8,4,47.6,3,4,3,3,5,5,5,,3,5,3,3,4,4,4,2,2,5,2,,4,2,2,4,,,,1,1,2,1,,1,4,4,3,3,,5,5,5,3,4,3,,3,,,4,5,3,5,5,3,4,5,4,3,1,1,,1,0,1,1,0,1,1,1,0,0.803,0.652,40.4,43,1,1,1,0,0,"B"
1800,"S23","C089","North","vocational",25,-0.543,0.551,14.8,9,"girl",1.319,,2,"majority_language",0,0,8.2,7.3,,8.2,7.3,2,8,,5.3,7,2,53.6,3,3,4,4,5,4,3,3,,,,,,,,3,4,,,1,3,3,4,,1,4,4,,,,,,,3,3,4,3,2,4,2,4,5,3,,,,,,4,,5,4,5,5,2,5,5,4,1,1,0,,0,1,1,1,1,0,1,0,0.823,0.695,45.5,60.2,1,1,1,0,1,"C"
1801,"S23","C089","North","vocational",25,-0.543,0.551,15.2,9,"boy",-0.524,1,3,"majority_language",0,0,6.7,6.9,,6.7,6.1,8,9,,4.8,1.3,3,45.6,4,3,5,2,5,3,5,4,2,3,,,,,,2,5,3,2,2,2,4,3,4,,,,,,,,,,4,2,3,3,3,3,3,3,2,4,,,,,,4,2,5,5,3,2,3,3,5,5,1,1,0,0,1,0,,0,0,0,0,1,0.727,-1.265,39.9,45.3,1,1,1,0,1,"B"
1802,"S23","C089","North","vocational",25,-0.543,0.551,15.4,9,"girl",-0.668,3,1,"majority_language",0,0,6,5.4,6.8,8.1,6.5,4,6,0,3.6,2.4,1,41.9,2,2,3,3,2,3,2,3,2,2,4,3,4,1,4,3,3,2,3,1,3,3,1,3,2,2,2,,1,2,3,2,1,,3,4,2,,4,3,3,3,4,3,3,3,2,,3,4,2,4,2,4,4,5,4,5,1,1,1,1,1,0,0,1,0,1,0,0,0.975,0.494,71.4,59.4,1,0,1,0,0,"A"
1803,"S23","C089","North","vocational",25,-0.543,0.551,14.7,9,"boy",-1.297,3,2,"majority_language",0,0,6.8,7.5,6.6,6.7,7.2,1,0,1,3.4,2.8,1,49.2,2,3,2,2,2,1,2,3,4,1,,2,3,2,2,1,1,1,1,2,1,4,3,1,2,3,2,2,1,1,1,2,1,5,5,4,4,5,5,5,5,5,5,5,5,5,5,5,3,2,2,1,2,5,4,2,4,,1,1,1,0,1,1,1,1,1,0,0,1,0.839,0.306,72,64.3,1,0,1,0,0,"A"
1804,"S23","C089","North","vocational",25,-0.543,0.551,14.6,9,"girl",-0.547,3,2,"majority_language",0,0,6.9,,,6.7,6.6,3,,,1.4,2.9,2,37.1,2,3,2,1,5,,,,,,,,,,,3,,2,2,3,2,,,,,,,,,,,,,4,3,2,4,4,,,,,,,,,,,3,2,2,2,2,5,3,4,2,3,1,1,1,1,0,1,0,0,1,0,0,0,0.855,0.023,50,59.1,1,1,1,1,1,"C"
1805,"S23","C089","North","vocational",25,-0.543,0.551,14.9,9,"boy",-0.672,2,2,"majority_language",1,0,7,7.4,,6.2,5.8,7,2,,5.3,2.9,3,57.6,2,3,4,4,4,4,2,3,,,,,,,,3,3,,4,3,3,1,3,2,2,3,2,,,,,,,2,2,1,3,4,2,4,2,3,4,,,,,,4,4,4,5,4,4,4,5,,5,1,1,0,1,1,0,0,0,1,0,0,,0.423,0.236,31.5,54.4,1,1,1,0,1,"C"
1806,"S23","C089","North","vocational",25,-0.543,0.551,14,9,"boy",-0.495,1,2,"majority_language",0,0,7,6.8,6.6,6.8,7.5,4,0,3,2.9,1.6,2,49.5,3,4,2,4,3,3,4,4,5,3,4,5,3,3,4,1,,2,1,2,2,3,2,3,2,3,1,1,1,1,1,1,2,3,2,3,5,4,,3,3,4,4,2,3,3,3,2,2,5,3,2,4,3,3,3,3,2,1,1,1,0,1,1,1,0,0,0,0,0,0.54,-0.318,40.3,41.7,1,1,0,0,0,"A"
1807,"S23","C089","North","vocational",25,-0.543,0.551,14.6,9,"girl",-0.594,1,3,"other_language",1,0,6.8,6.9,7.7,5.8,6.8,7,2,5,6.1,1.7,2,53.5,4,3,4,3,4,4,4,3,,3,4,5,3,4,2,2,2,1,1,1,2,2,3,1,2,2,2,5,2,3,3,1,3,3,4,4,5,5,3,5,5,4,4,4,4,2,4,4,4,4,4,3,3,4,4,2,4,5,1,0,0,0,0,0,1,0,0,0,0,0,0.509,-1.8,35.1,29.9,0,1,0,0,0,"A"
1808,"S23","C090","North","vocational",23,-0.543,-0.856,15.9,11,"boy",-0.192,5,3,"majority_language",0,0,6.8,,,7.6,7.3,17,,,5.5,4.1,3,51.5,5,3,5,4,3,,,,,,,,,,,5,4,4,3,2,3,,,,,,,,,,,,,2,2,3,2,2,,,,,,,,,,,4,4,4,3,3,4,3,4,3,3,1,1,1,0,0,0,0,0,,1,1,0,0.834,0.518,55.3,56.9,1,1,1,1,1,"B"
1809,"S23","C090","North","vocational",23,-0.543,-0.856,16.3,11,"boy",-0.338,3,2,"majority_language",0,0,6.5,6.1,6,6.5,7.4,2,2,5,5.5,6.6,2,53.4,4,4,4,5,4,4,3,5,5,,5,4,2,5,3,3,3,,3,3,3,2,,2,,,,2,1,1,1,1,1,2,3,2,1,3,2,2,3,3,3,3,4,4,,,3,3,3,3,4,2,4,4,4,5,0,1,1,0,1,1,0,0,0,0,0,0,0.873,-0.415,42.3,46.2,1,1,1,0,0,"B"
1810,"S23","C090","North","vocational",23,-0.543,-0.856,16.8,11,"girl",-1.002,1,1,"majority_language",0,0,6.5,7.3,,6.2,6.3,6,3,,3,1.2,3,38.4,2,3,,2,3,3,4,4,,,,,,,,,1,1,1,1,2,1,1,1,1,1,1,,,,,,,4,5,4,4,4,4,5,4,5,4,,,,,,3,3,3,3,5,2,3,4,2,3,1,1,1,0,1,0,0,0,0,0,0,,0.807,-1.056,58.2,56.3,1,1,1,0,1,"C"
1811,"S23","C090","North","vocational",23,-0.543,-0.856,16.8,11,"girl",-0.004,2,3,"majority_language",0,0,6.7,6.5,6.1,6.2,8.2,3,3,2,3.7,3,2,36.3,,3,2,2,5,3,5,5,,,4,3,3,3,4,2,3,1,2,2,3,3,5,3,3,1,3,4,4,1,,,,3,3,3,4,5,2,4,3,3,2,3,4,4,4,3,4,4,3,3,3,4,3,4,4,3,1,0,1,0,0,0,0,0,0,0,0,0,0.906,-0.538,55.3,54.6,1,1,1,0,0,"C"
1812,"S23","C090","North","vocational",23,-0.543,-0.856,16.2,11,"boy",-0.465,2,4,"majority_language",0,1,6.8,6.5,6.4,6.3,6.3,1,4,5,6.9,4.3,1,50.9,3,3,3,4,2,4,3,3,4,4,,4,5,4,3,2,2,3,1,,2,1,4,1,,,,,2,1,2,1,1,5,4,3,4,3,4,4,2,4,4,5,5,4,,,3,3,5,,4,2,1,2,2,4,1,1,1,1,0,0,0,,0,0,1,0,,,,,1,1,1,0,0,"B"
1813,"S23","C090","North","vocational",23,-0.543,-0.856,16.7,11,"boy",-1.051,1,1,"majority_language",1,0,6.7,6.8,7.4,7.2,7.2,6,10,5,5.9,3.6,1,50.7,2,,5,4,4,5,4,5,4,5,5,5,4,5,3,4,5,4,4,4,2,,,5,4,2,3,1,3,3,2,1,,2,,3,,3,3,4,4,,5,2,2,3,1,1,4,5,5,5,,4,5,3,4,3,1,1,1,1,1,1,1,1,1,1,0,0,0.626,-1.315,40.7,45.1,1,1,1,0,0,"A"
1814,"S23","C090","North","vocational",23,-0.543,-0.856,16.6,11,"boy",0.03,4,3,"majority_language",0,0,5.8,7.3,7.9,6.2,6.2,0,4,2,6.1,3,2,51.7,4,3,3,5,5,3,2,3,2,2,5,2,4,3,3,,4,3,2,3,2,1,1,1,1,1,1,2,2,2,1,3,2,4,4,3,4,5,2,4,4,5,4,4,3,3,3,,2,3,4,2,4,3,3,4,3,4,1,1,0,0,0,0,1,0,,0,0,0,0.859,-0.54,53.5,37.7,1,0,1,0,0,"A"
1815,"S23","C090","North","vocational",23,-0.543,-0.856,16.7,11,"girl",-0.035,4,2,"majority_language",1,0,6.7,,,6,7,23,,,6.5,6.2,2,43.8,2,3,3,2,3,,,,,,,,,,,3,4,3,2,4,3,,,,,,,,,,,,,3,2,1,2,3,,,,,,,,,,,3,2,3,1,,4,2,2,4,3,1,1,1,1,0,1,0,0,0,0,0,0,,,,,1,1,1,1,1,"C"
1816,"S23","C090","North","vocational",23,-0.543,-0.856,16.9,11,"girl",-0.613,2,1,"majority_language",0,0,6.1,6.1,5.3,6.3,6.7,2,0,15,5.5,2.7,4,50.9,4,4,4,4,4,4,5,3,,,3,5,4,4,3,1,2,1,1,2,2,1,1,1,1,1,1,3,2,2,,,,1,2,2,2,3,2,2,2,2,1,2,2,1,2,1,2,3,3,3,3,4,3,2,3,3,1,0,0,0,1,1,1,1,0,1,0,0,0.763,-0.342,48.1,52.9,0,1,1,0,0,"C"
1817,"S23","C090","North","vocational",23,-0.543,-0.856,16.5,11,"another_or_no_answer",-0.098,2,3,"majority_language",0,0,7.6,7.2,7.2,6.4,6.5,8,9,1,6.5,2.2,5,52.9,3,4,4,3,4,3,3,5,1,4,4,4,4,,4,2,,2,2,3,3,2,3,3,,1,2,1,2,,1,1,3,3,3,2,2,5,3,3,3,4,3,1,3,3,1,2,5,5,4,4,4,3,3,3,3,2,1,1,1,0,1,0,1,1,0,1,0,0,0.764,-1.668,49.8,31.2,1,1,1,0,0,"A"
1818,"S23","C090","North","vocational",23,-0.543,-0.856,16.3,11,"girl",-1.335,2,1,"majority_language",0,0,6.1,6.7,,5.4,7.1,25,2,,3.8,5.5,1,58,3,,3,5,3,2,4,3,4,4,,,,,,4,5,3,1,3,4,4,3,3,3,3,4,,,,,,,2,2,3,3,1,2,4,1,2,3,,,,,,4,4,3,2,,3,,2,2,1,1,,1,1,0,0,0,0,1,0,0,0,0.576,-1.052,32.4,41.6,1,0,1,0,1,"A"
1819,"S23","C090","North","vocational",23,-0.543,-0.856,16.2,11,"boy",-0.941,2,3,"majority_language",0,0,6.2,7.5,6.9,8,7.8,8,4,3,5.1,4.1,2,40.6,4,4,4,2,3,4,4,5,,,5,4,5,2,4,3,4,1,4,3,2,5,4,4,3,2,3,3,4,1,,,,2,2,,4,4,4,4,4,3,3,3,3,3,2,4,3,4,2,4,4,4,3,4,3,4,1,1,1,1,,1,,1,0,1,1,1,0.674,0.259,42.4,45.9,1,1,1,0,0,"C"
1820,"S23","C090","North","vocational",23,-0.543,-0.856,16.4,11,"boy",-0.749,2,1,"other_language",0,0,6,,,6.3,7.5,14,,,4.2,4.3,2,58.2,3,4,3,1,5,,,,,,,,,,,3,5,3,3,4,4,,,,,,,,,,,,,2,3,2,4,2,,,,,,,,,,,4,2,3,,4,3,2,2,,2,1,0,1,1,0,0,0,1,0,,0,0,0.684,-0.803,57.6,60,1,1,1,1,1,"B"
1821,"S23","C090","North","vocational",23,-0.543,-0.856,17.3,11,"girl",-0.994,3,2,"majority_language",0,0,5.6,5.9,5.5,6.9,7.1,8,4,19,1,2.1,1,46,3,3,1,3,3,2,3,3,2,2,2,4,4,2,4,3,5,3,2,,3,4,4,3,3,4,3,3,1,4,,3,3,4,3,3,3,2,4,4,2,5,3,4,,4,2,2,4,3,4,3,4,4,2,,3,4,0,1,1,0,0,1,0,0,0,1,0,0,0.694,0.002,52.1,37.5,1,0,1,0,0,"A"
1822,"S23","C090","North","vocational",23,-0.543,-0.856,16.6,11,"another_or_no_answer",-1.88,2,1,"other_language",1,0,4.8,,,5.3,4.2,2,,,2.7,4.8,4,46.1,3,3,2,2,2,,,,,,,,,,,3,3,4,3,3,2,,,,,,,,,,,,,4,5,2,4,4,,,,,,,,,,,3,3,3,3,,2,3,2,2,3,1,0,0,1,0,0,0,0,0,,0,,0.8,0.13,37.9,41.4,1,1,1,1,1,"C"
1823,"S23","C090","North","vocational",23,-0.543,-0.856,16.5,11,"girl",0.229,5,1,"majority_language",0,0,7.1,7.5,7.9,7.5,6.8,10,2,3,6.2,1.9,4,51.9,4,4,3,3,5,5,5,5,5,4,5,5,4,5,5,1,1,2,1,1,3,2,2,4,,,,1,1,1,1,1,2,3,3,4,3,2,3,3,,2,3,3,3,4,,,4,3,3,5,4,2,2,4,2,2,1,0,,1,1,0,0,0,1,0,0,0,0.772,0.554,57.8,68.1,1,1,1,0,0,"B"
1824,"S23","C090","North","vocational",23,-0.543,-0.856,16.2,11,"boy",-1.43,2,1,"majority_language",0,0,6.6,5.9,6.4,6.7,6.8,4,0,4,6.2,3.5,2,60.3,3,2,4,,,1,2,1,,,1,2,4,2,2,2,2,2,3,,4,2,2,3,2,3,5,3,4,4,,,,3,3,2,3,3,4,4,4,4,1,2,3,2,3,3,,4,5,5,5,2,2,2,3,3,1,0,1,1,0,,0,0,0,0,0,,0.693,0.494,59.9,54.3,1,1,1,0,0,"C"
1825,"S23","C090","North","vocational",23,-0.543,-0.856,16.5,11,"girl",-0.488,3,3,"majority_language",0,0,6.8,5.7,6.8,9,6.2,13,5,2,3.9,4,1,48.1,,4,,1,,5,5,5,5,,3,3,5,3,4,4,4,2,3,,3,4,2,1,,,,3,4,1,2,3,2,,3,3,3,1,4,3,3,5,2,3,,3,,,3,2,3,2,3,,5,4,3,4,1,1,1,1,1,1,0,1,0,1,0,0,0.736,-0.752,55.9,47.9,1,1,1,0,0,"B"
1826,"S23","C090","North","vocational",23,-0.543,-0.856,16.3,11,"girl",-1.184,1,,"majority_language",0,0,7.1,,,6.2,7,4,,,5,3.1,2,44.7,4,5,3,4,3,,,,,,,,,,,2,3,3,2,3,2,,,,,,,,,,,,,4,4,3,3,4,,,,,,,,,,,2,2,3,3,1,1,2,4,3,5,1,1,0,1,1,1,0,0,0,0,0,0,0.803,-1.593,45.4,42,0,1,1,1,1,"C"
1827,"S23","C090","North","vocational",23,-0.543,-0.856,16.2,11,"boy",-1.066,2,3,"majority_language",0,0,6.5,7.3,,7.2,6.6,4,3,,5.5,3.7,1,47.8,5,4,4,3,,3,3,4,4,2,,,,,,3,2,2,3,5,2,1,3,1,,,,,,,,,,2,4,1,1,1,3,4,3,4,3,,,,,,5,4,,1,5,1,2,2,4,3,1,1,1,1,1,1,0,0,1,0,0,,0.699,1.825,47.6,61.2,1,1,1,0,1,"B"
1828,"S23","C090","North","vocational",23,-0.543,-0.856,16.2,11,"boy",-1.794,1,1,"other_language",1,0,6.9,7,7,6.6,5.8,3,2,3,6.2,3.8,1,34,4,1,3,2,4,3,3,4,2,3,3,4,3,4,4,3,2,2,3,3,2,2,,2,,,,,2,1,4,,2,3,3,3,5,2,3,2,4,3,4,4,5,4,,,3,2,3,2,1,3,2,,2,4,1,1,1,1,1,1,1,0,,0,0,0,0.792,-0.599,46.2,41,1,1,1,0,0,"B"
1829,"S23","C090","North","vocational",23,-0.543,-0.856,16.8,11,"girl",-0.687,3,4,"majority_language",0,0,7,7.1,6.8,6.2,6.8,2,5,14,6.1,2.9,2,62.5,2,3,4,5,3,5,4,4,,,2,5,4,4,5,1,1,1,2,1,1,2,2,3,1,1,3,3,1,4,,,,4,4,4,3,2,2,3,3,5,5,3,5,3,3,3,5,4,,5,4,3,2,2,2,4,0,1,0,1,0,1,0,0,1,0,0,0,0.599,0.655,47.1,42.7,1,1,1,0,0,"C"
1830,"S23","C090","North","vocational",23,-0.543,-0.856,16.4,11,"girl",-1.905,1,1,"majority_language",0,1,5.8,,,6,7.6,9,,,5,6.4,1,40.6,,3,4,4,4,,,,,,,,,,,3,3,3,,4,2,,,,,,,,,,,,,2,3,1,3,2,,,,,,,,,,,3,,3,5,2,3,3,4,1,2,1,1,0,1,1,0,1,0,0,0,,0,0.39,-1.317,40.2,38.1,1,1,1,1,1,"A"
1831,"S23","C091","North","vocational",14,-0.543,-1.176,17.7,12,"boy",-0.363,3,2,"other_language",0,0,5.9,6.3,6.2,7.1,6.9,2,11,2,4.1,6.4,3,54.1,4,5,5,4,4,3,4,3,1,3,3,4,2,4,3,2,2,2,2,2,1,1,3,2,2,3,1,3,2,1,2,2,2,1,2,3,2,4,1,3,1,2,2,3,4,4,3,4,3,2,2,3,3,3,2,3,5,3,1,0,0,1,1,,0,0,0,0,1,0,0.672,-1.02,40.6,35,1,0,0,0,0,"A"
1832,"S23","C091","North","vocational",14,-0.543,-1.176,17,12,"another_or_no_answer",-0.53,3,1,"majority_language",0,0,6.7,6.2,6.6,7,6.2,6,5,2,2.4,2.4,1,50.2,5,2,,3,2,3,3,4,4,3,,5,5,5,5,3,5,5,4,4,5,4,5,4,,,,4,3,4,,2,4,,2,1,4,2,3,3,3,2,2,2,,1,,,2,2,3,3,1,2,3,3,4,,1,1,0,0,0,1,0,0,0,1,0,0,0.639,-0.748,39,48.2,1,1,1,0,0,"B"
1833,"S23","C091","North","vocational",14,-0.543,-1.176,17.8,12,"boy",0.029,3,4,"majority_language",0,0,5.7,4.9,,6.6,6.3,8,3,,2.1,2.5,1,39.9,2,4,2,2,,1,1,2,,,,,,,,3,3,1,4,4,3,2,3,1,3,3,3,,,,,,,,3,3,2,2,3,4,3,1,3,,,,,,3,4,3,4,4,,3,3,2,3,0,1,0,0,0,0,0,0,0,0,0,0,0.35,-1.217,31.7,43.4,1,1,1,0,1,"C"
1834,"S23","C091","North","vocational",14,-0.543,-1.176,16.9,12,"girl",0.184,2,3,"other_language",0,0,7.5,7.3,6.8,8.1,8.8,6,6,1,7.8,4.1,3,63,5,5,4,5,5,3,4,4,5,5,2,3,4,4,3,3,3,2,2,2,1,1,3,1,,,,3,2,2,2,2,2,4,3,5,3,2,3,3,4,3,3,2,5,3,,,4,4,5,5,5,3,2,3,2,3,1,1,1,1,0,0,0,1,0,1,0,0,0.75,1.439,69.4,53.8,0,1,1,0,0,"B"
1835,"S23","C091","North","vocational",14,-0.543,-1.176,17.6,12,"girl",-0.288,4,3,"other_language",0,0,7.6,8.6,6.9,7.7,7.4,7,4,5,7,2.3,5,53.2,,3,5,5,4,3,3,5,5,4,4,2,2,3,5,4,3,1,1,1,1,3,3,2,2,2,4,1,3,3,2,2,1,3,,4,3,3,4,5,5,5,4,,5,4,5,3,3,3,4,4,4,3,2,4,3,2,0,1,1,,0,1,0,1,1,0,1,0,0.808,0.393,54.8,55.7,1,0,1,0,0,"A"
1836,"S23","C091","North","vocational",14,-0.543,-1.176,17.7,12,"boy",-1.158,2,1,"other_language",0,0,5.3,6.5,6,6.2,6.6,11,4,6,4.5,3.8,2,43.5,2,4,4,2,2,4,4,4,4,4,3,2,2,3,2,,,2,1,2,2,1,3,3,,,,1,2,2,1,1,1,2,3,3,3,5,5,5,5,4,,3,4,2,,,3,,2,4,4,2,3,4,3,4,1,1,1,0,0,0,0,0,1,1,0,0,0.727,0.147,52.8,65.2,1,1,1,0,0,"B"
1837,"S23","C091","North","vocational",14,-0.543,-1.176,17.1,12,"boy",-2.86,1,1,"majority_language",0,0,5.7,,,5.9,6.5,6,,,4.1,5.5,2,42.3,2,4,,,3,,,,,,,,,,,3,3,2,3,,4,,,,,,,,,,,,,2,2,2,1,,,,,,,,,,,,4,4,5,4,,,2,2,,5,0,0,0,1,0,0,,0,0,0,,0,0.663,-0.204,42.1,33.4,1,1,1,1,1,"B"
1838,"S23","C091","North","vocational",14,-0.543,-1.176,17.9,12,"girl",-1.862,1,1,"other_language",0,0,5.9,6.1,,5.5,7.4,6,8,,7.2,2.6,3,40.4,4,2,,4,2,4,3,5,,,,,,,,1,3,3,2,3,1,2,2,,3,2,3,,,,,,,4,2,3,4,4,3,5,3,3,5,,,,,,3,4,,5,,3,2,2,3,4,1,0,0,1,1,0,0,0,0,0,0,1,0.596,-0.916,47.6,24.7,1,1,1,0,1,"C"
1839,"S23","C091","North","vocational",14,-0.543,-1.176,16.7,12,"boy",0.776,4,1,"majority_language",0,0,8.3,8.6,,7.2,6.5,2,1,,7.3,1.5,4,54.5,5,5,3,5,5,5,5,5,5,3,,,,,,2,3,1,2,3,4,2,2,1,,,,,,,,,,3,3,4,3,2,1,3,3,2,1,,,,,,5,4,3,4,2,3,2,3,4,1,1,1,1,1,1,1,1,1,1,1,1,0,0.795,-0.361,39.4,40.7,0,1,1,0,1,"B"
1840,"S23","C091","North","vocational",14,-0.543,-1.176,17.7,12,"girl",-2.126,3,1,"majority_language",1,0,6.2,,,6,6.7,3,,,6.6,3.9,2,48.9,5,4,5,3,2,,,,,,,,,,,3,2,3,3,4,2,,,,,,,,,,,,,4,1,2,3,4,,,,,,,,,,,4,3,2,3,2,3,,3,,3,1,1,0,0,0,0,0,0,0,0,0,0,,,,,1,1,1,1,1,"B"
1841,"S23","C091","North","vocational",14,-0.543,-1.176,17.5,12,"boy",-1.747,2,1,"other_language",0,0,5.8,5.6,6,5.7,6.4,1,3,7,9.3,3.8,2,43,3,4,3,3,3,2,5,4,,,3,4,3,5,4,,3,3,3,4,3,1,1,2,2,1,3,3,1,2,,,,3,3,1,5,4,1,2,1,1,1,3,3,1,3,3,4,4,2,3,2,1,2,,2,,0,0,0,0,0,1,0,0,0,0,1,1,0.742,-0.214,52.5,55.4,1,1,1,0,0,"C"
1842,"S23","C091","North","vocational",14,-0.543,-1.176,17.5,12,"boy",-1.262,1,1,"majority_language",1,0,5.1,,,5.2,6.1,13,,,3.1,4.5,2,36.9,3,4,1,4,2,,,,,,,,,,,3,3,2,4,4,,,,,,,,,,,,,,2,2,3,1,1,,,,,,,,,,,3,3,2,,3,3,2,1,2,4,1,1,1,1,0,0,1,0,0,0,0,0,0.726,-0.022,47.7,53.9,1,1,1,1,1,"C"
1843,"S23","C091","North","vocational",14,-0.543,-1.176,17.7,12,"boy",-0.623,2,2,"majority_language",0,0,6,6.7,6.9,6.9,7.6,9,6,3,4.3,2.7,2,47.4,5,4,3,5,5,4,4,3,4,5,3,1,3,2,3,1,1,1,1,1,1,2,3,1,4,2,,1,2,1,1,1,1,2,2,1,,,2,3,2,4,1,3,5,3,3,3,3,1,2,2,,2,1,1,2,3,0,1,1,1,0,0,0,0,0,0,0,0,0.659,-0.547,35.4,38.5,1,1,0,0,0,"A"
1844,"S23","C091","North","vocational",14,-0.543,-1.176,16.9,12,"boy",0.204,2,5,"majority_language",0,0,6.6,6.6,,7.3,6.5,13,8,,9.4,2.9,3,39.8,4,3,,4,,3,,2,,3,,,,,,3,2,2,3,3,3,2,1,,3,2,2,,,,,,,2,3,4,1,2,3,2,5,5,4,,,,,,5,5,5,5,5,2,,,2,2,1,1,1,1,1,0,1,1,0,0,1,0,0.769,0.896,49.4,46.7,1,1,1,0,1,"A"
1845,"S23","C092","North","vocational",19,-0.543,0.31,16.9,11,"boy",0.176,5,1,"majority_language",0,0,7.7,6.8,,6.4,7.7,6,4,,2.1,3.3,5,58.7,,4,,4,4,,4,3,3,3,,,,,,2,2,1,2,1,1,1,1,1,1,2,2,,,,,,,1,3,1,4,3,2,2,4,5,3,,,,,,5,3,4,4,5,3,4,3,5,5,1,0,0,0,0,0,0,0,0,,0,0,0.853,-0.24,67,77.2,1,1,1,0,1,"A"
1846,"S23","C092","North","vocational",19,-0.543,0.31,16.6,11,"girl",-1.671,1,1,"majority_language",0,0,6.2,,,6.5,7.4,1,,,5.4,5,1,42.8,,3,5,3,2,,,,,,,,,,,2,2,1,1,2,1,,,,,,,,,,,,,4,5,4,3,3,,,,,,,,,,,3,3,4,3,4,2,3,4,4,3,0,1,1,0,1,0,0,0,0,1,0,,0.568,-1.388,45.5,44.9,1,1,1,1,1,"A"
1847,"S23","C092","North","vocational",19,-0.543,0.31,17,11,"girl",0.386,4,4,"majority_language",0,0,6.2,5.9,6.1,5.8,7.8,3,8,6,4.3,1.7,4,40.5,2,2,4,3,3,5,5,4,5,5,5,4,,4,5,3,2,2,3,2,2,4,3,4,3,2,1,3,1,4,2,2,1,5,5,5,5,4,5,4,5,5,5,5,5,4,5,2,3,3,3,3,3,5,3,5,2,5,,0,0,0,1,1,0,0,0,0,0,0,0.823,0.596,45,47.3,1,0,1,0,0,"A"
1848,"S23","C092","North","vocational",19,-0.543,0.31,15.7,11,"boy",-1.48,1,1,"other_language",0,1,6.3,6.4,6.6,6.9,6.6,0,8,9,2.6,2.4,2,32.9,1,2,,3,2,2,,1,3,4,2,3,4,3,3,,3,2,4,5,3,1,2,1,,,,2,2,1,,2,2,5,4,5,3,5,3,4,3,4,,3,1,2,,,3,3,1,3,1,2,3,2,1,3,1,1,1,1,1,0,0,0,0,0,0,0,0.505,0.384,39.6,38,1,1,1,0,0,"B"
1849,"S23","C092","North","vocational",19,-0.543,0.31,16.9,11,"girl",-0.145,3,2,"majority_language",0,0,6.9,7,7.4,6.9,6.7,1,2,3,10.8,1.1,5,58,5,5,5,4,4,5,4,5,,,4,3,5,5,4,1,2,2,2,1,1,2,3,3,,1,1,2,1,2,,,,5,5,5,3,5,5,5,5,,5,4,5,4,2,3,5,4,5,5,5,5,4,5,4,4,1,1,1,1,1,1,0,0,1,0,0,0,0.832,1.38,58.9,54.3,0,1,1,0,0,"C"
1850,"S23","C092","North","vocational",19,-0.543,0.31,16.2,11,"girl",-0.674,1,1,"majority_language",0,0,7.3,7.9,7.4,6.5,7.3,6,3,5,3.8,2.1,2,47.4,,3,5,4,4,,5,5,3,3,4,4,5,,4,2,1,4,1,2,2,1,,1,,,,3,2,3,2,3,2,,4,,4,3,3,4,5,4,4,3,3,5,,,3,3,3,2,2,3,2,4,3,3,1,,1,1,1,1,,1,1,1,0,0,0.877,0.03,78.1,42.6,1,1,1,0,0,"B"
1851,"S23","C092","North","vocational",19,-0.543,0.31,16.5,11,"girl",-2.437,,1,"other_language",0,0,5.8,6.2,6.6,6.8,6.5,6,5,6,8.9,3.7,3,44.1,2,2,3,3,2,5,5,4,2,4,2,4,4,2,2,1,1,1,1,2,2,1,3,2,2,4,3,2,2,3,1,4,2,5,5,5,5,5,5,5,5,5,4,5,,5,5,5,3,3,3,5,3,4,2,2,2,,0,0,0,0,0,0,0,0,0,0,0,0,0.76,-0.91,43.4,35.1,1,0,1,0,0,"A"
1852,"S23","C092","North","vocational",19,-0.543,0.31,16.7,11,"girl",-0.506,2,5,"majority_language",0,0,5.8,,,5.8,5.6,20,,,0,2.6,2,28.9,3,1,3,1,3,,,,,,,,,,,3,4,,5,,3,,,,,,,,,,,,,1,2,3,,2,,,,,,,,,,,1,,4,,2,2,4,4,4,2,1,0,1,0,0,0,0,0,0,0,0,0,0.612,-1.329,45.6,26.8,1,1,1,1,1,"A"
1853,"S23","C092","North","vocational",19,-0.543,0.31,16.7,11,"boy",0.31,4,1,"majority_language",0,0,6.2,6.7,7.2,6.7,6.7,4,8,1,7.1,5,3,47.1,2,2,3,2,4,5,3,1,,,3,4,3,,2,,2,3,4,3,3,3,,3,3,4,3,3,3,2,,,,3,2,3,2,,3,2,4,4,3,4,5,4,4,4,4,3,3,5,3,3,2,2,4,2,1,1,1,1,1,0,0,0,1,0,0,0,0.856,1.347,55,58.2,1,1,1,0,0,"C"
1854,"S23","C092","North","vocational",19,-0.543,0.31,16.9,11,"girl",0.47,5,5,"majority_language",0,0,5.5,6.5,6.4,7.4,5.9,7,3,5,4,3.4,2,47.5,4,4,4,3,3,2,2,4,4,3,5,5,5,4,5,,3,3,3,3,3,2,,2,,,,3,2,2,1,1,4,3,4,,3,4,2,4,3,3,3,2,5,2,,,1,1,1,,2,2,2,3,2,3,1,1,1,0,1,,0,0,0,0,0,0,0.715,-0.17,51,60,1,1,1,0,0,"B"
1855,"S23","C092","North","vocational",19,-0.543,0.31,15.8,11,"girl",-0.021,2,4,"other_language",1,0,6.2,6.1,7.3,6.6,6.2,2,2,0,4.8,2.6,2,51.8,3,3,3,3,4,4,4,3,4,4,2,2,1,4,2,4,3,2,3,3,2,1,2,2,,,,1,1,1,1,2,1,3,4,5,5,5,5,5,4,5,4,5,4,5,,,3,2,3,3,4,4,3,,3,3,1,1,1,1,1,1,1,,0,0,0,1,0.609,-0.57,50.7,61.1,1,1,1,0,0,"B"
1856,"S23","C092","North","vocational",19,-0.543,0.31,16.9,11,"girl",-1.855,1,2,"other_language",1,0,6.3,,,6.4,7,2,,,9.8,8.5,5,53.3,2,4,5,5,4,,,,,,,,,,,3,1,1,2,2,2,,,,,,,,,,,,,3,5,3,5,3,,,,,,,,,,,2,3,3,3,3,2,4,2,3,2,0,1,1,1,0,0,0,0,0,1,0,0,0.908,0.007,50.1,57.2,0,1,1,1,1,"A"
1857,"S23","C092","North","vocational",19,-0.543,0.31,16.4,11,"boy",-0.17,4,4,"other_language",0,0,6.9,7,7,6.3,7.3,2,3,11,9.3,1.7,4,44.3,3,5,5,4,3,4,3,5,4,4,5,5,,3,3,,2,2,3,1,3,2,2,2,1,3,1,4,3,3,4,2,1,5,4,4,5,5,2,2,4,4,3,,3,2,4,1,4,5,4,5,4,4,4,,2,3,1,1,0,1,1,1,1,1,1,0,0,0,0.808,-0.887,40.7,46.8,1,0,1,0,0,"A"
1858,"S23","C092","North","vocational",19,-0.543,0.31,16.4,11,"girl",0.198,4,4,"majority_language",0,1,7.7,6,6.7,6.7,5.6,0,1,11,4.1,2.6,1,47.3,3,3,4,4,2,4,5,5,4,5,3,3,4,3,4,3,2,3,3,2,,3,3,1,,,,1,4,2,2,3,,5,3,5,5,2,3,3,5,3,5,3,4,3,,,,2,4,4,3,5,3,4,4,3,1,1,1,1,0,1,0,0,0,0,0,0,0.543,-0.607,44.6,55.1,1,1,1,0,0,"B"
1859,"S23","C092","North","vocational",19,-0.543,0.31,16.4,11,"boy",0.28,4,4,"other_language",0,0,6.3,6,6,6.6,6.7,5,1,6,8.7,1.4,4,42.2,2,4,3,3,3,1,3,3,3,3,3,2,2,1,2,3,1,3,3,4,,2,,1,,,,2,2,2,1,3,3,3,5,4,2,3,5,5,5,5,5,5,4,5,,,4,3,4,4,2,2,4,4,4,4,0,1,1,0,0,0,0,0,0,0,0,0,0.746,-1.668,56.5,36.8,1,1,1,0,0,"B"
1860,"S23","C092","North","vocational",19,-0.543,0.31,16.2,11,"boy",-0.548,3,3,"other_language",0,0,6.3,6.9,6.8,6.8,6.3,8,5,0,4.7,3.3,4,51.5,4,5,5,5,4,5,4,4,5,3,4,4,4,5,5,1,1,1,1,1,1,2,1,2,,,,1,1,2,,2,2,5,5,5,3,5,3,3,4,4,3,5,,4,,,5,,4,5,4,5,5,4,4,4,1,1,0,0,0,0,0,0,0,0,0,0,0.491,-1.034,27.2,32.9,1,1,1,0,0,"B"
1861,"S23","C092","North","vocational",19,-0.543,0.31,17,11,"boy",-1.162,2,4,"majority_language",0,0,6.3,5.9,6,7.5,6.2,8,2,2,0,4.5,2,45.6,3,4,2,3,3,4,5,4,2,2,2,5,4,3,5,2,3,2,3,2,2,2,2,1,1,2,2,2,1,2,1,4,3,4,3,3,4,4,3,3,3,3,5,5,4,2,4,3,3,5,4,3,2,3,2,2,2,3,1,1,1,,1,0,0,0,0,0,1,1,0.807,-0.044,40.4,47,1,0,0,0,0,"A"
1862,"S23","C092","North","vocational",19,-0.543,0.31,17,11,"girl",-0.911,1,5,"majority_language",0,0,6.9,6,6.8,6.8,6.5,1,2,2,6.7,2.9,4,43,4,2,2,3,4,4,3,2,,,3,3,3,3,1,2,,1,2,2,3,,2,2,1,2,1,3,1,2,,,,4,3,3,2,2,2,3,4,4,2,3,5,2,4,3,4,4,5,2,4,1,2,3,5,3,0,0,0,1,0,0,1,0,1,0,0,0,0.815,-0.794,56.1,41.4,1,1,1,0,0,"C"
1863,"S23","C092","North","vocational",19,-0.543,0.31,17,11,"boy",0.375,3,4,"majority_language",1,0,6.1,5.9,6.8,6.4,7.1,8,6,1,4.6,2.9,2,46,3,5,5,4,2,4,5,4,,4,4,2,5,2,4,1,3,2,2,3,3,1,1,1,2,1,2,1,3,1,3,2,1,2,4,4,4,4,5,5,4,,4,4,4,5,4,5,2,2,4,4,2,4,5,3,3,2,1,1,0,0,0,0,0,1,0,0,0,0,0.727,-0.974,50.5,48.7,0,1,0,0,0,"A"
1864,"S24","C093","South","technical",20,-0.754,0.056,17.6,12,"girl",0.219,2,1,"majority_language",0,0,5.8,5,,6.8,8.5,6,2,,1.9,2.2,2,49.8,,2,2,,1,3,3,4,3,5,,,,,,4,2,3,5,3,,2,1,4,,,,,,,,,,4,3,2,2,5,4,4,4,4,5,,,,,,4,4,3,2,4,1,2,3,3,2,1,1,1,0,1,0,0,0,0,0,0,0,0.892,0.073,67.9,46.5,1,1,1,0,1,"B"
1865,"S24","C093","South","technical",20,-0.754,0.056,17.5,12,"girl",0.515,5,3,"majority_language",0,0,7.1,7.3,7.5,7.3,7.4,1,10,2,7.3,2.7,2,47.2,3,3,3,3,3,3,1,3,,,2,4,3,3,5,2,1,2,1,3,1,2,1,2,1,2,1,2,2,1,,,,3,4,3,2,3,4,3,3,4,5,4,5,4,5,4,4,5,4,5,,4,3,2,5,3,1,1,0,1,1,0,0,1,1,1,0,1,0.76,0.306,73.7,70.8,1,1,1,0,0,"C"
1866,"S24","C093","South","technical",20,-0.754,0.056,17.8,12,"boy",0.965,5,2,"majority_language",1,1,6.3,,,6.6,6.2,7,,,5.1,1,2,37.8,3,2,4,2,3,,,,,,,,,,,1,3,,4,4,1,,,,,,,,,,,,,3,5,5,5,5,,,,,,,,,,,3,4,3,4,3,4,3,2,3,4,0,0,1,0,0,1,0,0,0,0,0,0,0.804,-1.422,56,54.4,1,1,1,1,1,"B"
1867,"S24","C093","South","technical",20,-0.754,0.056,17.3,12,"girl",-0.007,2,3,"majority_language",0,0,7.2,6,6.3,7.2,7.6,0,1,8,1.8,3.7,1,53.5,4,3,2,2,1,2,1,3,,,1,1,1,4,1,3,1,1,1,3,1,1,1,2,2,2,,1,1,1,,,,5,,5,5,3,4,4,4,5,3,5,5,4,4,4,,2,4,3,3,3,3,2,5,5,1,1,1,1,0,1,0,0,1,0,0,1,0.68,-0.482,57.7,61,1,1,1,0,0,"C"
1868,"S24","C093","South","technical",20,-0.754,0.056,17.5,12,"boy",-1.044,4,1,"majority_language",1,0,5.4,5.4,5.7,5.5,6.3,19,12,15,3.8,2.7,1,42.6,,3,3,4,4,3,3,3,3,,3,4,,4,2,5,5,4,5,5,5,5,4,3,5,5,4,4,2,2,3,4,3,2,,3,,,,1,2,2,,1,,,1,1,2,1,2,2,3,2,4,2,3,,0,1,1,0,1,0,0,0,0,0,0,0,0.35,-1.66,24.1,24.6,1,1,1,0,0,"A"
1869,"S24","C093","South","technical",20,-0.754,0.056,17.1,12,"girl",0.311,4,4,"majority_language",0,0,7.2,6.2,,7.1,6.2,1,0,,6.6,4.8,5,49.4,5,5,5,5,4,5,4,2,5,5,,,,,,2,1,1,1,2,1,1,2,1,,,,,,,,,,2,3,3,2,2,1,2,2,1,3,,,,,,3,4,1,3,4,4,2,3,2,3,0,1,1,1,0,1,0,0,0,0,0,0,0.897,1.145,55.8,58.5,0,1,1,0,1,"B"
1870,"S24","C093","South","technical",20,-0.754,0.056,16.4,12,"boy",0.286,3,2,"other_language",0,0,6.3,7.4,7.3,6.4,7.7,3,8,0,5,2,3,46.5,4,5,5,5,5,3,3,5,,,3,4,4,5,4,2,2,1,3,2,1,1,,1,1,1,1,1,1,1,,,,5,4,4,3,5,4,4,3,5,4,4,4,5,5,5,5,5,5,4,,3,,4,3,2,1,1,0,0,0,1,,,1,0,0,0,0.682,-0.845,51.4,41.2,1,1,1,0,0,"C"
1871,"S24","C093","South","technical",20,-0.754,0.056,16.9,12,"boy",-1.72,1,1,"majority_language",0,0,7.2,6.8,6.9,6.6,5.8,3,5,3,4.4,2.3,4,54.8,5,5,5,3,,5,5,,5,5,4,4,4,4,4,1,1,2,2,2,1,3,1,1,,,,3,1,2,2,3,2,4,4,4,4,5,4,5,5,4,4,4,4,5,,,4,5,5,5,4,3,5,4,5,5,1,0,1,0,0,,0,0,0,0,0,0,0.353,-2.02,20,47.6,1,1,1,0,0,"B"
1872,"S24","C093","South","technical",20,-0.754,0.056,17.7,12,"another_or_no_answer",-1.241,2,1,"majority_language",0,1,5.8,6.4,,6.9,7.7,1,5,,4,2.3,1,49.7,4,4,5,3,,3,3,3,3,3,,,,,,2,1,1,3,2,1,1,2,1,,,,,,,,,,4,5,3,4,5,3,4,5,5,3,,,,,,4,2,4,3,3,4,5,4,5,4,1,0,1,0,0,0,0,0,0,0,0,0,0.803,1.578,50.8,49.3,1,1,1,0,1,"B"
1873,"S24","C093","South","technical",20,-0.754,0.056,17.1,12,"girl",0.472,3,5,"majority_language",0,0,6.3,5.8,6.3,6.1,7.2,6,0,3,4.3,2.6,3,57,5,3,4,3,,4,2,4,,,5,3,5,4,5,1,1,4,1,,1,4,3,3,2,2,3,1,2,1,,,,4,4,5,4,5,5,4,5,5,5,5,4,5,5,5,5,5,5,3,5,3,5,1,5,4,1,0,0,0,1,1,0,0,1,1,0,0,0.786,0.907,66.8,47.3,1,1,1,0,0,"C"
1874,"S24","C093","South","technical",20,-0.754,0.056,17.7,12,"girl",-1.339,1,1,"majority_language",1,0,6.9,6.4,6.2,6.4,6.7,1,0,4,4.7,1.6,1,39.9,2,2,3,5,2,3,,2,5,5,,2,2,4,4,3,4,4,4,3,,1,1,1,,,,1,2,2,2,1,1,4,5,2,3,3,3,3,4,2,2,3,3,2,,,3,3,2,3,4,2,2,2,3,1,1,1,,1,1,0,0,0,0,1,1,1,,,,,1,1,1,0,0,"B"
1875,"S24","C093","South","technical",20,-0.754,0.056,17.1,12,"boy",-0.766,2,1,"majority_language",0,0,5.3,4.9,4.9,5.4,6.7,19,11,4,4.9,2.4,2,44.6,,2,2,4,2,3,3,3,3,3,2,2,1,1,2,2,2,3,3,4,3,3,4,,2,4,3,2,,1,2,2,2,1,3,3,3,3,3,4,2,3,4,3,3,3,1,2,2,,4,2,3,2,3,4,3,2,1,0,1,1,0,0,0,0,0,,0,0,0.581,-1.148,50.3,29.9,1,1,1,0,0,"A"
1876,"S24","C093","South","technical",20,-0.754,0.056,17.5,12,"boy",0.426,4,4,"majority_language",0,0,6.7,6.7,7.2,7.2,6.5,1,1,4,6.5,2.5,2,57.8,4,4,3,5,4,4,3,4,5,3,4,3,4,5,5,4,5,1,1,2,2,3,2,1,,,,4,5,2,2,3,3,3,2,3,5,2,4,3,5,5,5,5,5,5,,,,4,4,2,2,4,4,4,4,4,1,0,,0,1,0,1,0,0,0,0,0,0.781,-0.446,42.4,49.7,1,1,1,0,0,"B"
1877,"S24","C093","South","technical",20,-0.754,0.056,17.2,12,"boy",-0.135,1,4,"majority_language",0,0,6.1,6.6,,5.9,6.5,1,1,,4.3,3.5,2,49,3,2,1,3,3,2,4,2,3,3,,,,,,3,2,1,2,4,3,3,3,,,,,,,,,,,3,2,4,2,3,3,4,5,2,1,,,,,,3,4,4,,3,4,2,2,5,,1,0,0,0,0,0,0,0,0,0,0,0,0.859,0.157,61.7,47.3,1,1,1,0,1,"B"
1878,"S24","C093","South","technical",20,-0.754,0.056,17.7,12,"boy",-2.36,1,1,"majority_language",0,0,4.7,4.7,,6.6,5,4,10,,3.5,6.7,3,38.7,2,1,,1,3,3,2,3,,,,,,,,4,3,4,2,3,4,3,3,2,1,4,3,,,,,,,2,2,2,4,2,3,1,2,2,2,,,,,,2,4,2,2,1,2,4,2,2,2,0,,,0,,0,1,0,0,0,0,,0.497,-0.286,33.5,44.2,1,1,1,0,1,"C"
1879,"S24","C093","South","technical",20,-0.754,0.056,17.6,12,"girl",0.246,3,3,"other_language",0,0,6.5,7.3,6.6,7.8,8.6,1,13,1,4,1.9,3,53.9,5,5,,4,4,2,4,4,5,5,3,5,4,4,4,5,3,2,2,,3,2,3,2,,,,3,3,3,4,2,2,2,3,4,4,2,1,2,4,5,1,1,4,3,,,3,3,4,3,3,5,2,,4,4,1,1,1,1,1,1,1,0,1,0,1,0,0.9,0.312,68.2,56,1,1,1,0,0,"B"
1880,"S24","C093","South","technical",20,-0.754,0.056,17.6,12,"boy",0.801,4,5,"majority_language",0,0,7.9,7.7,8,7.1,7.8,3,0,0,6.5,1.8,3,62.1,4,5,5,4,4,5,3,5,,,5,5,5,5,5,4,2,1,1,3,2,4,2,1,3,1,2,3,3,1,,,,3,4,3,3,4,4,4,4,3,3,4,5,,4,3,4,4,4,3,3,3,1,1,2,1,1,1,1,1,0,1,1,1,0,0,0,0,0.919,0.628,56.2,53.4,0,1,1,0,0,"C"
1881,"S24","C093","South","technical",20,-0.754,0.056,17.4,12,"boy",-0.163,3,3,"other_language",0,0,6.2,6.6,,7.2,6.5,12,0,,6.9,1.8,4,42.2,3,4,4,,4,3,4,2,,,,,,,,2,4,4,4,2,3,3,5,3,1,2,1,,,,,,,3,4,2,2,4,3,2,5,3,4,,,,,,2,2,4,4,4,3,3,2,,3,1,1,1,1,1,1,1,0,0,0,0,1,,,,,1,1,1,0,1,"C"
1882,"S24","C093","South","technical",20,-0.754,0.056,17.1,12,"girl",-1.292,1,1,"majority_language",0,0,5.5,5.9,,7.2,6.5,29,14,,2.5,2.2,2,39.4,,4,4,4,3,3,4,3,,,,,,,,,3,2,3,2,3,,5,3,4,3,4,,,,,,,2,1,1,1,1,2,4,2,5,3,,,,,,2,2,2,1,1,1,4,3,4,2,1,1,1,0,0,0,0,,0,0,0,0,,,,,1,1,1,0,1,"C"
1883,"S24","C093","South","technical",20,-0.754,0.056,17.4,12,"girl",-0.395,2,2,"majority_language",0,0,7.6,6.9,6.4,7.6,6.6,1,2,3,4.1,2.3,2,49.4,3,2,5,4,4,3,3,3,2,3,3,3,4,2,4,1,,2,1,2,2,1,1,1,1,1,2,1,1,1,1,1,1,3,5,4,4,3,2,3,5,3,3,4,4,4,2,3,3,3,3,2,4,3,3,2,1,2,1,,1,1,0,1,0,1,,0,0,1,0.788,-0.608,42.1,58.5,1,0,0,0,0,"A"
1884,"S24","C094","South","technical",19,-0.754,-0.424,14.1,9,"boy",-1.497,2,2,"majority_language",0,0,6.8,6.2,,6,7.3,23,6,,2.2,2.9,1,33.4,,3,,1,3,3,2,5,,,,,,,,,4,2,,,2,1,3,2,2,2,1,,,,,,,2,,4,3,5,4,2,5,3,2,,,,,,2,3,2,2,2,3,3,4,2,,0,1,0,0,0,0,0,0,0,0,0,0,,,,,1,1,1,0,1,"C"
1885,"S24","C094","South","technical",19,-0.754,-0.424,15.2,9,"boy",-0.886,2,1,"majority_language",0,0,6.3,7.8,8.8,6.9,7.4,8,4,7,5.4,4.2,4,54.9,4,3,3,4,3,2,5,3,,,4,3,4,5,3,1,1,1,,1,2,4,2,2,2,2,1,1,2,2,,,,3,5,4,2,3,3,1,,3,3,4,4,4,2,4,5,3,4,3,4,4,3,2,3,,1,1,1,1,0,1,1,0,1,1,0,1,,,,,1,1,1,0,0,"C"
1886,"S24","C094","South","technical",19,-0.754,-0.424,14.6,9,"girl",-0.742,3,,"other_language",1,0,5.9,,,5.8,5.9,5,,,3.2,2.8,1,40.8,1,2,3,2,4,,,,,,,,,,,3,3,4,1,3,3,,,,,,,,,,,,,2,2,2,1,3,,,,,,,,,,,,2,2,3,2,2,2,2,3,1,0,0,0,0,0,0,0,0,0,0,0,0,0.653,-1.751,33.7,32.5,1,1,1,1,1,"C"
1887,"S24","C094","South","technical",19,-0.754,-0.424,14.1,9,"boy",-0.93,1,1,"majority_language",0,1,6.1,,,6.8,5.8,6,,,4.2,5.6,3,47.4,5,3,,3,3,,,,,,,,,,,2,4,3,3,4,2,,,,,,,,,,,,,2,4,1,2,4,,,,,,,,,,,3,2,3,2,2,4,3,,4,1,0,1,1,0,0,0,0,0,0,1,0,0,0.713,-0.285,41.6,48.5,1,1,1,1,1,"B"
1888,"S24","C094","South","technical",19,-0.754,-0.424,14.7,9,"boy",-0.591,1,4,"majority_language",0,0,7.1,7.7,6.8,7.5,8,5,2,7,4.7,6.1,2,48,4,3,4,3,5,3,3,4,,,4,3,4,3,3,2,1,3,3,3,2,2,4,1,2,5,1,3,3,3,,,,2,3,3,1,2,3,2,2,2,5,2,4,2,3,4,3,4,4,,2,3,2,1,3,3,1,1,1,1,,1,1,1,1,0,1,1,0.832,0.79,57.4,64.7,1,1,1,0,0,"C"
1889,"S24","C094","South","technical",19,-0.754,-0.424,14.5,9,"boy",-0.571,2,1,"majority_language",0,1,7.1,6.5,6.3,6.8,7.2,4,3,0,2.1,7,3,42.4,,2,2,1,2,3,3,4,,,5,4,5,3,4,2,2,2,2,1,3,2,2,1,3,3,2,,1,1,,,,5,4,4,5,3,5,4,5,3,4,3,3,5,2,,2,5,2,3,3,4,4,4,4,3,1,0,0,0,0,0,0,0,0,0,0,0,0.752,1.448,53.7,54.7,1,1,1,0,0,"C"
1890,"S24","C094","South","technical",19,-0.754,-0.424,14.4,9,"girl",-0.495,3,3,"majority_language",0,0,6.5,,,6.8,7.4,3,,,3.5,3.8,1,37.7,1,2,2,4,2,,,,,,,,,,,2,2,,2,2,2,,,,,,,,,,,,,4,3,,3,2,,,,,,,,,,,3,4,4,3,3,3,4,2,4,3,0,1,0,0,,0,0,0,0,,0,0,0.64,-0.412,39.2,36.8,1,1,1,1,1,"B"
1891,"S24","C094","South","technical",19,-0.754,-0.424,14.5,9,"girl",-1.016,5,1,"majority_language",0,0,7.1,7,6.5,5.7,6,6,0,3,3,1.9,1,45.1,2,2,4,4,5,3,4,5,3,4,3,4,4,3,1,1,,3,2,2,2,2,2,2,1,1,2,2,1,3,3,2,1,4,5,4,4,5,2,5,4,4,2,2,,2,4,4,4,4,3,4,4,,3,2,3,3,0,1,1,0,0,1,0,0,0,0,0,0,0.826,0.344,41.2,50.3,1,0,1,0,0,"A"
1892,"S24","C094","South","technical",19,-0.754,-0.424,15.1,9,"boy",0.748,5,4,"majority_language",0,0,6.8,7.3,7.3,7.1,7.8,1,4,3,9.4,3.8,3,68.3,2,,2,4,3,4,5,4,4,4,4,5,4,5,4,1,1,2,2,2,1,1,2,1,1,1,2,4,1,1,3,2,2,5,3,4,4,3,4,2,4,4,,3,3,3,3,2,5,5,3,4,5,4,4,2,3,5,1,1,0,0,0,1,0,1,0,0,0,0,0.513,-1.009,48.7,34.5,1,1,0,0,0,"A"
1893,"S24","C094","South","technical",19,-0.754,-0.424,14.5,9,"boy",-0.428,3,5,"majority_language",1,0,6.8,6.1,6.5,6.6,7.5,3,0,3,6.5,2.8,4,55.6,3,4,4,3,2,3,5,5,5,4,2,3,,3,4,3,,2,1,,1,2,2,1,,,,2,3,2,1,1,1,3,4,5,5,5,,4,5,3,3,5,,4,,,4,4,4,5,4,2,3,3,3,4,0,1,1,1,1,0,1,0,0,,0,0,0.709,-0.47,47.1,41.5,1,1,1,0,0,"B"
1894,"S24","C094","South","technical",19,-0.754,-0.424,14.2,9,"boy",-1.468,2,1,"majority_language",0,0,6.8,6.6,7.4,6.3,6.7,6,0,11,4.9,2.9,3,43.6,4,4,5,5,3,2,3,3,,,4,4,3,,4,4,2,,,4,3,3,2,4,2,3,,2,2,1,,,,4,4,5,3,3,4,2,2,2,2,3,3,2,2,2,,2,3,3,3,5,4,3,4,5,0,0,0,0,0,0,0,0,0,0,0,0,0.435,0.358,28.8,41.6,1,1,1,0,0,"C"
1895,"S24","C094","South","technical",19,-0.754,-0.424,14.3,9,"girl",-1.923,1,1,"majority_language",0,0,5.9,6,,6.3,7.5,5,8,,4.4,2.3,3,48.3,4,4,3,2,2,4,5,3,5,2,,,,,,5,,4,4,3,4,3,3,3,,,,,,,,,,5,3,4,4,5,4,2,3,3,4,,,,,,2,4,3,,2,3,3,1,2,4,1,1,1,0,0,0,0,0,0,0,1,0,0.738,0.053,67.4,51.6,1,1,1,0,1,"B"
1896,"S24","C094","South","technical",19,-0.754,-0.424,14,9,"boy",-1.408,1,1,"majority_language",1,0,6.3,6.6,,6.2,5.9,6,3,,3.7,2.7,3,45.7,2,4,3,3,2,5,3,4,2,,,,,,,4,3,3,2,5,4,,,3,,,,,,,,,,3,2,1,3,4,,,5,2,,,,,,,3,4,4,4,4,3,4,3,4,4,1,1,1,0,1,1,1,0,0,1,0,0,0.614,-1.453,34.6,44.2,0,1,1,0,1,"B"
1897,"S24","C094","South","technical",19,-0.754,-0.424,14.7,9,"boy",0.518,4,2,"majority_language",0,0,7,7.7,6.3,7.3,8.6,11,4,2,3.2,1.7,5,41.9,4,3,3,2,4,4,2,1,2,2,3,3,2,2,2,1,2,1,4,,1,2,3,2,,,,2,3,1,2,,1,4,5,5,4,4,4,5,4,4,4,3,4,2,,,3,3,3,5,3,3,2,3,4,3,1,1,1,1,1,1,1,0,1,0,0,1,0.879,-0.794,38.7,48,1,1,1,0,0,"B"
1898,"S24","C094","South","technical",19,-0.754,-0.424,14.8,9,"girl",1.284,4,5,"majority_language",0,0,7.4,,,7.6,7.2,2,,,4.5,3.4,2,58.6,4,,4,5,3,,,,,,,,,,,1,1,2,2,3,1,,,,,,,,,,,,,5,4,4,3,5,,,,,,,,,,,2,5,4,5,5,,5,5,3,4,1,1,1,0,1,1,0,1,1,0,1,0,0.826,0.839,55.6,65.6,1,1,1,1,1,"C"
1899,"S24","C094","South","technical",19,-0.754,-0.424,14.9,9,"boy",0.372,3,,"majority_language",0,0,6,6.3,6.6,6.6,6.4,1,4,17,6.2,10,1,40.4,,3,2,4,1,,4,5,3,4,3,3,5,4,3,4,3,2,2,4,2,2,3,3,3,3,5,3,3,3,3,4,5,2,3,3,3,,1,5,3,4,4,3,3,2,3,3,3,2,,4,4,2,3,3,3,3,1,1,1,0,0,1,1,1,1,0,0,0,0.934,1.208,58.8,53.1,1,1,0,0,0,"A"
1900,"S24","C094","South","technical",19,-0.754,-0.424,15.3,9,"boy",0.138,2,3,"majority_language",0,0,5.9,6.2,,6.2,6.5,2,14,,3.2,2.4,2,49.3,5,5,3,4,4,3,4,5,2,3,,,,,,2,2,2,2,4,3,2,2,2,,,,,,,,,,2,4,4,4,4,5,3,4,4,4,,,,,,4,3,4,3,3,2,2,3,3,4,1,0,0,1,0,1,0,0,0,1,0,0,0.859,-1.026,49.8,58,0,1,1,0,1,"B"
1901,"S24","C094","South","technical",19,-0.754,-0.424,14.7,9,"boy",-0.209,2,1,"other_language",0,0,6.3,6.8,7.8,7,5.6,4,2,5,8.9,4.8,4,58,3,3,5,4,3,5,4,5,3,4,,2,4,4,2,4,1,2,2,2,2,1,1,1,,,,3,2,1,3,,3,1,1,1,1,2,4,2,2,4,2,1,3,4,,,5,4,3,3,5,2,2,2,2,2,1,1,1,0,1,0,0,0,1,0,0,,0.649,0.78,40.8,37.9,1,1,1,0,0,"B"
1902,"S24","C094","South","technical",19,-0.754,-0.424,14.8,9,"boy",-0.024,4,3,"majority_language",0,0,7.2,6.8,7.1,7.6,7.6,0,1,4,8.3,2.7,4,57.5,4,4,2,5,5,2,2,2,,,4,2,3,4,3,1,1,1,1,1,2,1,1,3,1,1,1,1,1,2,,,,5,5,4,5,3,5,5,4,4,5,5,5,5,5,4,5,4,5,5,5,4,4,4,2,3,1,1,1,1,1,0,1,0,0,0,0,0,0.653,-0.692,42.3,41.4,0,1,1,0,0,"C"
1903,"S24","C095","South","technical",15,-0.754,-1.965,16.7,11,"girl",-1.679,1,2,"majority_language",0,0,5.8,,,7.1,5,14,,,1.1,2.8,1,52.6,3,2,2,4,2,,,,,,,,,,,4,3,3,3,4,4,,,,,,,,,,,,,3,3,1,,2,,,,,,,,,,,2,3,2,3,3,2,,3,2,,0,1,1,1,0,0,0,0,0,0,0,0,0.675,-1.086,50.4,50.4,1,1,1,1,1,"A"
1904,"S24","C095","South","technical",15,-0.754,-1.965,16.6,11,"girl",0.145,3,4,"other_language",0,0,7.4,6.5,6.4,7.8,6.9,0,3,2,4.8,0.9,3,48.4,3,2,3,4,4,4,4,5,4,4,2,2,3,2,3,2,2,2,2,2,1,1,2,1,,,,,3,2,2,3,1,2,3,1,3,4,3,2,3,4,3,3,2,3,,,4,3,3,3,3,1,1,1,2,2,1,1,1,0,1,1,1,1,,1,1,1,0.554,0.209,38.9,42.6,1,1,1,0,0,"B"
1905,"S24","C095","South","technical",15,-0.754,-1.965,16.5,11,"boy",-0.234,4,2,"majority_language",0,0,6.7,7.3,7.3,7.4,6.5,5,2,0,6.3,2.3,3,50,4,2,5,4,4,2,4,4,,,2,5,4,5,2,1,2,1,3,2,2,2,1,3,1,1,1,2,2,1,,,,5,5,5,3,,4,5,5,4,4,5,5,5,4,5,4,5,3,3,5,3,2,2,4,4,1,1,1,0,1,0,1,0,0,0,0,0,0.765,-0.839,44.6,55.7,1,1,1,0,0,"C"
1906,"S24","C095","South","technical",15,-0.754,-1.965,16.1,11,"girl",-0.95,4,1,"other_language",0,0,6.7,,,6.5,7.6,19,,,1.7,5.1,2,44.2,2,2,3,4,2,,,,,,,,,,,4,2,3,3,4,5,,,,,,,,,,,,,3,2,2,2,3,,,,,,,,,,,2,4,2,3,3,,2,2,,2,1,,1,0,0,1,0,1,0,0,0,0,0.745,-0.548,43.9,40.8,1,1,1,1,1,"C"
1907,"S24","C095","South","technical",15,-0.754,-1.965,16.6,11,"boy",-0.806,2,2,"majority_language",0,1,7,6.6,6.4,6.4,7.2,6,2,4,7,2.8,2,52.8,3,2,3,3,4,3,3,3,,2,3,3,3,5,3,1,2,2,2,2,2,3,3,2,,,,3,1,3,,2,2,1,,3,2,3,2,2,3,2,2,3,4,4,,,3,3,4,2,2,4,3,5,3,3,1,0,0,1,1,1,0,0,0,0,0,0,0.778,-0.074,55.4,55,1,1,1,0,0,"B"
1908,"S24","C095","South","technical",15,-0.754,-1.965,17,11,"boy",-0.901,3,3,"majority_language",0,0,7.4,6.2,7.3,7.5,6.8,15,1,2,5.3,5.8,2,47.4,3,,3,2,3,5,2,2,2,4,3,,3,2,2,3,5,2,5,4,,3,2,1,,,,3,3,3,3,4,2,2,,3,3,1,3,2,1,1,1,4,3,2,,,1,1,2,1,1,2,2,2,4,3,1,1,1,,1,0,1,1,1,1,0,1,,,,,1,1,1,0,0,"B"
1909,"S24","C095","South","technical",15,-0.754,-1.965,16.4,11,"boy",-0.889,2,3,"other_language",1,0,6.6,7.1,7.5,6.5,6,0,6,2,3.5,4,1,50.8,4,,3,2,5,2,4,4,,,5,4,3,4,4,3,3,5,4,4,1,4,2,1,,3,3,2,2,1,,,,2,3,1,4,2,2,3,,3,3,2,3,2,3,4,,2,3,5,4,2,1,3,2,1,1,0,0,0,0,0,0,0,0,0,0,0,0.654,-0.251,37.4,47.6,1,1,1,0,0,"C"
1910,"S24","C095","South","technical",15,-0.754,-1.965,16.2,11,"boy",-1.069,1,3,"majority_language",0,1,6.2,,,6.4,7.5,23,,,4.1,4.1,3,41.7,4,2,,2,,,,,,,,,,,,,3,3,3,3,4,,,,,,,,,,,,,2,3,1,3,2,,,,,,,,,,,4,2,3,1,3,5,3,3,4,2,1,0,0,1,1,1,0,0,0,1,0,,0.68,0.388,51.2,35.2,1,1,1,1,1,"C"
1911,"S24","C095","South","technical",15,-0.754,-1.965,16.9,11,"girl",-0.689,3,2,"majority_language",0,0,7.5,7.1,,7,7,15,10,,6.1,2.3,4,48,5,5,3,3,,3,3,3,,,,,,,,3,3,4,3,2,2,2,2,,3,2,2,,,,,,,1,2,2,1,1,2,2,1,3,1,,,,,,2,3,2,4,2,2,2,2,,3,1,1,1,1,0,1,1,1,1,1,1,1,,,,,1,1,1,0,1,"C"
1912,"S24","C095","South","technical",15,-0.754,-1.965,16.2,11,"boy",-0.424,4,3,"majority_language",0,0,7.6,7.5,7.8,7.4,7.7,1,5,5,2.2,2.3,5,58.6,5,4,5,5,4,5,4,4,3,5,,3,3,4,3,1,1,1,1,1,,1,1,1,1,1,1,1,1,1,1,1,1,3,,4,2,3,4,4,4,5,2,5,4,4,3,4,4,3,4,5,4,4,3,4,3,3,1,1,0,0,1,1,1,1,0,1,1,0,0.828,2.224,65.4,75,1,0,1,0,0,"A"
1913,"S24","C095","South","technical",15,-0.754,-1.965,16.5,11,"boy",0.666,4,4,"majority_language",0,0,6.7,6.5,6.9,6.9,6.4,1,5,5,3.2,3.4,1,47.2,4,5,3,3,5,4,4,4,,,3,4,2,3,3,4,5,1,2,2,3,1,2,2,1,1,1,1,1,1,,,,3,4,2,1,4,2,3,2,2,3,2,4,3,2,3,2,3,3,2,3,2,1,2,3,2,0,1,1,1,1,0,1,0,0,1,0,0,0.809,1.879,69.8,58.4,0,1,1,0,0,"C"
1914,"S24","C095","South","technical",15,-0.754,-1.965,16.4,11,"boy",-1.262,1,,"majority_language",0,0,5.9,,,7.7,5.7,7,,,5.2,2,4,35.9,,2,3,2,3,,,,,,,,,,,2,1,1,3,3,3,,,,,,,,,,,,,2,4,,2,3,,,,,,,,,,,4,2,3,4,3,2,2,4,2,4,1,1,0,1,0,1,0,0,1,1,0,0,0.844,0.821,65.1,57.3,1,1,1,1,1,"C"
1915,"S24","C095","South","technical",15,-0.754,-1.965,16.5,11,"girl",-0.379,2,4,"other_language",1,0,6.7,,,7.4,6.2,3,,,3.6,6.1,5,47.7,4,4,4,4,5,,,,,,,,,,,3,3,1,2,,4,,,,,,,,,,,,,1,2,,1,2,,,,,,,,,,,4,5,4,5,4,3,,3,3,1,1,0,0,0,1,0,0,1,0,1,0,0,0.586,-1.276,45,52.6,1,1,1,1,1,"B"
1916,"S24","C095","South","technical",15,-0.754,-1.965,16.7,11,"another_or_no_answer",-1.084,2,2,"majority_language",0,0,7,6.6,6.4,6.6,7.3,6,2,0,3.1,1.8,2,46.8,3,3,4,1,3,1,4,2,,,2,4,4,3,3,4,3,3,3,,2,3,3,3,3,1,3,4,,2,,,,1,2,3,1,1,2,1,2,1,3,2,2,3,2,3,3,3,4,3,4,3,4,3,2,2,1,1,1,1,0,1,0,1,,0,0,0,0.728,-0.369,34.7,47.1,1,1,1,0,0,"C"
1917,"S24","C095","South","technical",15,-0.754,-1.965,16.3,11,"boy",-1.172,2,2,"majority_language",0,0,6.5,,,5.1,7.2,3,,,3.2,2.2,2,46.3,4,4,3,3,5,,,,,,,,,,,1,1,2,1,1,2,,,,,,,,,,,,,2,3,2,3,3,,,,,,,,,,,2,3,3,2,2,2,3,2,1,2,1,1,1,1,0,0,0,0,0,0,0,1,0.47,-1.018,63.9,49.7,0,1,1,1,1,"B"
1918,"S24","C096","South","technical",20,-0.754,-1.792,14.8,9,"girl",-0.99,4,4,"majority_language",0,0,6.6,,,7,6.1,10,,,6.8,2.7,2,49.9,1,3,4,4,,,,,,,,,,,,,4,5,5,4,2,,,,,,,,,,,,,1,2,2,1,3,,,,,,,,,,,4,4,5,5,4,2,,1,1,2,1,1,0,0,0,0,0,0,0,0,1,1,,,,,1,1,1,1,1,"B"
1919,"S24","C096","South","technical",20,-0.754,-1.792,14.6,9,"girl",-1.153,1,2,"other_language",0,0,7.1,7,6.5,5.9,6.5,18,9,5,1.2,3.8,2,42.4,5,,2,3,2,4,2,5,4,3,3,4,5,3,4,5,,,3,5,,4,5,4,,,,3,3,,3,,3,2,3,1,1,3,3,4,2,4,3,2,3,5,,,1,3,3,3,3,3,2,3,3,3,1,1,1,0,1,0,1,0,0,0,0,0,,,,,1,1,1,0,0,"B"
1920,"S24","C096","South","technical",20,-0.754,-1.792,14.1,9,"boy",-0.356,2,3,"majority_language",0,0,6.8,6.6,6.7,7.1,7.5,6,1,1,6.5,4.9,3,57,3,4,3,4,4,4,4,3,3,4,3,3,3,3,2,2,2,2,2,1,2,,2,2,,,,1,1,2,3,1,3,4,5,5,5,5,4,4,5,,4,,4,2,,,5,5,5,5,5,3,4,3,4,4,0,1,1,1,1,1,1,0,0,0,1,1,0.916,1.105,56.5,72.4,0,1,1,0,0,"B"
1921,"S24","C096","South","technical",20,-0.754,-1.792,14.8,9,"boy",0.133,1,4,"majority_language",0,0,7.2,7.2,,6.7,8.1,3,0,,8.5,1.9,4,45.6,4,3,5,4,4,4,5,4,3,2,,,,,,2,2,1,2,3,2,1,1,1,,,,,,,,,,5,5,4,5,5,3,3,4,4,4,,,,,,5,3,2,2,3,2,2,3,1,2,1,1,1,1,1,1,1,0,0,1,0,1,0.864,0.274,50.1,53,0,1,1,0,1,"B"
1922,"S24","C096","South","technical",20,-0.754,-1.792,14.6,9,"boy",-0.132,2,4,"majority_language",0,0,6.1,5.8,5.7,6.3,8,11,7,0,5.9,3.1,2,40.6,3,4,5,3,2,5,3,4,,,2,3,5,5,2,,2,3,3,4,2,3,2,2,3,2,3,1,3,2,,,,5,4,3,4,5,,4,5,4,4,4,5,4,5,3,3,3,3,3,3,3,3,2,3,4,1,0,0,0,1,0,1,0,0,0,0,,0.946,0.072,47.4,53.9,1,1,1,0,0,"C"
1923,"S24","C096","South","technical",20,-0.754,-1.792,14.5,9,"girl",0.129,1,4,"majority_language",0,0,8.3,8.3,8,6.7,8.5,6,8,2,9.3,2.7,2,49.3,4,5,4,4,4,2,4,3,,,4,2,4,4,3,2,2,1,2,3,2,2,2,2,2,3,3,4,3,3,,,,2,2,,2,4,3,3,2,2,4,2,3,1,3,3,,4,3,5,4,2,1,1,1,1,,1,1,1,1,1,1,1,0,0,0,1,0.889,0.108,70.5,56.1,1,1,1,0,0,"C"
1924,"S24","C096","South","technical",20,-0.754,-1.792,14.5,9,"girl",-0.533,3,4,"majority_language",0,0,6.5,5.6,6.8,6.8,7,11,12,11,5.5,4.8,3,42.3,4,3,2,2,1,4,4,,2,2,3,2,3,1,2,,1,3,2,2,2,1,3,2,,,,2,3,,5,3,3,1,5,1,4,1,1,3,2,2,2,2,5,3,,,2,4,4,3,5,3,2,3,2,2,0,1,1,1,1,1,0,0,,1,0,0,,,,,1,1,1,0,0,"B"
1925,"S24","C096","South","technical",20,-0.754,-1.792,14,9,"girl",-0.184,2,3,"other_language",1,0,6.9,6.9,7.1,8.2,6.9,7,4,6,4.1,5.3,2,47.2,4,4,3,4,4,,5,3,,,4,3,4,4,5,1,1,4,4,3,3,3,2,,1,1,1,2,1,1,,,,4,2,2,2,,2,3,4,3,5,2,3,4,1,4,5,3,4,2,5,4,3,4,3,3,1,1,1,1,0,1,1,1,1,1,0,1,0.788,-1.17,47.5,43.8,1,1,1,0,0,"C"
1926,"S24","C096","South","technical",20,-0.754,-1.792,13.8,9,"girl",-0.726,3,3,"majority_language",0,0,6.4,6.2,6.4,8.1,7,13,6,10,3.7,4.5,2,48.3,2,4,2,1,2,2,1,,2,2,,2,2,3,3,3,2,2,2,2,1,3,3,4,,,,4,3,4,3,4,3,1,2,2,3,3,1,2,1,2,2,,2,1,,,2,,3,2,2,2,2,2,3,4,1,1,1,,0,1,1,1,0,0,1,0,0.908,1.098,48.1,63.6,1,1,1,0,0,"B"
1927,"S24","C096","South","technical",20,-0.754,-1.792,14.4,9,"boy",-1.459,2,2,"majority_language",0,0,5.8,,,6.4,5.8,16,,,1.6,8.9,1,42.4,,2,3,4,2,,,,,,,,,,,2,4,1,3,5,2,,,,,,,,,,,,,3,2,1,2,3,,,,,,,,,,,2,1,1,3,2,,2,2,3,3,0,0,1,0,0,0,0,0,0,0,0,0,0.815,-0.574,47.7,46.6,1,1,1,1,1,"A"
1928,"S24","C096","South","technical",20,-0.754,-1.792,14.7,9,"girl",-0.946,1,2,"majority_language",1,0,7,6.7,,7,6.9,6,0,,3.3,1.4,1,48.9,3,,3,2,2,4,2,3,5,3,,,,,,3,3,3,3,3,4,3,3,2,1,2,2,,,,,,,2,3,4,4,1,4,3,3,1,2,,,,,,5,4,4,3,5,,2,2,2,3,1,1,1,1,1,1,1,1,1,1,0,1,0.848,-2.081,44.1,46.2,1,0,1,0,1,"A"
1929,"S24","C096","South","technical",20,-0.754,-1.792,14.9,9,"boy",-0.457,3,3,"majority_language",1,0,7.1,6.1,6.8,6.6,7,8,1,2,4.6,1.4,4,59.3,5,5,5,4,3,5,4,5,5,4,4,3,4,4,3,2,3,2,3,2,1,,2,2,2,3,4,2,3,2,4,3,2,3,5,4,3,3,2,4,3,4,,1,4,4,2,2,2,3,3,4,3,1,3,3,2,3,1,1,1,1,1,0,0,0,0,0,1,0,0.728,-0.13,38.4,39.7,0,1,0,0,0,"A"
1930,"S24","C096","South","technical",20,-0.754,-1.792,14.2,9,"girl",-0.83,1,,"majority_language",0,0,6.2,,,7.7,6.8,19,,,4.3,2.8,3,46.4,4,3,,2,3,,,,,,,,,,,3,1,2,2,4,3,,,,,,,,,,,,,3,3,4,2,4,,,,,,,,,,,1,2,2,,2,1,2,2,,1,1,0,1,0,1,1,1,1,0,1,0,0,0.879,0.017,56.3,47.6,1,1,1,1,1,"C"
1931,"S24","C096","South","technical",20,-0.754,-1.792,15.5,9,"boy",0.007,3,4,"majority_language",0,0,7.2,7.6,7.3,7,8.2,5,7,5,7.6,1.2,4,42.1,5,3,4,4,5,3,3,3,4,4,3,4,4,4,3,1,2,3,3,3,1,2,2,2,3,3,2,3,2,1,2,1,1,3,4,1,3,2,3,2,2,2,3,3,3,2,2,3,3,4,2,5,5,4,3,2,3,1,1,1,1,1,1,0,1,1,1,1,0,0,0.796,0.726,50.3,52,0,0,0,0,0,"A"
1932,"S24","C096","South","technical",20,-0.754,-1.792,14.1,9,"boy",-1.163,2,1,"majority_language",0,0,7,6.7,5.6,6.7,5.5,0,0,22,0.6,4.7,2,54.9,3,3,4,4,2,5,2,5,3,3,3,2,2,4,4,1,3,1,4,4,1,2,5,1,,,,3,4,3,4,3,3,1,1,2,1,2,2,1,1,2,4,1,1,2,,,3,3,2,3,3,,1,1,1,1,1,1,1,1,0,0,0,0,0,0,0,0,0.784,-2.014,36.3,48.9,1,1,1,0,0,"B"
1933,"S24","C096","South","technical",20,-0.754,-1.792,14.7,9,"girl",-1.342,2,1,"majority_language",0,0,5.9,6.6,6.8,6.4,7.2,0,5,3,7.5,1.8,2,53,2,4,4,4,3,5,4,4,,,5,5,4,3,3,1,1,2,1,2,1,1,1,1,,2,3,2,2,1,,,,3,2,2,2,3,4,4,4,5,3,2,3,2,3,2,3,5,3,1,2,,2,3,3,3,1,1,1,0,1,0,0,0,0,0,1,0,0.826,0.328,49.1,45.1,1,1,1,0,0,"C"
1934,"S24","C096","South","technical",20,-0.754,-1.792,14.8,9,"girl",-1.332,1,3,"majority_language",1,0,6,,,6.3,6.9,1,,,5.4,2.5,2,41,3,1,3,3,2,,,,,,,,,,,,3,,3,3,,,,,,,,,,,,,,4,1,2,3,2,,,,,,,,,,,5,5,3,5,5,3,3,2,2,2,1,1,0,1,1,0,0,,0,,1,0,0.732,-1.409,40.1,37.5,1,1,1,1,1,"A"
1935,"S24","C096","South","technical",20,-0.754,-1.792,14.2,9,"girl",0.605,5,2,"majority_language",0,0,7.1,7,7.3,6.9,7.9,1,7,2,5,2.2,2,50.8,4,5,4,3,4,2,,2,3,3,2,4,4,3,5,2,2,2,1,2,2,2,2,3,2,3,3,2,2,3,1,4,1,2,1,2,2,2,3,2,2,2,3,3,4,3,5,5,3,5,1,3,3,1,2,2,1,3,1,1,1,0,1,0,1,0,0,0,0,0,0.926,2.273,61.8,61.2,0,1,0,0,0,"A"
1936,"S24","C096","South","technical",20,-0.754,-1.792,14.5,9,"boy",-0.134,1,3,"majority_language",0,0,6.8,6.7,6.7,6.4,7.6,1,4,1,4.4,2.2,3,44.2,3,3,4,5,4,3,4,4,5,4,4,3,4,5,5,2,1,1,3,2,2,3,3,2,3,3,2,4,3,3,2,4,4,2,5,2,4,3,5,4,3,4,4,3,5,3,4,,4,3,3,4,2,4,2,2,2,5,1,0,1,0,1,1,0,0,0,0,0,0,0.689,0.926,43.6,52.3,0,0,1,0,0,"A"
1937,"S24","C096","South","technical",20,-0.754,-1.792,14.6,9,"boy",-1.436,2,1,"other_language",1,0,5.3,6.4,6,6.5,6.2,1,6,7,2.3,6.2,2,44.7,3,3,2,2,4,3,4,3,,,2,4,3,2,3,,3,1,3,2,3,,1,1,1,2,3,1,2,2,,,,3,4,4,3,3,2,,2,2,4,2,4,5,3,3,2,3,3,1,4,3,3,2,4,3,0,1,1,0,1,1,0,0,0,0,,0,,,,,1,1,1,0,0,"C"
1938,"S25","C097","South","technical",22,-0.476,-0.132,15.3,10,"boy",0.036,2,4,"other_language",0,0,6.8,6.7,6.6,6.4,6.9,0,4,8,1.3,1.4,5,42,3,4,4,5,4,2,4,4,4,,4,5,5,3,5,1,,1,1,2,3,1,1,3,1,2,3,1,3,1,1,2,1,3,4,3,4,4,4,4,3,5,4,4,5,4,4,3,5,4,4,4,3,4,5,3,,5,,1,1,1,0,0,0,0,0,0,1,,,,,,1,1,0,0,0,"A"
1939,"S25","C097","South","technical",22,-0.476,-0.132,16.1,10,"girl",0.961,5,5,"majority_language",0,0,7.2,6.8,6.5,7.8,5.6,9,4,0,7.5,3,2,51.2,3,4,2,5,4,2,5,3,2,3,3,4,2,4,2,4,4,2,4,2,2,,4,3,,,,,2,,5,3,2,2,1,2,3,4,3,2,2,2,4,4,2,3,,,3,2,3,3,4,1,,2,3,3,1,1,0,0,0,0,1,1,0,1,,0,0.937,-0.764,54.7,40.5,1,1,1,0,0,"B"
1940,"S25","C097","South","technical",22,-0.476,-0.132,15.3,10,"girl",0.513,2,3,"other_language",0,0,6.3,7.6,6.7,5.7,5.6,4,14,11,8.1,1.8,2,38.7,3,3,4,3,3,2,,3,2,3,5,4,3,3,,4,,2,1,3,2,2,2,2,3,3,2,2,1,3,4,2,3,3,3,3,3,2,2,3,3,3,3,2,2,2,2,2,2,,3,4,3,3,2,5,5,3,0,0,1,0,0,1,0,0,1,0,0,0,0.649,-1.104,50.1,68.2,1,1,1,0,0,"A"
1941,"S25","C097","South","technical",22,-0.476,-0.132,15.3,10,"girl",-1.114,2,2,"majority_language",0,0,6.6,6,6.5,7.1,7.3,9,5,3,2.5,5.1,3,54.9,4,5,4,4,,4,4,4,5,4,3,4,5,4,4,2,3,3,2,2,3,2,2,2,1,4,4,2,4,3,2,3,1,5,4,5,5,3,5,,5,4,5,5,5,,5,2,4,5,5,,5,2,4,3,3,3,1,1,1,1,0,,0,,0,0,1,0,0.639,-0.385,28.4,42.2,1,1,1,0,0,"A"
1942,"S25","C097","South","technical",22,-0.476,-0.132,15.1,10,"boy",0.394,4,3,"other_language",0,0,7.7,6.5,6.6,8,7.1,4,1,10,3.6,8.2,2,54.7,4,3,5,4,3,5,3,2,,,3,2,2,2,3,,4,,2,4,1,3,3,3,4,3,2,,4,3,,,,4,3,3,5,4,3,5,3,5,3,5,5,4,5,3,4,5,3,4,5,3,2,2,1,3,1,1,1,1,1,1,0,1,0,0,1,0,0.835,-0.104,52.7,51.5,1,1,1,0,0,"C"
1943,"S25","C097","South","technical",22,-0.476,-0.132,15.4,10,"boy",0.428,,4,"majority_language",0,0,6.8,5.5,7.1,7,6.3,2,1,3,5.9,3.4,1,38.7,2,,5,3,3,2,2,2,1,1,2,5,3,3,4,3,4,2,3,3,1,2,1,3,3,4,4,3,3,3,3,3,3,3,2,3,4,2,2,4,2,4,2,2,2,2,2,3,3,,4,2,4,1,2,2,2,3,1,1,1,1,1,1,0,1,1,1,1,0,0.922,0.047,59.2,63.7,1,0,0,0,0,"A"
1944,"S25","C097","South","technical",22,-0.476,-0.132,15.5,10,"boy",0.59,4,3,"majority_language",0,0,6.3,6.3,6,7.2,7.6,3,6,8,2.8,3.3,3,49.4,2,,2,2,3,2,3,2,3,4,3,1,4,3,3,3,2,2,3,3,1,2,2,3,2,4,2,2,2,2,3,3,2,2,2,3,2,4,2,3,3,2,4,2,4,4,2,5,3,3,2,3,2,4,2,3,3,3,0,1,1,0,0,0,1,0,0,0,0,0,,,,,1,0,0,0,0,"A"
1945,"S25","C097","South","technical",22,-0.476,-0.132,15.2,10,"girl",0.095,4,3,"majority_language",0,0,7.2,7.4,7.8,7.2,8,3,2,3,4.8,4.1,3,47,4,4,2,3,1,4,3,3,2,2,3,3,3,4,3,1,1,1,2,3,1,2,2,1,,,,3,3,3,,3,3,4,4,5,3,5,5,4,4,5,3,4,4,5,,,2,4,4,4,4,5,3,4,4,5,1,1,0,1,1,1,0,0,0,1,,0,0.943,-0.223,66.6,49.6,1,1,1,0,0,"B"
1946,"S25","C097","South","technical",22,-0.476,-0.132,15,10,"boy",0.617,,4,"majority_language",0,0,6.8,7.1,7.1,6.5,7.1,2,0,0,6.6,3,2,42.7,4,3,4,2,2,3,2,3,4,2,4,1,4,4,2,1,2,2,4,3,3,1,1,,,,,1,2,1,2,2,1,4,3,,2,3,,1,1,2,3,2,2,1,,,5,5,2,5,4,2,4,2,2,4,1,1,1,1,0,1,0,1,1,1,0,0,0.609,-0.594,31.6,37.1,1,1,1,0,0,"B"
1947,"S25","C097","South","technical",22,-0.476,-0.132,15.6,10,"boy",-1.461,1,1,"other_language",1,0,6.1,6.3,5.3,5.9,6.2,4,9,26,6.7,4.2,2,52,5,,5,4,4,5,4,3,4,4,1,3,1,4,2,3,5,4,3,2,,2,,2,,,,1,3,1,2,3,2,3,3,,5,5,3,3,,2,3,2,2,2,,,3,5,3,5,5,2,,5,3,3,1,1,0,1,0,1,1,0,,0,0,0,0.745,0.005,54,50,1,1,1,0,0,"B"
1948,"S25","C097","South","technical",22,-0.476,-0.132,15.4,10,"boy",1.128,4,5,"majority_language",0,0,6.4,6.4,,6.6,7.2,2,12,,4,2.2,1,37.7,2,4,3,3,3,3,3,2,3,4,,,,,,4,3,3,3,2,2,4,3,3,3,2,3,,,,,,,3,3,2,2,2,,4,4,3,2,,,,,,,3,3,3,4,2,3,3,4,3,1,0,,0,1,1,0,1,1,0,0,0,0.49,-0.114,46.6,55.9,1,1,1,0,1,"A"
1949,"S25","C097","South","technical",22,-0.476,-0.132,15.5,10,"boy",0.227,4,3,"majority_language",0,0,7.5,,,7.6,7.1,3,,,10.6,3.5,4,54,4,5,5,4,,,,,,,,,,,,1,2,3,2,1,2,,,,,,,,,,,,,5,4,,4,5,,,,,,,,,,,5,4,4,5,5,3,2,3,3,2,1,1,0,0,0,1,1,0,1,1,0,1,0.812,-1.017,54.1,55,1,1,1,1,1,"A"
1950,"S25","C097","South","technical",22,-0.476,-0.132,15.2,10,"girl",0.541,4,5,"other_language",0,0,8.1,,,7.4,6.4,4,,,6.4,2.9,2,40.3,3,4,,1,2,,,,,,,,,,,3,3,2,4,3,3,,,,,,,,,,,,,3,5,4,3,1,,,,,,,,,,,3,4,4,5,2,3,3,4,4,4,,1,1,1,0,1,0,1,1,0,0,0,0.689,-0.232,59.6,61.4,1,1,1,1,1,"A"
1951,"S25","C097","South","technical",22,-0.476,-0.132,15,10,"girl",0.962,4,4,"majority_language",0,0,7.7,6.9,6.6,6.8,7.8,3,2,1,7.9,1.2,4,51.6,5,4,,3,5,5,4,4,4,4,3,3,5,4,3,4,4,4,1,2,2,4,3,2,2,2,2,3,3,3,3,1,3,5,5,5,5,,4,5,3,3,5,4,5,4,5,3,3,5,4,5,3,4,5,4,4,4,0,1,1,1,1,1,1,0,1,0,0,0,0.609,-1.858,35.5,39.4,1,0,0,0,0,"A"
1952,"S25","C097","South","technical",22,-0.476,-0.132,15.2,10,"boy",1.145,5,2,"majority_language",0,0,7.5,7,7.5,7.1,7.8,3,6,1,6.1,0.9,1,47.9,3,2,4,4,5,2,1,3,,,2,1,4,3,4,1,2,2,1,3,3,2,1,2,1,4,3,2,2,3,,,,2,2,4,5,3,4,5,3,4,4,4,3,3,3,4,4,2,3,2,1,3,1,2,4,3,1,1,1,1,1,0,1,0,1,1,0,0,0.87,0.882,68.1,61.4,0,1,1,0,0,"C"
1953,"S25","C097","South","technical",22,-0.476,-0.132,15.8,10,"girl",-0.426,1,1,"majority_language",0,0,7.5,6.8,7.2,7.5,6,4,10,7,4.9,1.8,1,61.7,4,5,3,3,5,5,,5,5,4,4,4,4,,2,2,3,2,3,3,4,4,4,5,,,,3,3,5,,4,4,4,4,4,3,2,3,2,2,3,3,4,,2,,,,2,1,3,2,2,3,1,2,2,1,1,1,1,1,0,0,1,1,1,0,0,0.774,-0.14,52.9,54.7,1,1,1,0,0,"B"
1954,"S25","C097","South","technical",22,-0.476,-0.132,15.3,10,"girl",0.167,2,4,"majority_language",0,0,6.5,5.8,,7.9,7.2,4,2,,8.7,1.5,4,53.2,5,5,2,4,3,5,4,4,4,5,,,,,,1,1,,1,1,2,2,1,3,,,,,,,,,,5,4,4,5,5,5,4,5,3,5,,,,,,3,3,3,4,1,2,4,3,3,2,1,1,0,0,0,0,1,0,0,0,0,0,0.578,-0.903,62.5,46.9,1,1,1,0,1,"B"
1955,"S25","C097","South","technical",22,-0.476,-0.132,15.1,10,"girl",0.802,4,3,"other_language",0,0,7.1,7.2,6.4,6,6.4,0,0,2,5.7,2.3,3,38.8,4,3,4,,2,4,2,2,,,2,3,4,4,4,2,3,3,3,3,1,,3,1,3,2,2,3,3,3,,,,4,2,2,3,3,2,3,4,2,3,3,3,4,3,4,5,5,5,4,5,4,3,3,,5,1,0,1,0,1,1,0,1,0,0,1,1,0.742,0.037,40.1,56.9,1,1,1,0,0,"C"
1956,"S25","C097","South","technical",22,-0.476,-0.132,15.3,10,"girl",-0.01,5,2,"majority_language",0,0,6.8,7.1,,7.1,6.7,11,5,,8.7,2.4,5,39.6,4,4,4,2,5,3,4,5,2,4,,,,,,2,2,1,4,,4,,2,2,,,,,,,,,,2,3,3,3,3,3,3,3,2,3,,,,,,3,3,4,3,4,4,2,3,2,3,0,0,1,0,1,0,0,0,1,0,0,0,0.78,-1.458,52.7,46.2,1,1,1,0,1,"B"
1957,"S25","C097","South","technical",22,-0.476,-0.132,15.5,10,"boy",0.234,5,2,"majority_language",0,0,6.4,6.5,,6.3,7.8,4,3,,6.3,2,2,46.7,4,5,4,5,5,3,4,5,3,4,,,,,,2,3,2,1,1,2,2,3,1,,,,,,,,,,2,4,4,5,4,4,4,4,4,,,,,,,,4,3,4,1,5,4,5,3,5,1,1,0,1,0,1,1,0,0,0,0,0,0.813,-2.201,48.2,38.4,1,1,1,0,1,"B"
1958,"S25","C097","South","technical",22,-0.476,-0.132,15.8,10,"girl",-0.394,2,1,"majority_language",0,0,6.2,5.5,5.3,5.9,6.9,16,23,4,3.2,3.2,1,37.2,4,3,2,3,1,1,2,3,,,1,2,2,,2,5,3,3,2,3,3,4,5,3,5,,3,,4,3,,,,2,4,5,3,,3,4,5,4,1,2,2,3,3,1,2,2,2,3,2,4,2,3,5,3,1,0,0,0,1,0,0,0,0,0,0,0,0.57,-1.112,27.2,20,1,1,1,0,0,"C"
1959,"S25","C097","South","technical",22,-0.476,-0.132,15.4,10,"boy",0.754,5,5,"majority_language",1,0,6.7,6.8,7.7,7,7,11,2,1,7,4.3,2,47.5,,3,3,3,2,5,4,3,,,4,4,4,4,4,3,4,4,2,2,2,3,2,3,5,3,3,1,1,1,,,,5,3,4,3,4,2,4,4,3,4,4,4,3,3,5,3,5,4,3,5,4,3,5,4,2,1,1,1,0,0,,1,1,1,0,1,1,0.895,1.021,46.5,53.2,1,1,1,0,0,"C"
1960,"S25","C098","South","technical",19,-0.476,-0.33,17.1,12,"girl",0.843,3,4,"majority_language",1,0,7.9,7.6,6.9,8.2,8.5,1,6,0,4.2,1.1,4,53.9,4,4,5,4,3,5,2,5,,,5,5,5,4,5,1,1,1,2,,1,3,2,1,1,3,1,2,1,3,,,,4,5,4,3,4,,4,,3,4,4,5,4,4,5,5,5,5,5,5,5,5,2,3,4,1,1,1,1,1,1,0,0,0,1,1,0,,,,,1,1,1,0,0,"C"
1961,"S25","C098","South","technical",19,-0.476,-0.33,18.6,12,"girl",0.583,3,5,"majority_language",0,0,6.3,6.1,6.8,6.1,5.8,6,6,3,8.5,1.2,2,53.8,4,5,4,3,4,4,3,5,,2,5,5,4,3,4,3,4,4,3,2,1,3,2,3,,,,3,3,3,3,3,2,3,1,1,3,3,2,3,2,2,3,3,2,3,,,3,3,2,4,,3,2,3,1,3,1,0,0,0,1,1,0,0,0,0,0,1,0.742,0.402,53.3,40.5,1,1,1,0,0,"B"
1962,"S25","C098","South","technical",19,-0.476,-0.33,18.2,12,"girl",0.437,2,3,"majority_language",0,1,5.6,5.9,5.9,5.1,6.7,6,0,6,1.3,2.8,2,53.6,4,4,4,4,4,5,4,3,3,3,3,4,2,4,4,2,3,3,1,3,3,3,2,1,1,2,3,2,,2,2,1,2,4,4,5,5,5,4,4,3,5,5,4,4,1,4,2,3,,3,3,2,2,5,2,5,3,0,0,0,0,0,0,0,,0,0,0,0,0.763,-0.393,38.9,35.3,1,0,1,0,0,"A"
1963,"S25","C098","South","technical",19,-0.476,-0.33,17.1,12,"girl",-0.087,2,1,"majority_language",0,0,6.2,5.7,5,6.9,6.1,1,12,0,5.4,3.3,4,52.5,3,3,3,4,4,3,4,3,3,3,4,4,4,4,3,1,2,2,1,1,2,2,3,3,3,3,3,3,2,2,4,2,2,2,1,4,4,2,2,3,3,2,2,4,4,4,3,3,3,4,3,3,4,5,5,3,5,3,1,1,0,0,1,0,1,1,0,0,0,0,0.687,-1.176,52,44.9,0,0,0,0,0,"A"
1964,"S25","C098","South","technical",19,-0.476,-0.33,17.4,12,"girl",0.07,3,2,"majority_language",0,0,6.2,6.9,6.7,6.3,5,3,1,2,6.6,1.4,1,41.8,2,3,1,1,,1,2,1,,,4,4,2,2,2,1,1,2,2,3,1,1,1,2,3,1,2,1,2,1,,,,2,2,4,3,1,2,3,3,2,3,4,2,4,3,3,4,3,3,2,3,4,4,2,2,4,1,0,1,0,0,1,1,1,0,0,0,1,0.716,-0.144,43.6,34.2,1,1,1,0,0,"C"
1965,"S25","C098","South","technical",19,-0.476,-0.33,16.9,12,"boy",0.989,5,5,"majority_language",0,0,7.5,7.7,6.7,7.2,8.2,1,5,2,10.7,1.4,5,59.6,5,5,5,5,4,4,4,5,3,3,2,3,2,1,4,1,2,1,1,2,2,1,3,2,,,,1,1,1,2,3,3,5,5,3,3,2,4,5,5,5,4,3,5,2,,,4,5,4,4,5,4,3,3,4,3,1,1,0,0,1,1,1,1,0,1,0,0,0.83,-1.542,47.6,46.4,0,1,1,0,0,"B"
1966,"S25","C098","South","technical",19,-0.476,-0.33,17.6,12,"boy",0.442,4,4,"other_language",0,0,6.8,6.6,7.4,7,5.8,5,5,1,5.1,2.3,2,39.6,3,3,4,3,5,5,5,4,4,5,4,5,5,,4,,5,3,3,2,3,4,4,3,5,3,2,1,2,3,2,1,1,4,4,4,,4,5,5,4,5,,4,4,4,5,5,4,4,4,5,4,4,4,5,,5,0,1,1,1,0,1,1,0,0,0,0,0,0.845,-1.19,54.2,41.9,1,1,1,0,0,"A"
1967,"S25","C098","South","technical",19,-0.476,-0.33,17.5,12,"girl",0.171,4,2,"majority_language",0,0,7.1,7.3,8,7.5,8.6,1,0,1,4.9,5.2,5,60.6,4,4,4,4,3,4,5,3,4,5,4,4,4,,3,2,2,4,2,2,3,1,1,1,,,,1,1,1,1,3,1,4,4,5,5,4,3,5,4,3,3,3,2,5,,,5,5,5,5,5,3,2,2,5,4,1,1,1,1,,1,0,1,1,1,0,1,0.909,0.01,72.7,68.5,1,1,1,0,0,"B"
1968,"S25","C098","South","technical",19,-0.476,-0.33,16.9,12,"girl",1.201,5,2,"majority_language",0,0,7.2,7.9,8.2,7.5,7.8,7,1,7,7.4,2.4,3,54.4,4,5,4,3,5,2,,4,3,2,4,3,5,4,4,2,2,3,1,1,1,1,1,2,,,,3,3,2,1,4,,5,5,5,,5,4,5,4,4,3,3,4,2,,,4,4,3,3,4,3,4,3,4,3,0,1,1,1,1,1,1,1,1,1,1,1,0.794,-0.776,63.7,48.5,1,1,1,0,0,"B"
1969,"S25","C098","South","technical",19,-0.476,-0.33,17.1,12,"girl",0.655,4,5,"majority_language",1,0,7.6,6.7,7.4,7.3,7.8,5,4,8,7.6,2.8,3,46.4,5,4,3,5,3,4,5,5,5,5,3,3,4,5,2,3,3,3,5,2,2,4,3,3,,,,3,4,3,2,3,,5,4,4,4,4,2,4,3,3,2,2,3,3,,,1,3,2,1,5,3,3,2,4,,1,1,1,1,0,0,1,1,1,1,,0,0.96,0.679,63.4,64.1,1,1,1,0,0,"B"
1970,"S25","C098","South","technical",19,-0.476,-0.33,18.1,12,"boy",-1.105,1,2,"other_language",0,0,6.2,5.9,5.5,6.4,6.5,11,2,8,2.9,1.9,2,43.3,,2,,1,2,3,4,3,2,4,4,3,2,2,1,4,3,4,2,,2,3,3,3,,3,4,2,3,2,2,3,1,3,3,2,4,2,2,3,2,5,2,,2,3,3,3,3,4,3,4,3,2,,3,3,2,0,1,1,0,,0,0,0,0,1,0,0,,,,,1,1,1,0,0,"A"
1971,"S25","C098","South","technical",19,-0.476,-0.33,17.1,12,"girl",1.575,5,5,"majority_language",1,0,8.1,8.4,7.8,8.1,8.7,0,1,8,8,1.2,5,61.8,5,5,5,5,5,5,4,5,5,4,5,5,5,5,5,2,1,2,1,1,2,1,1,2,,,,1,1,,2,1,2,5,5,5,5,5,5,3,4,5,5,3,3,5,,,5,5,5,,5,5,5,4,4,5,1,1,1,1,1,1,1,1,1,1,0,1,0.968,1.222,66.3,63.2,1,1,1,0,0,"B"
1972,"S25","C098","South","technical",19,-0.476,-0.33,17.8,12,"boy",-0.357,2,1,"majority_language",0,0,6.2,6.9,6.5,6,7,15,4,8,0.9,3.1,2,42.5,3,2,,1,2,4,,3,3,4,2,2,2,4,2,2,4,3,2,4,4,1,2,,2,4,1,3,4,2,2,3,3,3,3,2,4,3,3,4,2,5,5,2,4,2,4,5,1,2,1,1,3,2,2,3,3,4,0,0,0,,0,1,0,0,1,0,0,0,0.797,-0.15,58.5,56.2,1,1,0,0,0,"A"
1973,"S25","C098","South","technical",19,-0.476,-0.33,17.7,12,"boy",-2.228,1,2,"other_language",0,0,5.2,,,7.2,6.2,19,,,2.3,7.7,2,39.2,,3,4,1,,,,,,,,,,,,4,4,2,4,3,2,,,,,,,,,,,,,,2,1,1,2,,,,,,,,,,,2,4,2,5,2,3,,3,4,3,1,1,1,0,1,1,1,1,0,1,0,1,0.649,-1.797,39.9,41.2,1,1,1,1,1,"C"
1974,"S25","C098","South","technical",19,-0.476,-0.33,17.6,12,"boy",1.016,5,5,"majority_language",0,0,5.2,6.1,6.4,7.4,9.3,5,21,3,2.9,4.2,3,38.3,2,2,4,4,1,2,2,4,4,1,2,3,4,2,1,3,5,5,5,5,4,3,2,3,3,2,5,3,4,3,,4,5,2,3,3,3,4,3,4,2,3,3,2,3,1,3,2,3,3,3,3,3,1,2,1,2,2,1,1,1,1,1,1,1,0,0,0,0,0,0.89,1.217,65.6,62.6,0,0,1,0,0,"A"
1975,"S25","C098","South","technical",19,-0.476,-0.33,17.6,12,"boy",0.723,3,4,"majority_language",0,1,5.7,6.9,7.2,6.1,5.5,1,1,2,5.4,3.9,3,44.5,1,3,4,4,4,4,2,4,4,,3,4,2,2,5,1,1,1,2,1,1,1,2,1,3,1,2,1,3,1,1,2,2,,4,3,5,3,3,3,4,1,4,5,4,4,4,4,4,5,4,4,5,4,3,4,3,4,,1,1,1,0,0,0,0,,1,0,0,0.843,0.141,50.8,61.4,1,1,0,0,0,"A"
1976,"S25","C098","South","technical",19,-0.476,-0.33,17.8,12,"girl",0.801,2,4,"majority_language",0,0,8,7.6,,6.7,7.3,4,2,,6.8,1.5,4,58.5,5,5,3,4,4,4,4,4,3,3,,,,,,2,3,2,1,2,1,2,3,,,,,,,,,,,4,4,5,4,4,3,5,4,3,1,,,,,,4,4,4,4,3,3,3,3,3,5,1,1,0,1,1,1,0,1,0,1,0,0,0.723,-0.194,53.1,69.2,0,1,1,0,1,"B"
1977,"S25","C098","South","technical",19,-0.476,-0.33,17.2,12,"girl",1.314,5,4,"majority_language",0,0,7.8,7.7,6.9,7.1,7.6,3,0,1,2.4,1.9,2,52.7,5,3,,5,3,4,4,5,5,4,5,5,,5,5,3,2,2,2,3,2,3,3,3,3,3,3,4,4,2,3,4,3,,3,4,2,4,4,4,5,4,4,4,5,4,4,5,4,5,4,5,4,1,2,3,2,2,1,1,1,1,1,1,1,1,0,1,1,0,0.902,1.212,51.7,53.2,1,0,1,0,0,"A"
1978,"S25","C098","South","technical",19,-0.476,-0.33,17.1,12,"girl",0.728,3,2,"majority_language",0,0,6.9,6.8,7.9,7.3,7.6,3,9,1,6.6,3.9,2,47.5,4,3,,5,2,,5,4,,,2,2,2,3,3,3,4,2,2,3,,1,4,1,1,3,2,2,3,1,,,,1,2,4,3,5,2,,4,2,3,2,2,1,2,5,4,4,3,3,3,1,3,2,3,3,1,1,1,1,1,0,1,1,1,0,1,0,0.956,1.765,66.4,64.3,1,1,1,0,0,"C"
1979,"S25","C099","South","technical",22,-0.476,0.045,14.6,9,"boy",-0.11,1,1,"majority_language",0,0,5.8,5.9,7.2,5.5,5.7,2,5,0,3.9,1.8,1,30.8,2,2,2,1,2,3,3,,,,4,4,3,4,3,3,3,3,2,4,4,3,2,2,3,1,3,2,2,1,,,,4,2,2,2,5,1,2,,3,4,4,3,4,4,3,2,4,3,3,3,2,1,3,,5,0,1,0,0,0,1,0,0,,0,0,0,0.892,-0.002,52.1,46.3,1,1,1,0,0,"C"
1980,"S25","C099","South","technical",22,-0.476,0.045,14.3,9,"boy",-0.013,2,4,"majority_language",0,0,7.6,,,6.5,8.1,4,,,3.7,1.9,2,48.2,5,4,5,5,4,,,,,,,,,,,,3,3,3,3,2,,,,,,,,,,,,,2,2,2,2,1,,,,,,,,,,,4,3,3,4,3,3,4,3,4,3,1,1,1,1,1,0,1,1,1,1,0,0,0.798,0.603,50.1,34.3,1,1,1,1,1,"B"
1981,"S25","C099","South","technical",22,-0.476,0.045,14.4,9,"girl",0.899,4,5,"other_language",0,0,7.8,8.3,7.1,6.7,6.9,0,4,0,7.7,2.3,4,54.4,5,4,3,3,4,4,5,5,5,2,,,4,5,3,2,1,1,1,2,2,3,1,1,1,1,3,4,2,3,2,2,,3,4,1,1,1,2,5,4,3,5,,5,5,5,,4,2,2,3,1,5,4,,5,5,1,1,0,1,1,1,0,1,0,0,0,0,0.652,0.861,53.5,37,1,0,1,0,0,"A"
1982,"S25","C099","South","technical",22,-0.476,0.045,14.6,9,"boy",-0.219,2,2,"other_language",0,0,7.2,6.4,6.6,6.5,5.6,6,5,2,3.9,2.2,2,57.8,4,4,,2,3,2,4,4,,,3,3,2,3,3,1,4,4,4,3,3,3,4,3,3,4,3,1,1,1,,,,3,3,3,2,4,4,3,4,4,,4,2,3,3,3,3,3,3,3,2,3,3,2,2,4,1,1,0,0,1,0,0,1,1,,0,0,0.687,-0.142,52.9,57.9,1,1,1,0,0,"C"
1983,"S25","C099","South","technical",22,-0.476,0.045,14.8,9,"girl",0.262,1,4,"majority_language",1,0,7.6,7.4,7.3,6.7,7.5,8,4,5,5.4,1.5,3,51.5,4,1,4,4,3,,2,4,4,3,4,4,4,4,5,3,1,3,2,3,2,4,3,4,,3,4,4,2,4,5,1,5,2,2,5,3,2,4,3,2,3,5,3,4,4,4,4,2,4,3,2,4,2,2,1,2,1,1,1,1,0,1,0,0,1,1,0,0,0,0.735,0.407,42.3,48.1,0,1,0,0,0,"A"
1984,"S25","C099","South","technical",22,-0.476,0.045,14.1,9,"girl",0.043,3,3,"majority_language",0,1,6.8,6.1,6,6.7,8,7,9,12,3.9,2.1,3,49.7,2,3,3,4,4,3,5,3,4,5,1,4,3,4,3,3,3,2,1,,2,2,3,3,2,3,4,2,3,3,3,3,2,2,3,2,1,2,2,2,2,2,2,3,2,3,3,3,3,3,3,3,4,2,1,2,3,2,1,1,1,1,1,1,0,0,0,1,0,0,,,,,1,0,0,0,0,"A"
1985,"S25","C099","South","technical",22,-0.476,0.045,14.8,9,"boy",1.595,5,3,"majority_language",0,0,8.1,7.9,,6.3,6.6,1,5,,6.4,1.1,2,50.1,5,2,3,4,3,3,4,5,,,,,,,,3,1,1,1,,1,2,1,1,1,1,2,,,,,,,3,4,4,,2,2,4,3,4,3,,,,,,2,2,2,3,5,2,2,3,2,3,1,1,1,1,1,1,1,0,0,1,0,0,0.955,1.691,65.7,59.9,1,1,1,0,1,"C"
1986,"S25","C099","South","technical",22,-0.476,0.045,15,9,"girl",0.401,3,3,"other_language",0,0,7.5,7.4,7.9,7.4,6.9,7,4,0,5.4,2.4,3,33.7,3,5,4,5,,2,2,4,5,5,5,3,5,5,4,1,2,,2,3,3,4,1,3,3,2,4,3,2,4,1,2,2,4,4,5,4,5,3,3,4,5,4,2,4,3,4,2,4,4,1,3,3,3,4,2,3,4,1,0,1,1,1,1,0,0,0,0,0,0,0.787,-0.111,43.8,46.2,1,0,0,0,0,"A"
1987,"S25","C099","South","technical",22,-0.476,0.045,15.3,9,"boy",-1.019,1,2,"majority_language",0,0,7.3,7.2,7.4,7.8,7.2,2,3,7,7.1,2.8,5,53.2,4,5,5,5,4,4,,4,3,3,3,5,4,3,2,1,3,2,1,1,,1,1,2,1,1,1,2,1,1,1,1,3,4,2,5,2,3,,4,5,4,,5,4,3,5,4,3,5,4,3,4,4,5,5,4,5,1,1,1,1,1,1,1,0,0,1,1,1,0.634,-0.626,52.3,62.6,1,1,0,0,0,"A"
1988,"S25","C099","South","technical",22,-0.476,0.045,14.7,9,"boy",0.76,4,2,"majority_language",0,0,7.9,7.4,7.5,7.5,7.6,1,1,11,7.4,1.4,5,54.9,5,5,4,5,5,5,4,4,3,4,3,4,3,,3,1,1,1,1,1,1,1,1,1,3,2,2,3,2,4,3,1,2,4,3,3,2,4,3,4,3,1,4,,1,4,2,1,4,5,4,2,4,4,4,4,2,5,1,1,1,1,0,1,1,1,0,0,0,1,0.748,-0.846,51.7,43,0,0,1,0,0,"A"
1989,"S25","C099","South","technical",22,-0.476,0.045,14.4,9,"boy",0.888,5,5,"majority_language",0,0,7.7,7.1,7,7.7,7.7,5,2,1,7.3,3.2,4,44.9,3,4,,5,3,3,4,3,,,2,3,2,2,4,3,3,3,2,4,3,2,3,1,2,3,2,3,4,3,,,,4,2,2,3,4,1,1,1,1,1,2,1,3,2,5,4,3,4,3,2,1,4,2,3,,1,1,1,0,1,0,1,1,1,0,0,0,0.733,1.315,51.6,44.2,1,1,1,0,0,"C"
1990,"S25","C099","South","technical",22,-0.476,0.045,14.1,9,"boy",0.249,4,5,"majority_language",0,0,7.7,7.2,8.2,7.6,7.4,3,0,0,5,2.6,5,53.6,5,5,5,5,5,5,4,3,,,5,5,4,5,5,1,2,1,1,1,1,1,1,1,1,1,1,1,2,3,,,,4,4,3,4,4,5,4,4,4,4,4,4,2,5,4,3,4,4,5,4,1,3,3,3,4,1,1,1,1,1,0,1,0,0,0,0,0,0.685,0.302,59.7,45.7,0,1,1,0,0,"C"
1991,"S25","C099","South","technical",22,-0.476,0.045,14.4,9,"girl",0.115,5,3,"majority_language",1,0,7.3,7.3,8,7.1,6.8,5,0,8,6.4,3.8,4,51.2,,5,5,5,4,3,5,4,3,4,4,3,,5,3,1,2,2,3,2,3,2,,2,1,,1,1,3,1,,2,3,4,2,2,3,3,5,5,4,5,4,5,4,,4,5,4,4,5,3,4,5,3,3,2,4,1,1,1,1,1,0,1,1,1,1,1,0,,,,,1,1,1,0,0,"A"
1992,"S25","C099","South","technical",22,-0.476,0.045,14.3,9,"girl",0.042,3,4,"majority_language",0,0,6.8,7.3,6.4,6.3,5.7,4,5,4,6.5,3.3,2,53.7,3,3,4,4,3,2,3,5,3,,4,3,5,4,5,1,2,2,2,4,2,2,1,2,,,,2,2,3,2,3,2,4,,2,4,4,4,5,3,5,3,3,3,3,,,4,3,4,4,4,2,5,2,3,2,1,0,1,0,0,1,0,0,,0,,0,0.463,-1.064,52.1,51.4,1,1,1,0,0,"B"
1993,"S25","C099","South","technical",22,-0.476,0.045,14.9,9,"boy",0.118,2,3,"majority_language",0,0,6.9,6.7,7.5,7.3,5.8,8,12,3,4.9,2.5,1,43.7,5,5,4,4,5,5,5,5,5,5,3,3,4,5,,4,4,3,3,2,3,3,4,2,3,4,3,2,3,2,4,2,3,,1,3,3,2,2,1,3,2,1,,4,4,3,2,2,3,2,3,4,2,3,5,4,,1,0,1,1,0,0,0,0,0,0,0,1,0.805,-0.561,48.1,45.9,1,0,1,0,0,"A"
1994,"S25","C099","South","technical",22,-0.476,0.045,14.6,9,"boy",1.688,5,5,"majority_language",0,0,8,8.6,8.7,8.5,7.9,3,0,1,7.5,1.6,2,42.4,3,3,3,2,4,,2,4,,,4,2,3,3,4,1,1,1,1,1,1,3,1,1,1,1,1,3,2,2,,,,4,3,3,4,3,3,3,4,2,3,2,3,3,2,2,5,4,4,3,4,1,4,3,3,3,1,1,1,,1,1,1,0,1,1,,0,0.95,1.106,64.6,60.8,1,1,1,0,0,"C"
1995,"S25","C099","South","technical",22,-0.476,0.045,14.9,9,"boy",1.772,5,2,"majority_language",0,0,8.8,8.6,7.7,8.4,9.1,1,1,0,11.4,1.6,5,71.1,5,5,4,2,5,4,4,3,4,5,4,5,4,3,5,1,1,1,1,1,1,1,1,1,,,,2,1,1,2,1,1,4,5,3,3,5,4,5,5,4,4,5,5,5,,,4,2,4,4,2,4,4,5,3,4,1,1,1,1,1,,1,1,1,1,0,1,0.959,1.908,70.5,64.3,1,1,1,0,0,"B"
1996,"S25","C099","South","technical",22,-0.476,0.045,14.8,9,"girl",-0.938,3,2,"majority_language",0,0,6.4,5.9,5.9,6.6,5.8,3,7,0,5.9,2.1,1,45.4,3,3,4,4,2,2,2,3,3,3,2,3,2,3,4,2,1,1,3,1,2,2,1,1,,,,,1,2,1,4,1,4,2,2,4,2,4,4,2,,3,4,3,3,,,3,,2,3,2,4,3,5,4,4,1,0,0,0,0,0,1,0,0,0,0,0,0.667,0.404,35.9,52.9,1,1,1,0,0,"B"
1997,"S25","C099","South","technical",22,-0.476,0.045,14.5,9,"boy",-0.516,1,2,"majority_language",0,0,6.2,6.8,7.2,7.6,6.6,4,6,2,5.8,5.9,2,49.4,4,,2,3,4,3,2,3,2,3,2,3,2,2,2,3,4,2,2,2,2,1,1,1,2,2,2,1,3,3,2,2,4,3,4,4,5,4,3,3,4,5,,3,3,4,3,1,3,3,2,2,3,,4,3,2,3,1,1,1,1,1,0,1,1,0,0,1,0,0.657,-1.939,24,40.7,1,1,0,0,0,"A"
1998,"S25","C099","South","technical",22,-0.476,0.045,14.2,9,"boy",-0.487,3,1,"other_language",0,0,5.9,6.2,6.2,8.3,7.8,9,4,11,2.7,3.5,3,47.9,4,2,3,4,3,4,3,2,5,3,4,4,4,4,3,2,,3,3,2,2,3,2,,4,3,4,3,3,3,2,3,4,2,3,4,3,3,3,,4,3,4,3,4,3,3,1,,2,3,3,2,4,3,3,4,4,1,1,1,0,1,0,0,0,0,0,0,0,0.767,-0.79,30.5,34.5,1,1,0,0,0,"A"
1999,"S25","C099","South","technical",22,-0.476,0.045,14.5,9,"boy",0.714,5,3,"other_language",1,0,7.8,7.9,8.6,8.6,7.5,1,2,2,9.3,2,5,58,5,3,4,4,5,5,4,3,5,4,4,4,2,3,3,2,2,2,1,1,1,3,1,4,,,,4,1,2,3,,2,4,4,4,3,4,4,2,4,5,3,3,3,4,,,5,5,4,5,,5,4,4,5,4,1,1,1,1,1,1,1,1,1,0,0,0,0.919,-0.24,61,62,1,1,1,0,0,"B"
2000,"S25","C099","South","technical",22,-0.476,0.045,14.5,9,"girl",-0.026,3,2,"majority_language",0,0,6.7,6.8,6.2,7.2,6.3,4,6,2,5.6,2.5,4,36.1,2,2,3,3,2,3,3,4,4,3,3,4,3,4,2,1,1,2,2,3,2,3,2,3,4,3,2,1,1,1,1,4,3,3,2,4,3,3,4,2,3,4,2,4,5,4,4,2,3,4,4,4,,4,4,4,4,4,0,1,1,0,0,1,0,0,0,1,0,0,0.773,-1.233,50.9,39.6,1,0,0,0,0,"A"
2001,"S25","C100","South","technical",20,-0.476,-1.161,14.4,9,"boy",0.111,1,2,"majority_language",0,0,5.9,6.6,6,6.6,7.7,3,5,7,1.8,3.5,3,44.6,2,3,3,4,2,2,2,1,5,3,3,2,2,4,3,2,2,2,2,3,4,4,2,3,3,3,3,3,3,3,3,4,3,4,3,4,,3,5,4,3,4,3,3,,3,2,2,4,2,2,2,3,2,4,2,2,3,1,1,0,0,0,0,0,0,0,0,0,0,0.733,0.769,51.6,54.3,1,0,1,0,0,"A"
2002,"S25","C100","South","technical",20,-0.476,-1.161,14.9,9,"girl",-0.079,1,4,"majority_language",0,0,7.4,6.6,7,8.5,6.8,8,3,6,3.6,1.9,2,53.4,,4,5,3,3,4,3,5,4,4,4,3,4,2,4,3,3,,4,2,3,3,2,2,,,,3,3,2,5,2,2,2,2,1,3,2,3,2,2,4,3,2,4,2,,,3,3,4,,3,2,2,3,3,3,1,1,1,1,1,1,1,1,1,0,1,1,0.782,-1.24,43.1,50.8,1,1,1,0,0,"B"
2003,"S25","C100","South","technical",20,-0.476,-1.161,14.9,9,"girl",-0.97,1,2,"majority_language",0,0,5.6,6.2,6.6,6.1,6,5,5,8,1.4,1.2,1,38.4,1,2,1,4,1,2,2,3,3,2,4,3,2,2,5,2,2,3,2,4,3,1,1,2,1,3,1,2,2,5,2,3,4,5,4,4,4,3,2,4,4,5,5,,5,4,5,4,3,2,2,2,2,4,2,3,,3,0,0,0,1,1,0,0,0,0,0,0,0,0.671,-1.466,31.1,23.6,1,0,1,0,0,"A"
2004,"S25","C100","South","technical",20,-0.476,-1.161,14.8,9,"boy",-1.12,3,1,"majority_language",0,1,6.7,7.1,6.1,6.8,6.8,4,3,6,2.8,2.1,2,46.7,2,4,4,5,2,4,3,3,2,4,4,4,4,4,4,3,,3,2,2,4,3,4,,,,,1,1,2,2,,3,4,4,2,2,4,2,3,2,2,4,4,5,3,,,3,1,2,3,3,3,3,2,1,3,1,0,1,1,0,,1,0,0,,,0,0.797,0.557,42.6,42.9,1,1,1,0,0,"B"
2005,"S25","C100","South","technical",20,-0.476,-1.161,14.2,9,"girl",0.135,3,1,"majority_language",0,1,7.8,7.6,6.4,7.7,6.8,14,6,0,6.6,2,4,54.8,4,5,5,5,4,3,4,5,5,4,3,4,3,4,3,1,1,3,1,1,1,3,1,3,2,3,2,3,1,2,3,1,2,3,4,3,2,2,2,3,2,2,3,3,4,,2,4,5,5,3,5,,3,,,4,2,1,1,1,1,1,1,1,0,0,1,0,0,0.822,0.35,49.1,39.8,1,0,1,0,0,"A"
2006,"S25","C100","South","technical",20,-0.476,-1.161,14.6,9,"boy",-0.832,3,2,"majority_language",0,0,6,5.9,,5.4,6.7,11,9,,2.9,7.2,1,40.3,4,2,2,5,3,4,3,2,,,,,,,,4,4,4,4,4,3,4,3,2,4,4,3,,,,,,,5,,4,4,3,2,2,2,3,2,,,,,,,2,2,,1,1,2,3,3,,1,0,1,0,0,0,0,0,0,0,0,0,0.705,-0.51,31.4,34.6,1,1,1,0,1,"C"
2007,"S25","C100","South","technical",20,-0.476,-1.161,13.9,9,"boy",-0.014,1,3,"majority_language",0,0,6.8,7,6.6,7.8,6.2,2,0,1,9.3,2.3,2,49.5,4,3,3,3,4,3,2,3,,,,3,3,2,4,2,1,3,2,3,4,,1,2,5,2,1,3,2,3,,,,5,3,4,3,3,3,,3,1,1,4,4,4,4,3,3,4,3,3,4,2,4,3,3,2,1,0,1,1,0,0,,0,,0,0,0,0.838,-0.292,47.4,71.7,1,1,1,0,0,"C"
2008,"S25","C100","South","technical",20,-0.476,-1.161,14.5,9,"girl",-0.433,,3,"majority_language",0,0,6.3,,,6.8,4.9,19,,,7.3,3.5,1,34.4,2,4,4,4,3,,,,,,,,,,,4,3,3,1,3,4,,,,,,,,,,,,,2,2,4,,,,,,,,,,,,,4,5,4,2,4,3,2,2,4,4,0,0,0,0,0,0,0,0,0,0,0,0,0.729,-0.807,46.6,33.2,1,1,1,1,1,"B"
2009,"S25","C100","South","technical",20,-0.476,-1.161,14.1,9,"boy",0.349,5,4,"majority_language",1,0,5.8,6.1,6.2,6.9,6.1,8,13,4,7.6,2.4,5,43.8,5,,,3,5,4,3,4,,,3,4,3,4,4,3,4,1,,1,,3,4,1,2,3,2,4,4,2,,,,,2,3,3,2,2,3,2,1,,3,2,3,2,3,4,3,4,4,5,2,3,4,2,2,0,0,0,0,0,1,0,0,0,0,1,0,0.734,-1.439,51,53.5,1,1,1,0,0,"C"
2010,"S25","C100","South","technical",20,-0.476,-1.161,13.9,9,"boy",-0.649,3,1,"majority_language",1,0,5.8,,,6.5,7.3,12,,,4.5,3.7,4,48.2,3,3,3,4,2,,,,,,,,,,,3,1,,2,2,2,,,,,,,,,,,,,4,3,1,3,3,,,,,,,,,,,2,3,2,1,3,3,3,4,2,4,1,0,0,0,1,0,0,0,0,0,0,0,,,,,1,1,1,1,1,"B"
2011,"S25","C100","South","technical",20,-0.476,-1.161,14.8,9,"boy",-0.852,2,1,"majority_language",0,1,6.3,,,5.9,5.7,6,,,5.6,5.1,3,46,4,2,4,5,4,,,,,,,,,,,2,1,3,3,3,4,,,,,,,,,,,,,2,1,2,1,2,,,,,,,,,,,2,2,4,1,3,2,2,2,4,3,1,0,0,1,0,0,0,0,0,0,,0,0.755,0.115,48.3,38.9,1,1,1,1,1,"A"
2012,"S25","C100","South","technical",20,-0.476,-1.161,14.3,9,"girl",-0.133,4,2,"majority_language",0,0,6.4,,,6.2,6.8,10,,,4.5,2.9,3,47.1,,3,4,3,3,,,,,,,,,,,3,2,3,3,3,3,,,,,,,,,,,,,3,3,,3,,,,,,,,,,,,4,4,4,5,5,3,2,3,5,3,0,1,1,1,0,0,1,0,0,0,,0,0.614,-0.5,55.6,43.9,1,1,1,1,1,"B"
2013,"S25","C100","South","technical",20,-0.476,-1.161,14.8,9,"girl",-0.322,5,3,"majority_language",1,0,7.1,6.1,6.3,6.1,4.9,5,2,2,3.2,1,2,48,2,4,3,3,3,3,2,3,3,3,1,,2,4,2,3,1,2,1,4,3,2,3,3,,,,3,3,4,1,3,4,,5,4,3,4,5,4,2,3,2,5,4,3,,,5,,4,4,3,4,3,3,4,2,1,1,0,0,0,1,1,1,0,0,0,0,0.35,-1.116,34.9,43.3,1,1,1,0,0,"B"
2014,"S25","C100","South","technical",20,-0.476,-1.161,14.3,9,"boy",-0.623,2,4,"majority_language",0,0,5.9,,,6,6.1,8,,,5,6,1,38.1,2,2,,2,4,,,,,,,,,,,2,5,2,4,4,4,,,,,,,,,,,,,2,3,3,4,1,,,,,,,,,,,1,2,3,2,2,3,3,3,1,4,1,0,1,0,0,0,,0,0,0,,0,0.89,-0.303,51.9,54,1,1,1,1,1,"A"
2015,"S25","C100","South","technical",20,-0.476,-1.161,14.5,9,"girl",-0.172,1,4,"majority_language",0,0,6.8,,,4.9,6.5,8,,,6,2.5,4,51.8,2,3,3,3,4,,,,,,,,,,,2,3,3,2,3,2,,,,,,,,,,,,,,4,4,4,4,,,,,,,,,,,3,4,4,4,5,2,4,2,2,3,0,0,0,0,0,0,0,0,0,0,0,1,0.422,-3.255,26.7,26.7,1,1,1,1,1,"B"
2016,"S25","C100","South","technical",20,-0.476,-1.161,14.6,9,"girl",0.945,4,2,"majority_language",0,0,6.7,6.6,,6.5,5.9,2,4,,6.8,3.7,3,51.5,,4,,5,5,4,4,5,,,,,,,,4,4,2,3,5,2,4,3,3,2,2,3,,,,,,,2,5,2,3,3,2,2,2,5,2,,,,,,4,3,5,4,5,1,2,1,3,,1,1,1,1,1,0,0,0,0,0,0,0,0.663,1.921,50.8,47.3,1,1,1,0,1,"C"
2017,"S25","C100","South","technical",20,-0.476,-1.161,15.1,9,"girl",1.239,5,4,"majority_language",0,0,6.4,7.3,6.7,6.3,8.1,5,6,3,9.4,2.6,2,65,5,5,,5,4,3,3,4,,,4,4,3,3,4,1,2,1,1,1,3,3,4,3,,2,3,3,1,2,,,,4,1,1,3,3,2,3,4,4,3,3,3,3,2,2,3,4,4,3,4,3,2,3,1,2,1,1,1,1,1,0,1,0,0,1,0,0,0.907,0.294,62.2,53.5,1,1,1,0,0,"C"
2018,"S25","C100","South","technical",20,-0.476,-1.161,14.7,9,"boy",0.139,3,1,"majority_language",0,0,7,6.2,6.8,8.8,6,2,16,4,0.9,2.6,2,36.8,2,2,2,2,3,4,3,4,5,2,,4,5,5,5,4,2,1,3,4,3,3,,3,3,2,,4,4,,3,4,4,4,2,2,3,5,1,4,3,1,2,2,3,3,4,5,3,4,3,2,2,3,2,4,2,2,0,1,1,1,1,0,1,1,1,0,0,0,0.838,-0.386,41.7,54.9,0,1,1,0,0,"A"
2019,"S25","C100","South","technical",20,-0.476,-1.161,13.9,9,"another_or_no_answer",0.097,3,2,"majority_language",1,0,6.8,7.1,6.4,7.2,5.9,4,1,1,5,2,3,49,3,2,4,2,2,1,2,1,2,3,5,5,3,4,3,3,2,3,2,,2,2,,2,,,,2,3,2,2,3,1,3,2,3,3,2,3,2,2,3,,3,4,2,,,5,4,4,4,4,2,3,2,3,4,1,1,1,1,1,0,,0,0,0,0,0,0.716,-1.736,38.5,32.6,1,1,1,0,0,"B"
2020,"S25","C100","South","technical",20,-0.476,-1.161,14.8,9,"boy",-0.306,1,3,"majority_language",0,0,6.9,6.1,5.5,7.1,6.2,0,2,2,2,2,1,54,,3,4,2,2,3,4,4,5,3,3,2,3,5,,4,2,3,2,,4,4,3,4,,,,5,3,4,,5,4,2,3,2,2,4,2,3,3,1,4,1,4,2,,,5,4,3,5,5,2,3,4,2,4,1,0,0,0,0,0,1,0,0,0,0,0,0.77,0.944,39,54.5,1,1,1,0,0,"B"
2021,"S26","C101","North","vocational",21,-0.874,-0.006,15.9,10,"girl",0.993,5,2,"majority_language",0,1,6.1,5.7,6.3,7.7,7.1,0,5,9,8.9,2.7,3,46.2,4,3,3,4,5,4,2,2,4,,3,4,4,4,3,2,2,3,2,3,3,2,1,1,3,2,3,3,2,3,2,4,4,3,5,4,2,2,4,3,5,4,5,3,3,5,4,3,5,4,3,4,4,4,5,5,3,2,1,0,1,0,0,,0,0,0,0,0,1,0.769,0.901,58.1,58.4,1,1,0,0,0,"A"
2022,"S26","C101","North","vocational",21,-0.874,-0.006,15.8,10,"boy",1.142,5,4,"majority_language",0,0,6.4,,,7,6,3,,,5.9,1.2,4,42.4,5,3,3,3,5,,,,,,,,,,,1,3,1,1,2,2,,,,,,,,,,,,,5,3,3,3,3,,,,,,,,,,,2,3,5,5,5,4,3,4,3,3,1,0,0,1,1,0,0,0,1,0,0,0,0.5,-0.442,40.5,34.7,0,1,1,1,1,"C"
2023,"S26","C101","North","vocational",21,-0.874,-0.006,15.5,10,"boy",-0.068,2,3,"majority_language",0,0,6,5,,6.3,6.9,6,8,,5.4,3.4,2,48.5,,,3,3,2,4,4,2,2,3,,,,,,2,,2,1,3,3,3,,4,2,2,3,,,,,,,3,4,1,5,3,5,4,2,3,5,,,,,,4,3,2,4,2,2,2,2,2,,1,0,,1,1,1,1,1,1,1,0,0,0.626,1.374,47.9,67.2,1,1,1,0,1,"A"
2024,"S26","C101","North","vocational",21,-0.874,-0.006,15.2,10,"boy",-1.17,1,3,"majority_language",0,0,6.6,,,6.6,6.7,4,,,0.4,1.6,1,41.4,,2,3,3,,,,,,,,,,,,2,3,4,4,2,5,,,,,,,,,,,,,3,4,4,4,4,,,,,,,,,,,4,3,3,3,3,4,3,3,3,2,1,0,0,0,0,0,0,0,0,0,1,1,0.536,0.381,43.8,46.9,1,1,1,1,1,"B"
2025,"S26","C101","North","vocational",21,-0.874,-0.006,15.5,10,"girl",-0.052,2,2,"other_language",0,0,6.5,5.5,6.7,6.6,6.3,3,4,3,3.7,1.8,2,58,3,2,2,2,3,4,3,5,5,2,4,5,5,2,4,,4,2,3,3,3,1,2,,3,2,2,2,3,2,3,2,2,4,,1,3,3,3,,2,4,3,4,3,2,3,3,5,2,3,4,4,3,2,2,2,3,1,1,1,1,1,1,1,1,,0,1,1,0.609,-0.191,47.1,38.4,1,1,0,0,0,"A"
2026,"S26","C101","North","vocational",21,-0.874,-0.006,15.6,10,"boy",0.236,4,2,"majority_language",0,0,6.2,7,6.4,6.6,7.7,5,9,5,6.9,2.1,5,55.9,4,4,3,5,5,4,2,2,4,3,,4,,3,4,2,2,2,3,,1,2,3,3,,,,1,3,1,2,2,2,4,2,3,5,2,4,4,5,3,2,5,4,2,,,3,5,3,3,4,3,4,2,5,5,1,,0,1,1,0,1,0,1,0,0,0,0.569,-0.334,54,52.9,1,1,1,0,0,"B"
2027,"S26","C101","North","vocational",21,-0.874,-0.006,15.3,10,"boy",-0.08,3,4,"majority_language",0,0,7,7.9,8.5,6.8,6.2,5,4,2,5,2.3,3,50.3,5,4,5,5,4,5,5,5,4,5,5,5,5,5,,3,2,2,2,2,,3,3,2,,,,4,4,3,4,4,3,2,2,2,3,3,2,2,3,4,1,4,4,4,,,5,4,5,5,4,4,4,2,2,4,1,1,1,0,1,1,0,0,1,0,0,1,0.7,0.884,54,58.4,1,1,1,0,0,"B"
2028,"S26","C101","North","vocational",21,-0.874,-0.006,15.8,10,"girl",-1.074,,3,"majority_language",0,0,5.9,6.4,,6.9,8.1,0,6,,3.4,2.5,3,54.3,4,4,4,5,2,4,3,3,4,4,,,,,,4,4,2,4,2,4,3,4,2,2,2,2,,,,,,,3,3,4,3,3,4,2,1,2,2,,,,,,4,,3,4,4,2,2,4,3,5,0,0,1,0,0,0,0,1,0,0,0,0,,,,,1,0,1,0,1,"A"
2029,"S26","C101","North","vocational",21,-0.874,-0.006,15.6,10,"boy",0.185,4,2,"majority_language",0,0,6.3,5.6,5.1,8.7,6.4,2,0,0,4.9,1.6,3,45.6,4,,1,5,3,2,3,2,4,2,1,1,1,1,1,3,2,3,3,4,3,2,2,1,2,4,1,2,1,1,2,3,4,3,4,4,3,4,2,,1,1,4,3,2,3,2,3,5,,5,,4,5,5,3,2,3,0,1,0,1,1,1,0,1,1,0,0,0,0.732,0.888,59.5,71.3,1,1,0,0,0,"A"
2030,"S26","C101","North","vocational",21,-0.874,-0.006,16,10,"boy",0.831,5,5,"majority_language",0,0,7.1,7.1,7.1,6.7,7.6,2,0,2,5.6,3.4,2,55.2,2,5,3,3,3,4,2,2,3,5,4,3,5,3,3,1,2,1,2,2,3,1,1,3,2,1,3,1,2,1,2,1,1,5,5,5,5,5,5,4,5,4,4,4,5,4,4,5,4,5,5,5,3,3,3,4,5,3,1,0,0,1,1,0,0,1,0,1,0,0,0.769,-0.59,45.2,47.8,0,0,0,0,0,"A"
2031,"S26","C101","North","vocational",21,-0.874,-0.006,16,10,"girl",-0.877,1,3,"other_language",0,0,5.7,,,6.1,6.3,9,,,3.8,4,3,51.6,4,5,3,1,,,,,,,,,,,,3,3,4,4,2,4,,,,,,,,,,,,,2,2,2,1,2,,,,,,,,,,,2,3,2,3,2,4,2,1,3,,1,1,0,1,0,1,1,0,0,0,,0,0.721,-0.18,37.6,40.6,1,1,1,1,1,"A"
2032,"S26","C101","North","vocational",21,-0.874,-0.006,15.7,10,"girl",-0.234,3,2,"majority_language",0,0,6.9,6.6,6.6,7.5,7.1,0,7,0,9,1.2,2,49.3,4,5,5,5,5,2,5,5,4,5,2,4,2,3,3,1,2,2,3,2,1,1,3,4,2,2,2,1,3,1,2,3,3,5,5,5,5,3,2,2,5,4,2,4,4,5,4,4,5,5,4,3,,4,,3,5,4,1,1,0,1,1,0,1,1,1,1,1,1,0.637,-0.989,50.3,37.4,1,0,0,0,0,"A"
2033,"S26","C101","North","vocational",21,-0.874,-0.006,15.2,10,"boy",-1.35,1,1,"majority_language",0,1,4.9,,,5.8,6.3,7,,,0.5,1.4,1,26.1,3,1,1,2,1,,,,,,,,,,,5,3,,3,3,4,,,,,,,,,,,,,1,1,2,3,1,,,,,,,,,,,1,3,1,1,3,,,3,3,3,0,,0,0,0,0,0,0,0,0,0,0,,,,,1,1,1,1,1,"A"
2034,"S26","C101","North","vocational",21,-0.874,-0.006,15.6,10,"girl",-1.264,3,3,"majority_language",0,0,6.6,6.3,6.1,6.4,5.8,6,2,4,6.4,1.1,1,57.9,1,2,4,3,1,1,3,3,5,1,,2,2,3,2,4,,3,3,2,2,3,1,2,1,1,4,3,2,1,2,1,4,5,3,5,4,4,5,4,4,4,4,3,3,3,3,3,3,4,3,3,3,,3,2,3,5,1,1,1,1,1,1,0,1,0,0,,0,0.661,-0.2,45.5,35.7,1,0,1,0,0,"A"
2035,"S26","C101","North","vocational",21,-0.874,-0.006,15.2,10,"girl",-0.005,,2,"majority_language",0,0,7.1,6.8,,6.6,8.3,14,11,,8.5,3.8,5,49.1,5,5,5,5,5,5,4,3,,,,,,,,3,4,3,4,2,4,3,1,,2,1,,,,,,,,3,5,4,5,3,4,5,3,4,5,,,,,,5,5,5,5,5,4,4,,2,5,1,1,1,0,1,0,1,0,0,1,1,0,,,,,1,1,1,0,1,"C"
2036,"S26","C101","North","vocational",21,-0.874,-0.006,15.2,10,"girl",-0.23,2,2,"majority_language",0,0,5.7,5.9,5.6,6,6.4,4,21,5,5,1.4,2,44,3,3,,2,2,3,2,3,,,2,1,3,4,2,2,2,3,4,4,3,4,3,4,4,5,3,3,1,2,,,,4,2,4,3,5,3,2,3,2,2,3,2,4,2,2,3,4,2,2,2,4,,3,,3,1,0,1,0,1,1,0,1,0,0,0,,0.785,-1.274,47.1,59.3,1,1,1,0,0,"C"
2037,"S26","C101","North","vocational",21,-0.874,-0.006,15.3,10,"girl",0.169,4,3,"majority_language",0,0,6.7,,,7.1,7,3,,,3.8,4,3,39.1,5,4,4,5,3,,,,,,,,,,,2,2,3,3,3,3,,,,,,,,,,,,,1,3,4,2,4,,,,,,,,,,,3,,3,4,3,,2,2,2,3,1,0,1,1,0,,0,1,1,0,0,0,0.874,0.575,55.7,65,1,1,1,1,1,"C"
2038,"S26","C101","North","vocational",21,-0.874,-0.006,14.9,10,"boy",-0.059,3,1,"majority_language",0,0,6.4,6.3,,7.1,6.9,2,1,,5.7,2.9,5,59.6,5,4,5,5,5,4,5,4,3,4,,,,,,2,2,,1,3,3,2,2,2,,,,,,,,,,4,3,5,3,,5,4,4,2,3,,,,,,5,4,4,5,5,5,3,3,4,4,1,1,0,0,0,1,0,0,1,0,0,1,0.631,0.952,50.2,58.2,1,1,1,0,1,"B"
2039,"S26","C101","North","vocational",21,-0.874,-0.006,15.6,10,"boy",0.107,3,2,"majority_language",0,0,5.4,6.8,6.6,6.6,6.2,10,0,10,7.3,1.9,1,46.9,3,,3,4,3,,3,3,,,4,5,4,5,3,1,3,3,2,2,2,1,3,2,1,2,2,2,2,2,,,,3,4,4,,4,2,4,4,3,3,3,4,4,5,3,4,5,4,3,5,4,2,4,3,4,0,0,0,0,1,0,0,0,,0,0,0,,,,,1,1,1,0,0,"C"
2040,"S26","C101","North","vocational",21,-0.874,-0.006,15.2,10,"girl",0.28,5,2,"majority_language",0,0,6.4,6.4,,7,6.5,0,7,,4.8,1.7,3,47,3,3,5,4,3,1,2,1,,2,,,,,,2,1,1,,,1,1,2,2,2,3,2,,,,,,,2,2,2,2,4,2,4,3,4,3,,,,,,3,2,3,3,2,1,1,4,1,2,0,1,0,0,0,1,0,1,0,0,0,1,0.465,-1.199,38.1,45.2,1,1,1,0,1,"A"
2041,"S26","C101","North","vocational",21,-0.874,-0.006,15.2,10,"girl",0.045,3,5,"majority_language",0,0,6.2,6.2,5.9,6.8,7.9,9,4,7,5.8,6.6,3,42,4,3,5,3,3,5,4,5,2,5,,5,5,4,4,3,2,2,2,2,4,3,3,4,3,3,5,2,2,4,3,2,2,4,4,4,2,3,3,3,4,3,1,4,,3,3,2,3,4,2,2,4,5,4,3,2,3,1,0,,0,0,0,1,0,0,0,0,0,0.806,-1.342,31.9,49,1,0,1,0,0,"A"
2042,"S26","C102","North","vocational",15,-0.874,-0.264,18,12,"girl",0.382,4,4,"majority_language",0,0,7.2,6.7,7.2,7.5,6.2,1,2,5,5.7,2.9,4,53.7,4,4,5,3,5,3,5,4,,,5,4,4,4,5,3,1,3,3,2,2,3,2,1,2,1,1,3,1,2,,,,1,2,3,1,3,2,4,3,4,4,2,2,5,1,2,2,4,3,3,,3,3,3,2,4,1,1,1,1,0,1,1,,0,0,0,0,,,,,1,1,1,0,0,"C"
2043,"S26","C102","North","vocational",15,-0.874,-0.264,16.8,12,"girl",0.202,1,3,"other_language",0,0,7.3,6.8,6.4,7.1,7.4,2,0,3,6.6,1.8,2,38.6,5,5,5,5,,3,4,5,,,5,5,,4,,1,3,3,3,1,2,2,3,3,1,2,1,2,2,3,,,,2,3,2,4,3,3,4,3,3,2,5,3,4,4,3,3,3,4,2,4,3,3,4,4,3,1,0,1,1,0,0,0,1,1,0,1,0,0.916,0.199,69.4,61.1,1,1,1,0,0,"C"
2044,"S26","C102","North","vocational",15,-0.874,-0.264,17.4,12,"girl",-1.099,1,1,"majority_language",0,0,5.6,5.2,5.8,7.3,5.6,0,7,5,4.6,4.9,2,41.3,2,2,1,3,1,2,4,4,1,1,1,3,1,3,1,4,3,3,3,3,4,2,1,3,,,,3,4,3,2,2,1,4,5,3,3,,5,3,2,5,4,4,4,2,,,2,3,,4,3,4,5,5,4,4,1,1,0,1,0,1,0,0,0,0,0,0,0.651,-0.256,36.8,38,1,1,1,0,0,"B"
2045,"S26","C102","North","vocational",15,-0.874,-0.264,17.6,12,"girl",0.424,1,1,"majority_language",0,0,7.5,7,7.4,7.1,5.9,0,1,5,14.4,3,3,55.1,5,5,4,5,5,5,5,5,4,5,3,4,4,3,3,2,1,1,2,2,1,1,1,2,3,1,2,4,2,3,3,1,2,4,5,4,3,4,4,4,4,2,3,5,4,5,3,5,5,5,5,5,5,,3,3,4,3,1,1,1,1,1,0,1,1,0,0,0,0,0.882,0.116,62.6,54,1,0,0,0,0,"A"
2046,"S26","C102","North","vocational",15,-0.874,-0.264,17.1,12,"boy",-0.379,,1,"majority_language",0,0,6.2,6.9,6.6,5.2,7.6,0,3,9,5.7,2.2,2,47.4,4,2,2,2,2,1,4,2,3,4,4,4,4,5,3,4,4,3,2,3,,3,3,2,,,,,4,2,2,3,2,3,3,4,1,3,1,3,2,2,3,2,2,2,,,2,,4,4,3,3,3,2,2,4,0,1,0,1,,0,0,0,0,0,0,0,0.413,-0.565,42.9,28.7,1,1,1,0,0,"B"
2047,"S26","C102","North","vocational",15,-0.874,-0.264,17.6,12,"girl",-1.181,1,1,"other_language",1,0,6.9,,,6.5,6,0,,,7.8,1.8,3,54.6,3,5,3,5,4,,,,,,,,,,,1,1,2,2,1,2,,,,,,,,,,,,,3,2,2,5,2,,,,,,,,,,,3,2,3,2,4,4,4,4,3,4,0,1,1,1,1,0,0,0,0,0,0,0,0.756,1.153,62.5,40.4,0,1,1,1,1,"C"
2048,"S26","C102","North","vocational",15,-0.874,-0.264,17.6,12,"girl",-0.961,2,1,"majority_language",0,0,6.5,6.5,6.7,6.7,5.5,3,4,2,9.5,1.6,3,61.7,4,3,4,,5,5,,4,3,5,5,3,4,3,5,4,3,3,3,2,1,4,3,,,,,2,2,3,1,2,4,4,3,5,4,3,2,2,4,1,2,4,,4,,,5,5,4,4,4,4,5,4,5,5,1,0,0,0,0,0,0,0,0,0,0,0,0.755,-0.95,38.3,47.1,1,1,1,0,0,"B"
2049,"S26","C102","North","vocational",15,-0.874,-0.264,17.7,12,"girl",0.207,4,5,"majority_language",0,0,8.6,7.4,7.8,7.4,6.7,0,0,1,9.1,2.9,3,68.5,5,5,4,5,4,4,3,5,,,3,4,3,4,4,2,2,1,1,1,3,1,1,1,1,1,2,1,1,1,,,,3,4,2,3,4,2,4,4,5,5,3,4,4,4,2,5,4,4,5,5,4,5,5,5,5,1,1,1,0,1,1,1,1,0,0,1,1,0.638,0.543,39.4,49.3,0,1,1,0,0,"C"
2050,"S26","C102","North","vocational",15,-0.874,-0.264,17.5,12,"boy",0.379,3,2,"majority_language",0,0,7.5,6.8,6,7.7,6.5,2,3,5,4,2.6,2,53.7,5,2,3,2,5,5,1,2,,,3,4,3,3,2,3,1,2,3,4,,,1,2,1,1,2,3,3,2,,,,4,2,3,2,2,1,5,1,5,,4,,5,,4,3,3,2,4,2,4,,4,2,2,1,1,1,1,1,1,1,1,1,1,0,0,,,,,1,1,1,0,0,"C"
2051,"S26","C102","North","vocational",15,-0.874,-0.264,17.2,12,"boy",0.352,3,3,"majority_language",0,0,6.5,6.6,7.7,8.8,8.6,3,1,5,10.1,3.4,3,50.2,5,5,,3,4,2,4,5,,,3,2,1,2,1,1,1,1,2,2,2,3,2,3,3,3,2,3,3,1,,,,4,4,4,3,3,4,5,5,5,4,,5,4,4,4,3,2,3,2,4,3,4,3,3,2,1,1,0,1,0,0,1,0,0,0,0,0,0.758,1.234,52.8,63.3,1,1,1,0,0,"C"
2052,"S26","C102","North","vocational",15,-0.874,-0.264,17.9,12,"boy",0.566,5,2,"majority_language",0,0,5.6,6.1,7.2,7.2,6.2,5,5,0,4.9,1.7,1,53.3,3,2,2,2,1,4,3,4,4,2,2,2,4,3,2,2,2,1,3,1,2,3,2,1,,,,2,3,3,1,1,3,4,1,1,1,,1,2,3,2,3,3,2,1,,,3,3,4,2,5,3,2,2,3,,0,0,0,1,,1,1,0,,0,0,0,0.642,-0.637,48.4,46.9,1,1,1,0,0,"B"
2053,"S26","C102","North","vocational",15,-0.874,-0.264,18.1,12,"girl",0.494,4,3,"majority_language",0,0,6.4,,,6.8,6.8,3,,,7.3,3.4,4,41,2,5,,3,5,,,,,,,,,,,2,2,3,2,1,3,,,,,,,,,,,,,4,4,4,4,4,,,,,,,,,,,3,3,5,2,3,4,2,4,2,3,1,1,1,1,0,0,0,1,1,1,0,0,0.725,-1.006,51.9,50.9,1,1,1,1,1,"C"
2054,"S26","C102","North","vocational",15,-0.874,-0.264,17.6,12,"girl",0.247,4,4,"majority_language",0,1,6.4,6.6,,6.2,6.8,1,1,,5.3,1.8,4,52.4,4,3,2,5,4,4,2,4,2,3,,,,,,1,1,2,1,2,1,1,1,1,,,,,,,,,,4,5,5,5,5,4,3,4,4,3,,,,,,3,4,4,3,3,3,,3,5,4,1,1,0,0,0,0,0,0,0,1,0,0,0.833,0.578,45.7,67.3,1,1,1,0,1,"B"
2055,"S26","C102","North","vocational",15,-0.874,-0.264,17.3,12,"boy",-0.687,3,1,"majority_language",0,0,5.9,6.1,,6.7,6.7,4,6,,5.8,3,4,45.5,3,5,2,3,3,3,3,4,3,4,,,,,,2,2,3,1,1,4,3,2,1,,,,,,,,,,5,5,4,4,5,3,4,1,3,3,,,,,,3,2,4,5,2,3,2,4,2,2,0,0,1,1,,1,0,0,0,0,0,0,0.78,-0.561,46.7,29.4,1,1,1,0,1,"B"
2056,"S26","C102","North","vocational",15,-0.874,-0.264,17.6,12,"boy",0.3,4,4,"majority_language",0,0,7.1,7.6,,7,7.8,7,3,,5.8,1.5,2,50.8,4,5,4,,4,2,5,4,3,4,,,,,,1,1,2,1,3,1,2,2,3,,,,,,,,,,4,4,4,2,3,5,3,4,2,2,,,,,,4,4,5,5,5,4,2,4,2,3,1,1,0,0,0,1,0,0,0,1,0,,0.851,1.136,73.2,54.7,1,1,1,0,1,"B"
2057,"S26","C103","North","vocational",15,-0.874,-0.863,14.1,9,"girl",-0.034,2,2,"majority_language",0,0,6.2,,,7.6,5.7,11,,,3.1,2.8,2,57.6,2,3,4,4,,,,,,,,,,,,3,,2,,2,3,,,,,,,,,,,,,2,2,3,3,4,,,,,,,,,,,2,2,5,5,4,4,2,3,2,3,1,1,1,0,0,1,1,0,0,1,0,0,0.772,-0.204,38.8,48.3,1,1,1,1,1,"B"
2058,"S26","C103","North","vocational",15,-0.874,-0.863,14.9,9,"girl",1.388,5,5,"majority_language",0,0,7,7.1,6.7,8.1,6.2,1,2,0,6.3,1.7,2,57.6,5,5,4,3,5,3,4,4,,,4,4,3,4,5,2,1,1,1,1,1,2,2,3,1,3,3,2,1,1,,,,3,5,4,2,3,5,4,5,3,4,3,3,3,3,4,4,4,4,3,4,5,3,4,3,2,1,1,0,1,1,1,0,0,1,0,0,0,0.509,0.787,46.7,50.1,0,1,1,0,0,"C"
2059,"S26","C103","North","vocational",15,-0.874,-0.863,14.9,9,"girl",0.03,2,2,"majority_language",0,0,6.9,7.6,7.8,7.2,6.7,4,0,0,7.1,5.7,3,44,2,,3,4,,2,3,2,4,1,3,3,4,5,4,3,3,3,1,3,2,2,3,3,,,,2,3,5,3,2,3,4,4,2,5,4,4,1,2,3,2,5,3,2,,,5,4,4,5,3,3,3,3,1,1,1,,1,1,1,0,1,1,,1,1,0,,,,,1,1,1,0,0,"B"
2060,"S26","C103","North","vocational",15,-0.874,-0.863,14.8,9,"girl",-0.883,1,2,"majority_language",1,0,6.6,6.5,6.3,7.9,6.8,0,2,2,5.3,5.6,1,57,3,2,4,3,5,5,5,3,3,4,4,4,4,2,4,3,3,3,3,2,3,3,2,4,4,2,3,2,2,3,2,2,5,3,5,4,3,2,4,4,,5,,4,3,2,3,3,3,4,4,3,5,4,3,2,3,4,1,1,1,0,1,1,1,1,,0,1,0,0.848,0.711,42.1,38,1,1,0,0,0,"A"
2061,"S26","C103","North","vocational",15,-0.874,-0.863,14.2,9,"boy",-0.415,3,1,"majority_language",1,0,5.9,6.8,6.6,7.1,6.9,5,0,5,4.7,2.8,2,45,5,5,5,3,2,3,3,,1,3,3,,2,2,4,1,2,2,1,3,2,2,3,2,3,3,3,1,3,4,2,2,2,5,5,4,5,4,4,4,,4,4,4,3,4,3,3,5,3,5,5,3,4,3,2,2,3,1,1,1,1,1,0,0,0,0,1,0,1,0.816,0.073,49.3,61.2,0,1,1,0,0,"A"
2062,"S26","C103","North","vocational",15,-0.874,-0.863,14.1,9,"girl",-0.9,3,1,"majority_language",0,0,6.8,7.1,6.9,7.7,7.3,3,2,2,6.5,2.4,1,46.1,4,4,3,4,2,,3,4,,,3,3,3,2,5,3,3,,3,4,2,3,4,4,4,3,3,3,4,3,,,,1,1,2,2,3,2,,3,1,3,1,3,2,,3,2,4,3,4,4,2,3,,2,2,1,1,1,,0,1,0,0,0,,1,0,0.714,-0.574,47.3,55.1,1,1,1,0,0,"C"
2063,"S26","C103","North","vocational",15,-0.874,-0.863,14.2,9,"girl",-0.411,2,2,"majority_language",0,0,7.2,7.8,7.5,6.6,6.1,4,3,20,7.2,2,2,49.8,4,4,3,5,4,,2,3,,,3,4,2,2,4,2,3,2,1,1,2,3,5,,2,4,1,4,4,,,,,1,3,1,2,3,,3,2,1,2,1,2,3,,2,3,3,3,5,4,2,3,3,3,3,1,1,1,1,0,0,0,0,1,0,0,0,0.844,-1.454,39.9,56.6,0,1,1,0,0,"C"
2064,"S26","C103","North","vocational",15,-0.874,-0.863,14.5,9,"girl",-0.023,3,2,"majority_language",0,0,6.6,6.8,7.2,6.8,7.3,3,4,4,3.6,4.1,2,46.9,3,3,3,5,4,4,3,3,3,3,3,2,3,3,1,2,1,2,2,1,4,1,3,4,,,,3,4,2,3,3,2,3,4,4,3,4,4,4,5,1,5,4,4,3,,,3,3,4,1,2,5,3,4,4,4,1,1,1,1,1,1,0,0,1,1,0,0,0.764,0.302,56.2,54.3,0,1,1,0,0,"B"
2065,"S26","C103","North","vocational",15,-0.874,-0.863,14.9,9,"girl",-0.441,3,3,"majority_language",0,0,7.5,6.5,7,6.8,7.3,1,4,0,4.6,3.6,3,55.9,3,3,5,2,5,4,3,3,1,3,5,2,4,2,,3,4,2,2,2,3,1,1,2,,,,1,1,2,3,2,1,4,5,3,4,5,2,5,2,4,2,4,4,4,,,3,5,,3,3,3,3,4,4,,1,1,1,0,0,0,0,1,0,0,0,0,0.896,1.337,55.4,47.7,1,1,1,0,0,"B"
2066,"S26","C103","North","vocational",15,-0.874,-0.863,14.5,9,"girl",0.186,3,3,"majority_language",0,0,6.2,6.3,5.9,6.8,5.1,5,3,9,4.1,4.1,3,38.2,2,2,3,4,3,2,2,5,3,2,2,2,2,2,3,2,2,3,3,4,2,1,1,2,2,3,1,2,2,4,2,3,3,4,2,1,3,3,4,3,3,3,,2,4,3,2,1,2,3,2,4,3,1,2,1,3,3,1,0,1,1,1,1,0,0,0,0,0,0,0.656,-2.327,30.3,40.4,0,1,0,0,0,"A"
2067,"S26","C103","North","vocational",15,-0.874,-0.863,14.1,9,"girl",-1.53,1,1,"majority_language",0,0,5.3,5,4.7,6.3,5.4,8,5,3,1.2,3,1,39.6,2,,3,2,4,,2,2,,,,2,4,3,3,5,3,5,2,3,3,4,5,3,3,1,3,3,2,2,,,,3,2,2,2,2,1,4,1,2,2,4,5,3,4,4,1,2,2,1,1,1,2,3,2,2,1,1,1,1,0,0,0,0,0,0,0,0,0.64,-1.416,29.3,39.7,1,1,1,0,0,"C"
2068,"S26","C103","North","vocational",15,-0.874,-0.863,14.3,9,"girl",-0.428,3,4,"majority_language",0,0,7.3,7.2,7.3,7.8,7.7,0,3,3,8.7,3.4,5,56.7,4,4,5,5,5,3,4,5,,,2,,5,4,2,2,3,1,3,2,1,,,2,2,2,2,2,3,2,,,,2,4,4,2,2,1,2,2,2,2,3,2,1,1,2,5,5,3,5,5,3,1,1,2,,1,1,,1,1,0,1,0,0,1,1,1,0.847,0.379,41.7,56.9,1,1,1,0,0,"C"
2069,"S26","C103","North","vocational",15,-0.874,-0.863,14.8,9,"girl",-0.784,4,1,"other_language",1,0,7.1,7.8,7.3,6.6,6.9,5,12,5,9.7,0.8,4,57.9,3,5,4,3,4,3,4,4,5,4,1,3,3,1,1,,3,1,2,1,2,3,3,4,2,1,4,1,2,4,2,3,3,2,2,3,2,2,1,4,3,3,4,2,3,4,,2,3,5,4,3,4,3,3,5,4,3,1,0,1,1,0,0,1,0,1,0,1,0,0.707,0.1,37.3,35.1,1,0,1,0,0,"A"
2070,"S26","C103","North","vocational",15,-0.874,-0.863,15.3,9,"girl",0.561,3,5,"majority_language",0,0,8.3,7.4,7.3,8.1,5.9,0,5,7,7.9,1.3,4,50.4,4,3,4,4,5,4,3,5,2,3,5,5,4,5,5,1,1,3,2,3,1,2,4,1,2,1,1,2,3,2,1,3,1,3,4,3,2,4,2,3,4,3,4,3,2,2,4,3,2,3,3,2,4,,3,3,3,2,1,0,1,1,0,0,1,0,0,0,1,0,0.891,1.474,46.7,50.5,1,0,0,0,0,"A"
2071,"S26","C103","North","vocational",15,-0.874,-0.863,14.6,9,"boy",-0.565,4,4,"majority_language",1,0,6.6,7.9,,7.5,7.4,12,5,,8.7,1.2,3,41.4,3,4,5,4,2,4,3,4,,,,,,,,2,,3,3,5,3,1,1,3,2,,2,,,,,,,2,3,3,3,1,3,3,2,4,4,,,,,,3,4,4,4,5,4,5,2,,3,1,1,1,1,0,1,1,0,0,,0,0,0.749,-1.126,49.2,49.5,1,1,1,0,1,"C"
2072,"S26","C104","North","vocational",21,-0.874,-1.489,16.4,11,"boy",-0.816,3,2,"other_language",1,0,6.9,6.8,7,6.6,6,9,11,2,3.9,6.6,1,50.6,4,4,2,2,1,5,4,4,2,3,3,2,4,5,,4,,5,3,4,3,4,5,3,4,4,3,1,2,2,1,3,1,4,3,,4,1,4,4,3,2,1,1,3,1,3,1,1,1,2,1,1,2,3,1,3,3,1,0,0,1,1,1,1,1,1,0,0,0,0.768,0.586,72,58.3,1,0,1,0,0,"A"
2073,"S26","C104","North","vocational",21,-0.874,-1.489,16.5,11,"girl",-1.343,2,,"majority_language",0,0,6.3,7,,6.6,6.9,12,2,,1.6,1.9,2,48,,3,5,3,4,4,4,4,,3,,,,,,3,3,1,2,5,,3,1,2,,,,,,,,,,3,1,2,3,3,2,3,3,2,2,,,,,,4,4,3,2,2,2,3,,,1,0,1,1,,0,1,1,0,1,0,0,0,0.73,0.148,43.1,50.1,1,1,1,0,1,"B"
2074,"S26","C104","North","vocational",21,-0.874,-1.489,17.2,11,"boy",-0.037,4,3,"majority_language",0,0,7,6.2,6.9,8.1,5.7,1,0,2,4.4,2.9,1,42.4,2,4,,3,4,3,4,1,4,1,1,2,1,2,2,5,4,3,5,2,3,1,3,2,3,2,3,3,2,3,2,4,4,5,4,3,4,3,3,1,3,2,2,2,1,1,1,2,2,2,3,1,4,3,2,2,1,2,1,1,1,1,1,0,,1,1,1,0,0,0.835,-0.874,47.6,53.9,1,0,0,0,0,"A"
2075,"S26","C104","North","vocational",21,-0.874,-1.489,17.1,11,"girl",-0.904,1,1,"majority_language",0,0,6.3,7.3,5.9,6,7.1,20,14,2,5.5,3,2,50.8,4,3,4,5,5,4,4,3,5,5,3,4,3,4,5,3,2,1,2,3,1,2,,,,,,3,3,3,4,4,,3,2,2,,1,1,1,,2,,1,2,2,,,3,2,3,5,,1,2,1,3,2,1,1,1,1,1,1,1,1,0,1,0,1,,,,,1,1,1,0,0,"B"
2076,"S26","C104","North","vocational",21,-0.874,-1.489,16.7,11,"girl",-0.059,3,2,"other_language",0,0,6.9,,,7.7,6.4,5,,,6.1,1.8,1,43.3,3,5,5,4,5,,,,,,,,,,,2,3,2,3,2,3,,,,,,,,,,,,,4,4,2,3,3,,,,,,,,,,,4,2,4,3,3,4,3,3,5,3,1,1,1,1,0,1,1,1,0,0,0,1,0.865,1.105,38.6,58.4,0,1,1,1,1,"A"
2077,"S26","C104","North","vocational",21,-0.874,-1.489,16.1,11,"girl",-0.69,,1,"majority_language",0,0,6.6,6.5,7.2,6.7,5.8,14,6,2,4.6,6.3,2,50.1,3,4,4,2,2,2,3,3,3,2,3,3,2,2,3,4,2,3,3,4,3,5,,5,,,,5,4,4,3,,3,1,3,1,1,2,2,3,1,2,3,4,3,2,,,3,3,4,4,2,5,,2,3,4,1,1,0,1,1,0,0,0,0,0,0,0,0.76,-1.808,52.3,49.7,1,1,1,0,0,"B"
2078,"S26","C104","North","vocational",21,-0.874,-1.489,17.2,11,"girl",0.897,4,4,"majority_language",0,0,7,7.1,7.7,7.3,6.5,14,1,8,3.4,2.4,1,40.2,,4,2,2,3,3,4,5,2,,4,3,3,2,4,2,2,3,2,3,3,4,4,4,,,,3,4,2,2,,4,3,3,3,2,1,4,3,1,2,3,3,3,,,,3,2,3,2,,4,4,3,2,3,0,1,0,0,1,1,1,0,1,0,0,1,0.832,1.687,47.1,63.3,1,1,1,0,0,"B"
2079,"S26","C104","North","vocational",21,-0.874,-1.489,16.8,11,"girl",-2.083,1,1,"majority_language",0,0,5,,,6.1,5.9,5,,,2.4,6,1,36.6,,2,4,3,3,,,,,,,,,,,3,4,4,4,4,4,,,,,,,,,,,,,1,3,2,,3,,,,,,,,,,,2,2,2,,2,1,2,2,1,2,1,0,1,1,0,0,1,0,0,0,0,0,0.736,-0.093,42.7,50.2,1,1,1,1,1,"A"
2080,"S26","C104","North","vocational",21,-0.874,-1.489,16.2,11,"boy",0.151,4,1,"majority_language",0,0,6.3,6.5,,7.7,6.2,2,6,,5.8,2.8,4,40.7,,3,4,3,4,3,3,,,,,,,,,2,3,5,5,3,3,3,3,4,3,3,2,,,,,,,2,3,1,3,1,,2,2,3,3,,,,,,3,4,5,1,3,3,1,3,1,1,0,1,1,,1,0,0,1,0,0,0,0,0.926,0.151,58.8,71.9,1,1,1,0,1,"C"
2081,"S26","C104","North","vocational",21,-0.874,-1.489,16.7,11,"girl",-1.247,1,1,"majority_language",0,1,5.3,5.4,6.2,6.6,5.9,12,10,6,2.6,4.2,2,46.8,2,2,2,3,3,3,4,2,4,2,4,2,2,4,4,1,1,3,1,1,1,1,2,3,,,,3,3,3,4,5,3,5,4,4,3,3,4,3,3,4,2,3,3,3,,,2,3,2,3,2,2,3,3,3,,0,0,0,0,0,0,0,0,0,0,1,0,0.447,-2.741,22.8,20,1,1,1,0,0,"B"
2082,"S26","C104","North","vocational",21,-0.874,-1.489,16.2,11,"boy",0.31,2,2,"majority_language",0,0,8.3,7.6,7.2,7.9,8.5,0,0,1,4.7,2.6,1,39.4,1,4,4,3,3,3,3,3,,,2,4,3,3,1,2,1,2,2,1,2,2,3,2,2,1,4,1,3,3,,,,4,3,5,3,3,3,4,1,4,3,5,3,3,2,5,3,4,3,3,3,2,3,3,3,2,0,1,1,0,1,0,0,1,0,0,0,0,0.866,0.09,66.8,55.9,0,1,1,0,0,"C"
2083,"S26","C104","North","vocational",21,-0.874,-1.489,16,11,"girl",0.212,4,2,"majority_language",1,0,7.2,7,6.2,6.3,7.2,1,2,13,4.4,2.6,3,40.5,4,2,3,2,4,4,5,5,,,2,4,3,3,2,2,2,4,3,4,1,4,2,4,5,5,3,4,4,3,,,,3,5,3,4,4,3,4,3,3,2,3,3,2,2,5,3,5,3,4,3,3,1,4,3,4,,0,1,,1,1,0,0,1,0,0,0,0.678,0.302,40.7,50.3,1,1,1,0,0,"C"
2084,"S26","C104","North","vocational",21,-0.874,-1.489,16.2,11,"boy",0.279,3,5,"majority_language",0,0,5.4,,,7.4,7.5,13,,,6.5,3.5,2,50.3,3,3,4,4,,,,,,,,,,,,3,3,4,3,4,3,,,,,,,,,,,,,,4,2,4,3,,,,,,,,,,,4,2,5,4,4,2,2,3,3,3,1,1,1,0,0,,0,0,0,0,1,0,,,,,1,1,1,1,1,"B"
2085,"S26","C104","North","vocational",21,-0.874,-1.489,16.4,11,"boy",-0.405,2,1,"other_language",0,0,6.1,6.4,,5.3,6.5,8,27,,0,7.1,1,39.4,3,3,2,3,2,3,5,3,4,2,,,,,,4,3,4,3,5,3,3,3,3,,,,,,,,,,2,1,1,2,1,1,1,1,1,1,,,,,,3,,4,5,1,1,1,2,,1,1,0,0,1,1,0,0,0,0,1,0,0,0.572,-1.77,44.1,44.9,1,1,1,0,1,"B"
2086,"S26","C104","North","vocational",21,-0.874,-1.489,16.6,11,"boy",0.241,2,5,"majority_language",0,1,6.8,,,7.4,7.5,4,,,6.2,3.9,3,54.9,5,5,5,4,5,,,,,,,,,,,3,1,4,4,3,3,,,,,,,,,,,,,1,1,1,1,2,,,,,,,,,,,4,5,5,5,2,1,2,3,2,2,1,1,1,,1,1,1,1,1,0,1,0,0.916,1.867,59,63.7,1,1,1,1,1,"A"
2087,"S26","C104","North","vocational",21,-0.874,-1.489,16.8,11,"girl",-1.336,1,2,"majority_language",1,0,6.2,7.1,6.5,7.2,7.9,11,10,1,4.8,1.6,3,34.5,3,,,2,2,3,4,3,,,5,4,5,4,,,,3,3,2,4,2,2,2,2,2,3,1,2,4,,,,2,2,2,2,4,3,4,3,4,4,5,3,4,,3,2,4,2,2,4,2,3,3,3,1,1,0,1,1,0,0,0,0,0,0,0,0,0.846,-0.885,56.3,48.5,1,1,1,0,0,"C"
2088,"S26","C104","North","vocational",21,-0.874,-1.489,16.4,11,"boy",1.21,5,5,"majority_language",0,0,8.8,7.4,8.1,8.5,8.3,3,5,1,8.9,1.9,4,51.5,3,4,4,4,5,5,2,3,3,5,5,5,5,5,5,,2,1,3,2,3,1,1,1,1,1,1,1,2,3,2,2,2,,4,2,3,4,3,1,2,2,5,1,3,3,,2,3,2,4,2,4,3,3,3,3,2,1,1,1,1,1,1,1,0,0,1,0,0,0.91,2.288,73.9,64.9,1,0,1,0,0,"A"
2089,"S26","C104","North","vocational",21,-0.874,-1.489,15.8,11,"boy",-0.391,4,3,"majority_language",0,0,6.9,,,6.6,5.8,0,,,4.8,3.4,4,48.5,3,3,4,5,3,,,,,,,,,,,2,2,,3,3,1,,,,,,,,,,,,,5,3,3,4,,,,,,,,,,,,3,3,4,3,5,3,2,2,3,2,1,1,0,1,1,1,1,0,0,0,0,0,0.822,0.725,45,45,1,1,1,1,1,"A"
2090,"S26","C104","North","vocational",21,-0.874,-1.489,16.2,11,"boy",-1.29,1,3,"majority_language",0,1,7,7,,6.7,5.4,4,5,,3.1,3.5,2,51.2,3,4,4,3,2,5,4,4,,,,,,,,2,1,3,3,1,2,1,3,3,2,3,,,,,,,,4,4,4,4,4,4,3,4,5,5,,,,,,1,1,2,3,3,2,3,4,2,4,1,1,0,1,0,,1,0,0,0,0,0,0.743,-0.726,32.2,41.8,1,1,1,0,1,"C"
2091,"S26","C104","North","vocational",21,-0.874,-1.489,16.8,11,"boy",0.459,3,4,"majority_language",0,0,6.6,6.3,6.9,7.4,4.4,3,4,7,7.4,4.1,1,49.8,5,2,3,2,4,,3,3,1,3,5,5,4,3,5,4,,4,5,4,2,3,3,2,2,2,3,3,4,3,3,,2,2,1,3,4,2,2,3,1,4,4,2,3,3,2,2,,4,3,5,,4,3,4,2,4,1,1,,1,,0,1,0,1,0,0,0,0.963,1.173,76,60.2,1,1,1,0,0,"A"
2092,"S26","C104","North","vocational",21,-0.874,-1.489,16.4,11,"boy",-0.559,1,2,"majority_language",0,0,7.5,,,7.3,5.6,7,,,7.1,0.8,2,42.1,3,2,3,3,4,,,,,,,,,,,1,2,2,2,1,3,,,,,,,,,,,,,4,3,2,2,4,,,,,,,,,,,3,3,2,,3,2,1,1,1,1,1,1,0,0,0,1,0,,1,1,0,0,0.856,-0.702,59.1,57.5,1,1,1,1,1,"B"
2093,"S27","C105","South","vocational",13,-0.624,0.112,14.7,9,"boy",1.085,5,4,"other_language",0,0,6.8,5.9,6,8.4,8.1,1,2,5,4.8,3.7,3,43.3,3,3,,5,2,3,3,4,4,2,4,4,,5,1,4,3,4,4,3,5,3,1,1,3,3,1,1,3,3,2,2,2,4,2,3,4,,1,2,4,2,1,3,5,5,4,2,2,3,2,3,4,2,5,3,3,4,1,1,0,0,0,0,0,0,0,0,0,0,0.848,0.061,57.3,55.5,1,0,1,0,0,"A"
2094,"S27","C105","South","vocational",13,-0.624,0.112,14.9,9,"boy",0.173,3,1,"majority_language",0,0,5.8,6.7,7.2,6.6,7.1,6,2,0,2.6,2.1,3,45.1,3,5,2,1,1,4,4,2,4,1,4,5,3,4,4,3,2,2,4,2,3,1,2,2,,,,2,2,1,1,2,1,3,4,2,5,5,4,5,5,4,3,3,5,3,,,,5,3,3,3,3,3,,4,4,1,1,1,0,1,0,1,0,0,0,0,0,0.711,0.72,45.9,57.8,1,1,1,0,0,"B"
2095,"S27","C105","South","vocational",13,-0.624,0.112,14.7,9,"boy",0.029,3,5,"majority_language",0,0,8.3,7.9,7.7,7.8,7.7,0,1,1,8.9,3.9,3,52.2,5,4,3,5,5,4,3,4,,,4,1,2,4,4,2,3,2,2,,4,1,3,3,1,1,2,1,2,2,,,,4,5,5,4,2,4,4,5,5,3,5,5,5,4,4,5,5,,4,5,5,5,,5,4,1,1,1,1,1,1,1,1,1,1,0,1,0.828,-1.402,52.5,36.8,1,1,1,0,0,"C"
2096,"S27","C105","South","vocational",13,-0.624,0.112,14.4,9,"boy",-0.67,1,2,"majority_language",0,0,6.9,6.7,6.7,7.4,6.2,4,0,1,1.8,3.2,3,56,3,2,,3,3,2,3,4,2,3,1,2,,2,,2,2,1,1,2,4,3,2,1,2,3,2,,2,2,,3,3,5,5,4,5,4,5,5,4,5,5,5,4,,5,3,3,2,5,5,2,5,5,4,4,5,0,1,0,0,0,0,0,0,0,0,0,0,,,,,1,0,1,0,0,"A"
2097,"S27","C105","South","vocational",13,-0.624,0.112,15.2,9,"boy",-1.092,3,1,"majority_language",0,0,5.5,,,7,6.3,4,,,2.8,9.2,1,30.3,2,2,3,2,,,,,,,,,,,,2,2,3,2,4,2,,,,,,,,,,,,,4,,3,3,4,,,,,,,,,,,1,3,4,2,3,2,2,3,4,,1,1,0,1,1,0,,0,0,1,0,0,0.899,2.007,45.4,58.5,1,1,1,1,1,"C"
2098,"S27","C105","South","vocational",13,-0.624,0.112,14,9,"girl",0.561,4,4,"majority_language",0,0,8.1,7.6,7.9,6.9,6.1,3,1,0,7.2,2.2,3,61.1,4,5,5,3,4,5,5,5,4,5,5,5,4,4,5,1,1,1,1,1,1,1,1,3,,,,1,1,3,1,2,2,3,3,3,3,4,,4,5,5,4,4,3,4,,,2,2,3,3,2,2,3,2,3,2,1,1,0,1,1,1,0,1,0,1,0,1,,,,,1,1,1,0,0,"B"
2099,"S27","C105","South","vocational",13,-0.624,0.112,14.1,9,"boy",0.26,1,3,"majority_language",0,0,7.6,9,9.1,6.8,7.4,1,1,0,5,1.9,5,65.9,5,4,5,5,5,5,5,5,5,4,4,5,4,5,4,1,,1,2,1,1,,1,1,1,1,1,1,1,1,1,1,1,2,3,3,4,5,5,4,2,5,4,5,4,3,5,4,3,4,4,5,2,3,5,,3,4,1,1,1,1,1,0,1,1,0,0,1,0,0.803,0.45,45.7,35.5,1,1,0,0,0,"A"
2100,"S27","C105","South","vocational",13,-0.624,0.112,14.9,9,"boy",-0.981,2,3,"majority_language",1,0,6,6.3,,6.5,7,10,2,,5.5,2.7,3,39.7,2,2,4,3,4,3,,3,,,,,,,,3,5,1,3,,3,3,5,2,2,,4,,,,,,,2,4,4,2,2,2,4,3,2,,,,,,,2,,2,,,2,2,3,2,2,1,0,1,1,,1,0,0,0,0,0,0,0.755,1.255,56.6,49.9,1,1,1,0,1,"C"
2101,"S27","C105","South","vocational",13,-0.624,0.112,14.5,9,"boy",-0.548,,2,"majority_language",0,0,6.6,6.5,6.4,6.8,5.9,4,6,11,8.4,1.7,5,42.5,4,3,2,3,4,5,4,4,5,5,,,5,4,3,2,1,2,1,3,3,2,2,2,3,2,3,3,3,3,3,3,3,5,5,5,5,4,5,3,3,2,5,5,3,5,3,5,4,4,4,3,3,5,5,5,5,5,1,1,0,0,0,0,1,0,0,0,0,0,0.864,0.352,65.3,49.7,0,0,1,0,0,"A"
2102,"S27","C105","South","vocational",13,-0.624,0.112,14.5,9,"girl",-0.923,4,1,"other_language",0,0,7.1,7.2,7.3,6.8,6.6,1,2,5,5.4,2.1,5,53.5,4,3,5,5,4,5,5,5,,,4,4,5,5,3,1,1,2,2,1,1,3,2,3,1,1,4,4,,,,,,4,4,4,5,5,4,4,5,5,5,4,5,5,5,5,3,3,4,4,5,5,3,4,3,3,1,1,1,,0,1,1,0,0,1,1,0,0.846,-0.301,44.9,49,1,1,1,0,0,"C"
2103,"S27","C105","South","vocational",13,-0.624,0.112,14.9,9,"girl",-0.535,2,2,"majority_language",0,0,6.5,6.9,6.7,6.2,6.2,3,1,5,3.7,1.7,2,46.1,2,2,2,3,1,2,2,2,2,2,3,3,1,3,3,2,3,4,2,1,4,3,4,2,3,5,2,2,3,3,4,4,3,3,4,,4,3,4,4,,3,,4,4,4,5,3,2,5,4,4,3,3,,3,3,4,0,1,1,0,1,0,0,0,0,1,0,0,0.66,-1.071,50.5,54.7,1,1,0,0,0,"A"
2104,"S27","C105","South","vocational",13,-0.624,0.112,14.4,9,"girl",0.54,4,5,"majority_language",0,1,7.1,6.1,5.4,6.6,6.2,1,5,9,5.3,4.4,2,39.2,2,3,2,4,2,4,4,1,3,4,2,2,2,3,3,2,1,1,2,3,2,3,,2,,,,1,3,3,3,4,3,5,4,4,2,3,4,5,5,3,2,5,5,5,,,2,4,3,3,4,,5,2,3,4,1,1,0,1,0,0,0,0,1,0,0,0,0.654,-0.644,46.1,60.5,1,1,1,0,0,"B"
2105,"S27","C105","South","vocational",13,-0.624,0.112,14.9,9,"girl",0.227,3,4,"majority_language",0,0,6.9,7.4,6.4,6.4,6.2,11,1,2,5,7.7,4,43.6,4,5,5,5,3,4,4,5,3,3,4,3,4,2,3,2,3,1,4,1,2,3,2,2,,,,2,2,1,2,,2,3,5,2,2,4,4,5,3,4,3,,5,3,,,,4,4,,4,4,5,5,5,5,1,1,1,1,1,1,0,1,0,1,0,0,0.611,-2.094,31.1,36.7,1,1,1,0,0,"B"
2106,"S27","C106","South","vocational",12,-0.624,-0.305,17.4,12,"boy",-0.582,2,2,"majority_language",0,0,5.6,,,6.6,5.6,4,,,2.9,2.6,2,39.5,2,1,3,2,3,,,,,,,,,,,5,5,4,5,3,2,,,,,,,,,,,,,4,1,,3,4,,,,,,,,,,,3,2,4,3,4,4,3,2,5,3,1,1,0,0,0,0,0,0,,0,0,,0.528,-0.686,34.2,40.4,1,1,1,1,1,"A"
2107,"S27","C106","South","vocational",12,-0.624,-0.305,17,12,"boy",-0.515,3,2,"majority_language",0,0,7.1,,,6.6,7.1,9,,,4.5,2.5,3,46,5,2,5,4,2,,,,,,,,,,,2,1,2,4,3,1,,,,,,,,,,,,,3,5,5,4,3,,,,,,,,,,,4,3,5,3,4,2,3,2,2,3,0,1,0,1,0,0,0,0,0,0,0,1,,,,,1,1,1,1,1,"A"
2108,"S27","C106","South","vocational",12,-0.624,-0.305,17.6,12,"boy",-0.05,4,3,"majority_language",0,0,6.8,7.4,7.6,8.4,7.6,3,1,0,7.1,3.7,2,48.6,5,3,5,3,5,4,5,5,4,4,4,5,4,5,5,2,3,2,4,3,3,2,2,3,2,2,3,1,1,1,2,1,2,3,2,,2,3,3,2,3,4,3,5,4,3,5,4,5,5,5,5,5,3,3,3,4,2,1,1,1,1,1,1,1,0,0,1,1,0,0.78,-0.336,58,46.9,1,0,0,0,0,"A"
2109,"S27","C106","South","vocational",12,-0.624,-0.305,17.5,12,"girl",-0.221,3,5,"majority_language",1,0,7.6,,,8.5,6.3,7,,,7.2,5.5,2,43.2,5,4,3,2,4,,,,,,,,,,,3,3,1,2,2,2,,,,,,,,,,,,,2,3,4,3,5,,,,,,,,,,,2,3,1,2,2,5,2,3,4,3,1,0,0,1,0,1,0,1,0,0,0,1,0.614,-0.772,61.6,48.1,0,1,1,1,1,"A"
2110,"S27","C106","South","vocational",12,-0.624,-0.305,17.1,12,"boy",0.203,3,3,"majority_language",0,0,7.2,7.4,6.5,7.7,7.8,1,5,5,8.2,1,3,61.4,4,2,2,5,3,3,2,3,5,3,5,2,2,3,4,1,2,2,1,1,1,1,1,2,,,,2,2,2,3,3,2,3,4,4,3,,4,5,3,5,4,4,5,,,,2,2,3,5,3,2,2,3,3,3,1,1,1,1,0,1,1,0,1,0,1,0,0.8,0.425,59.6,51.8,1,1,1,0,0,"B"
2111,"S27","C106","South","vocational",12,-0.624,-0.305,17.7,12,"girl",-0.424,4,1,"majority_language",0,0,7,7.1,6.6,6.7,7.6,15,4,4,3.7,4.4,3,51,4,4,4,3,4,4,4,4,2,4,4,,3,4,5,2,3,4,,4,4,1,2,,1,1,3,2,2,2,1,3,1,3,4,3,4,5,5,3,,5,5,5,4,4,5,5,,4,3,3,,4,4,,4,,0,1,0,1,1,0,0,1,0,0,0,0,0.829,1.234,56.3,53.9,1,1,1,0,0,"A"
2112,"S27","C106","South","vocational",12,-0.624,-0.305,17.3,12,"boy",0.442,2,5,"majority_language",0,0,6.8,6.8,7.4,7.4,5.9,6,2,11,5.3,3.1,1,48.9,2,4,1,3,4,5,4,4,,,5,5,,5,5,2,4,3,3,2,3,4,3,2,2,2,1,,3,2,,,,2,3,,3,3,3,3,5,4,2,4,4,2,4,3,4,3,4,4,4,3,3,3,3,3,0,1,1,1,1,1,1,,0,0,1,1,0.524,-0.305,63.4,49,1,1,1,0,0,"C"
2113,"S27","C106","South","vocational",12,-0.624,-0.305,17.2,12,"girl",0.65,5,4,"majority_language",0,0,8.6,7.7,8.1,7,7.7,1,2,4,6.3,1,3,61.6,4,4,3,3,5,5,5,5,5,5,4,3,5,5,4,,1,1,2,1,1,1,1,2,,,,4,3,4,4,3,1,1,3,2,3,2,4,4,4,3,4,4,5,3,,,4,3,4,4,5,2,2,3,,2,1,1,1,1,1,1,1,1,0,1,0,0,0.829,0.011,54.1,49.3,1,1,1,0,0,"B"
2114,"S27","C106","South","vocational",12,-0.624,-0.305,17.2,12,"girl",0.179,3,4,"majority_language",0,0,5.8,5.3,5.5,6.8,7.8,3,2,2,6.2,3.9,3,45.8,5,4,3,3,3,4,5,3,3,3,2,3,4,5,5,4,3,2,3,3,3,4,2,3,1,3,3,2,3,4,2,3,1,4,5,4,3,3,4,4,3,4,1,2,3,3,2,2,5,5,3,4,3,3,3,4,2,3,1,0,1,1,1,1,1,0,1,,0,0,0.853,-0.414,38.2,42.8,1,0,0,0,0,"A"
2115,"S27","C106","South","vocational",12,-0.624,-0.305,17.6,12,"boy",0.721,5,5,"majority_language",0,0,7.9,8.1,7.4,8.6,7,1,0,7,10.3,1.3,5,57.6,5,5,4,5,5,4,3,4,5,5,5,3,,5,4,3,3,1,1,2,2,1,4,1,2,2,2,3,3,1,2,1,1,4,2,3,4,5,4,2,4,,4,3,3,4,2,5,5,5,5,5,5,3,,3,3,3,,1,1,0,1,1,1,1,1,1,0,1,0.885,-0.189,58.7,43.8,1,1,1,0,0,"A"
2116,"S27","C106","South","vocational",12,-0.624,-0.305,17.1,12,"boy",-0.386,3,1,"majority_language",0,0,6.7,6.4,6.2,5.6,7.2,1,2,13,4.9,2.9,3,61.3,3,4,2,3,4,2,5,,,,1,5,4,3,1,2,2,1,1,1,2,2,3,2,1,2,3,3,3,1,,,,5,4,4,5,5,5,4,5,4,5,4,2,2,4,3,3,4,5,4,4,4,4,3,3,4,1,,1,1,,0,0,0,0,0,1,0,0.713,-1.805,37.1,41.8,1,1,1,0,0,"C"
2117,"S27","C106","South","vocational",12,-0.624,-0.305,17.1,12,"boy",0.213,2,2,"majority_language",1,0,8.4,7.5,8.2,7,7.2,3,0,1,12,2.4,2,60.8,5,4,5,5,4,,4,5,5,4,4,5,4,5,5,1,1,1,1,1,1,3,1,2,,1,3,3,2,,3,3,2,2,2,1,3,2,4,4,1,3,3,3,3,3,2,2,5,5,5,4,5,4,3,4,5,,1,1,1,0,0,1,0,1,0,0,0,0,0.816,-0.767,47.3,43.7,1,1,1,0,0,"A"
2118,"S27","C107","South","vocational",15,-0.624,0.312,16.3,11,"girl",0.19,4,5,"majority_language",0,0,6.5,6.5,6.4,5.9,5.4,13,9,7,10.2,0.7,1,55.7,4,3,5,3,3,3,4,4,3,3,5,3,4,2,2,3,3,2,1,2,2,4,,2,,3,4,4,5,3,3,4,3,3,,4,4,3,3,4,3,4,4,4,5,4,4,5,5,4,4,5,5,2,,4,4,4,1,1,1,1,1,0,0,0,1,0,0,0,0.574,-0.955,49.7,46.1,1,1,0,0,0,"A"
2119,"S27","C107","South","vocational",15,-0.624,0.312,16.2,11,"boy",-0.133,2,3,"majority_language",0,0,5.2,4.9,5.2,5.1,5.9,3,4,2,3.8,3.5,3,41.1,1,2,3,2,2,2,4,4,4,3,3,,1,3,3,2,4,,3,3,2,2,2,3,1,2,3,3,2,2,2,2,1,4,5,3,,4,5,5,5,5,5,5,5,5,3,4,3,2,4,4,3,4,4,3,5,4,0,1,0,0,1,0,0,0,0,0,0,0,0.765,-0.116,46.6,50.7,1,0,1,0,0,"A"
2120,"S27","C107","South","vocational",15,-0.624,0.312,16.3,11,"girl",1.285,5,5,"majority_language",1,0,6.7,6.6,6.4,6.9,7.8,2,5,2,7.5,1.8,3,54.3,4,,4,3,5,3,4,3,,,4,3,2,4,,1,3,1,1,2,2,2,3,2,2,1,3,2,2,3,,,,4,3,4,4,5,4,4,4,5,5,4,3,3,,4,3,4,3,3,3,3,4,3,1,2,0,0,1,0,0,0,0,0,0,1,0,1,0.636,-0.894,30.9,32.8,1,1,1,0,0,"C"
2121,"S27","C107","South","vocational",15,-0.624,0.312,16.5,11,"girl",0.865,5,4,"majority_language",0,0,8.1,8.5,7.6,8.2,7.5,1,0,3,6.7,1.4,4,51.3,5,5,5,3,3,5,5,5,3,5,5,,4,5,4,1,1,1,1,1,3,2,2,3,,,,2,2,3,3,2,4,2,5,5,4,5,4,4,5,5,4,3,4,5,,,3,5,4,4,5,5,4,4,3,3,1,1,1,1,0,1,1,1,1,1,1,1,0.889,0.253,40.7,45.1,0,1,1,0,0,"B"
2122,"S27","C107","South","vocational",15,-0.624,0.312,15.6,11,"boy",0.68,4,2,"majority_language",0,0,8,7.7,7.6,7.6,7.5,3,2,0,10.8,1.6,5,63.9,5,5,4,5,5,5,5,4,5,4,4,5,5,5,3,3,1,1,2,1,1,3,3,3,2,2,1,2,1,2,1,1,2,2,2,3,2,,3,5,4,5,4,3,2,3,4,2,5,3,5,4,5,4,,3,3,4,1,1,1,1,1,0,1,1,1,1,1,1,0.832,-0.617,58.3,48.8,1,0,0,0,0,"A"
2123,"S27","C107","South","vocational",15,-0.624,0.312,16.7,11,"boy",-0.249,2,1,"majority_language",0,0,7.4,6.3,7.4,6.9,6,4,4,5,2.4,4.1,2,51,4,5,4,3,5,5,4,5,,,4,4,5,,5,2,3,1,2,,2,1,2,2,2,1,2,2,1,2,,,,3,2,2,4,2,3,2,2,3,2,3,,3,2,5,2,4,,4,3,3,2,3,4,2,1,0,1,1,1,,0,0,0,0,0,0,0.813,1.831,47.1,47.6,1,1,1,0,0,"C"
2124,"S27","C107","South","vocational",15,-0.624,0.312,17.2,11,"girl",1.345,5,2,"majority_language",0,0,7.2,7.8,6.3,6.8,7.9,0,1,1,12.5,1.4,1,54.3,4,5,5,4,5,4,4,4,,,3,4,5,2,3,1,1,1,1,1,1,1,3,1,1,3,3,1,2,1,,,,,4,4,4,4,4,5,4,5,5,5,4,5,5,4,4,5,4,5,4,4,3,5,4,4,1,1,1,1,0,1,0,0,0,0,0,0,0.824,-0.012,42.9,42.5,1,1,1,0,0,"C"
2125,"S27","C107","South","vocational",15,-0.624,0.312,16.6,11,"boy",-0.066,3,4,"majority_language",0,0,6.5,5.7,6.8,6.8,6.9,5,1,8,5.9,1.2,1,50.4,3,2,4,4,4,3,3,5,,,4,3,2,3,2,5,1,2,3,3,3,3,1,3,1,3,3,4,3,4,,,,4,3,3,3,2,2,4,2,,2,1,3,3,2,2,5,5,4,5,4,5,2,2,2,5,0,1,,1,0,0,0,0,0,0,0,,0.727,0.061,38.1,34.1,1,1,1,0,0,"C"
2126,"S27","C107","South","vocational",15,-0.624,0.312,16.8,11,"girl",0.653,3,4,"majority_language",0,0,7.4,7.5,6.8,6.6,6.2,0,9,5,10.9,1.2,2,49.4,3,1,1,4,5,3,2,2,1,4,3,2,2,4,3,1,,,1,2,3,2,,2,2,2,2,2,1,2,3,2,2,3,4,3,4,2,2,4,4,2,2,3,4,4,3,2,3,3,2,3,2,3,4,3,4,4,1,1,0,0,1,1,0,1,0,0,0,0,0.751,0.68,45,33.3,1,1,0,0,0,"A"
2127,"S27","C107","South","vocational",15,-0.624,0.312,16.8,11,"girl",-0.513,3,1,"majority_language",0,0,6.8,7.1,6.5,6.8,6.4,0,3,3,4.1,0.9,5,53,4,4,3,3,4,5,3,5,4,5,3,4,4,4,3,1,1,2,4,1,1,1,2,2,3,1,1,1,2,2,1,1,3,3,2,1,2,2,3,3,1,3,3,2,3,3,4,3,4,4,3,4,5,5,2,3,3,3,0,0,1,0,1,1,0,0,,0,1,0,0.785,-0.77,46.9,43.2,1,0,0,0,0,"A"
2128,"S27","C107","South","vocational",15,-0.624,0.312,16.1,11,"girl",2.178,5,5,"majority_language",0,0,7.2,7.4,7.8,6.5,7.7,3,0,1,12.5,2.1,4,59.5,4,5,2,3,5,5,5,4,5,4,2,5,3,5,4,1,1,1,1,1,1,2,1,1,1,1,1,3,3,1,1,2,1,5,5,4,5,5,5,5,5,5,4,5,5,5,5,5,4,4,4,5,4,4,4,3,3,4,1,1,1,1,1,0,0,1,0,0,1,0,0.835,-0.003,63.8,43.5,0,0,0,0,0,"A"
2129,"S27","C107","South","vocational",15,-0.624,0.312,16.8,11,"girl",-0.066,3,3,"majority_language",0,0,5.9,6.6,6.5,5.9,6.6,1,7,8,5.4,1.4,3,46.6,4,3,4,3,2,4,5,3,5,3,4,,3,2,4,2,2,,4,2,2,1,3,1,1,2,1,1,3,2,2,3,1,3,4,4,3,3,5,4,2,3,1,5,4,3,5,2,,4,3,1,2,2,4,2,3,3,1,1,0,1,1,1,1,0,0,0,0,0,0.732,-1.05,36.1,41.8,1,0,1,0,0,"A"
2130,"S27","C107","South","vocational",15,-0.624,0.312,16.4,11,"girl",0.335,4,3,"majority_language",0,0,7.4,7.6,,6.7,7,4,4,,3.8,1.9,4,52.2,5,4,5,4,3,5,4,4,3,,,,,,,2,2,3,2,4,4,1,2,1,2,2,1,,,,,,,3,3,4,2,4,4,5,3,2,5,,,,,,5,5,,3,2,2,2,3,1,3,1,0,1,0,1,1,0,0,1,0,0,0,0.738,-0.014,54.6,51.6,1,1,1,0,1,"A"
2131,"S27","C107","South","vocational",15,-0.624,0.312,16.6,11,"girl",0.314,3,3,"majority_language",0,0,6.9,,,6.8,6.8,5,,,6.9,1.7,3,45.8,4,4,,5,3,,,,,,,,,,,2,2,2,4,5,2,,,,,,,,,,,,,2,1,1,2,1,,,,,,,,,,,4,5,3,5,3,2,2,4,4,1,1,1,1,1,0,1,0,,1,0,0,0,0.553,-0.095,51.5,45,1,1,1,1,1,"A"
2132,"S27","C107","South","vocational",15,-0.624,0.312,16.4,11,"girl",-0.386,1,2,"majority_language",0,0,7.5,7.3,6.3,5.7,6.8,3,0,4,10.3,2.6,4,37.6,2,5,4,4,4,3,4,4,3,3,3,3,3,4,2,2,2,4,2,3,1,3,2,3,2,1,2,2,1,2,,2,,4,3,5,3,3,4,3,3,1,4,2,3,3,5,3,5,5,4,5,5,3,4,5,3,2,1,1,1,1,0,1,1,1,1,0,0,0,0.801,0.197,40.6,51.9,0,0,1,0,0,"A"
2133,"S27","C108","South","vocational",24,-0.624,-1.063,17.3,11,"boy",-1.046,1,1,"majority_language",0,1,6.3,6.4,6.2,6,7.3,6,6,3,5,6.2,1,42.6,4,3,2,3,2,3,4,3,,,,,3,5,3,4,4,4,3,3,3,3,3,2,,2,3,5,5,4,,,,3,4,2,4,3,3,5,5,2,3,4,4,4,1,,2,2,2,2,4,2,5,3,3,5,1,0,1,,0,1,0,0,0,0,0,0,0.576,0.63,49.9,46.3,1,1,1,0,0,"C"
2134,"S27","C108","South","vocational",24,-0.624,-1.063,17,11,"boy",0.039,5,4,"majority_language",0,0,6.4,6.1,6.3,7.7,6.3,6,4,1,6.8,4.5,4,46.8,3,4,4,4,3,2,2,4,4,2,3,2,4,2,5,3,5,3,4,3,1,4,4,3,,,,,3,3,3,4,2,5,3,4,,3,2,1,4,2,3,1,2,3,,,4,5,5,5,5,4,2,2,3,4,1,1,0,1,0,0,1,1,0,0,0,1,,,,,1,1,1,0,0,"B"
2135,"S27","C108","South","vocational",24,-0.624,-1.063,16.1,11,"girl",0.156,4,4,"majority_language",0,0,8,,,7.8,5.9,2,,,8.7,1.8,3,59.4,5,5,5,5,3,,,,,,,,,,,3,1,3,1,2,2,,,,,,,,,,,,,2,3,3,4,2,,,,,,,,,,,5,3,3,3,3,2,3,,2,3,1,1,1,1,1,1,1,1,1,0,1,0,0.686,-0.027,56.3,46.9,1,1,1,1,1,"B"
2136,"S27","C108","South","vocational",24,-0.624,-1.063,16.9,11,"boy",0.166,5,4,"other_language",0,0,6.8,7.4,,6.9,6.9,5,0,,5.2,2.4,3,45.5,4,3,5,4,4,3,2,5,,4,,,,,,2,3,2,3,2,1,2,2,1,3,2,1,,,,,,,2,2,2,2,2,1,2,3,2,2,,,,,,2,2,4,3,4,3,3,,1,3,1,1,0,1,1,0,1,0,0,0,0,0,0.859,1.333,46.3,55.8,1,1,1,0,1,"A"
2137,"S27","C108","South","vocational",24,-0.624,-1.063,15.9,11,"boy",0.565,4,4,"majority_language",0,0,7.9,7,7.3,8.3,7,0,3,1,7.7,2.2,5,53.4,5,5,5,4,5,5,4,4,3,4,4,4,2,4,2,3,1,1,2,2,3,1,1,2,,,,3,4,2,3,2,2,5,4,2,5,5,4,5,3,5,3,,4,2,,,4,5,5,4,5,,5,3,4,2,,1,0,0,1,0,1,0,0,0,0,0,0.828,-0.941,44.5,59.4,1,1,1,0,0,"B"
2138,"S27","C108","South","vocational",24,-0.624,-1.063,16.8,11,"girl",1.885,5,5,"majority_language",0,0,7.8,6.9,6.9,7,7,1,3,5,5.7,1.8,3,55.1,3,3,3,4,,5,5,3,5,5,2,4,5,3,4,3,1,3,2,2,1,2,2,1,2,3,2,4,2,2,1,3,2,3,4,1,2,3,4,5,,2,2,5,5,2,4,4,4,4,2,4,3,2,3,4,3,,1,1,1,1,1,0,0,1,1,0,1,0,0.665,0.416,50.7,46.9,1,1,0,0,0,"A"
2139,"S27","C108","South","vocational",24,-0.624,-1.063,16.1,11,"girl",-0.464,2,1,"majority_language",0,0,7.1,6.8,,7.5,7.9,1,2,,4.7,5,4,53.1,5,4,4,3,4,5,2,4,3,5,,,,,,3,3,3,3,3,4,1,1,2,2,1,1,,,,,,,2,,4,3,4,3,5,5,3,4,,,,,,5,5,5,5,5,3,4,3,3,2,1,1,1,0,1,1,1,0,0,1,1,0,0.906,1.287,65.1,44.5,1,0,1,0,1,"A"
2140,"S27","C108","South","vocational",24,-0.624,-1.063,16.7,11,"boy",-0.196,2,3,"other_language",0,0,7.2,7.1,6.3,6,5.9,0,1,2,1.7,2.4,1,47.6,1,,3,2,5,3,3,2,4,2,2,4,3,5,5,1,3,3,3,3,1,3,3,3,2,3,4,2,2,2,1,1,1,4,3,5,4,3,3,5,2,5,5,3,5,3,5,4,4,3,2,3,3,5,2,3,4,4,1,0,0,0,0,0,0,0,0,0,1,0,0.893,0.887,47.2,47,1,0,0,0,0,"A"
2141,"S27","C108","South","vocational",24,-0.624,-1.063,16.1,11,"girl",-1.131,2,2,"majority_language",0,0,6.8,6.6,,6.8,6.3,7,1,,7.1,2,5,56.8,4,,5,4,5,4,,4,,,,,,,,4,1,3,3,3,2,2,2,3,3,2,2,,,,,,,4,4,2,5,4,4,5,3,4,5,,,,,,5,5,5,5,5,4,4,3,2,2,0,0,0,0,0,0,,0,0,0,0,0,,,,,1,1,1,0,1,"C"
2142,"S27","C108","South","vocational",24,-0.624,-1.063,16.5,11,"girl",0.259,3,5,"other_language",1,0,7,7.1,,6,6.6,4,1,,7.3,2.7,5,48.2,5,4,5,,2,4,4,4,5,4,,,,,,2,4,,2,,,2,4,3,1,1,2,,,,,,,4,2,5,5,3,5,3,3,4,5,,,,,,5,5,5,5,5,2,,4,5,4,1,1,1,1,1,1,1,1,0,0,0,0,0.918,-0.409,63.1,53.4,1,0,1,0,1,"A"
2143,"S27","C108","South","vocational",24,-0.624,-1.063,16.2,11,"boy",0.762,3,4,"majority_language",0,0,7.3,7.9,7.8,7.8,6.8,6,2,0,5.8,3.6,2,57.2,3,3,4,4,2,4,3,4,3,4,4,3,5,3,4,2,1,1,1,1,3,,1,1,,,,2,1,1,2,2,4,,5,2,4,5,,4,3,4,3,3,4,3,,,3,3,2,4,4,4,3,4,3,,,1,1,1,1,1,0,0,0,0,0,0,0.629,0.586,61.3,59.5,1,1,1,0,0,"B"
2144,"S27","C108","South","vocational",24,-0.624,-1.063,16.8,11,"girl",-2.178,1,1,"other_language",0,0,6.8,7.2,7,5.8,7.9,7,5,6,4.5,8.1,3,40.7,4,5,4,5,4,4,5,5,4,4,,5,5,3,4,5,4,4,3,3,,3,3,1,,,,5,3,3,3,2,3,3,3,3,2,1,,3,2,3,5,2,4,3,,,4,5,2,3,,3,,,4,4,0,1,0,1,1,1,0,1,1,0,0,1,0.82,-0.3,50.6,44.3,1,1,1,0,0,"B"
2145,"S27","C108","South","vocational",24,-0.624,-1.063,15.8,11,"boy",0.853,2,3,"majority_language",0,0,7,7.4,7.2,7.5,7.4,2,3,3,6.3,1.7,2,49.1,5,4,3,2,5,5,3,5,,,3,3,4,3,1,1,2,1,1,3,2,1,1,2,1,2,3,1,2,1,,,,5,4,3,3,4,1,4,4,5,2,4,5,4,4,5,4,3,3,4,4,3,2,4,3,4,1,1,,1,0,0,,0,1,0,0,0,0.5,-1.272,41.3,32.2,1,1,1,0,0,"C"
2146,"S27","C108","South","vocational",24,-0.624,-1.063,16.9,11,"girl",0.326,4,4,"majority_language",0,0,7.1,7.9,7.3,6.5,7.6,1,2,6,5.6,4.4,4,54.2,5,5,5,4,5,5,3,5,5,5,5,5,4,5,5,1,1,2,1,2,1,1,2,1,2,3,2,2,2,2,3,2,1,3,3,2,1,1,3,4,,,3,3,3,,3,3,4,5,4,4,5,4,3,2,2,3,1,0,0,1,0,0,0,1,1,0,0,0,0.465,-0.322,43.2,38,0,1,1,0,0,"A"
2147,"S27","C108","South","vocational",24,-0.624,-1.063,16.7,11,"girl",-0.386,1,2,"other_language",0,0,6.9,7,,6.2,6.8,4,1,,6,1.3,2,49.5,5,4,4,5,4,2,4,4,4,4,,,,,,2,1,1,1,1,3,1,2,2,,2,3,,,,,,,1,3,2,3,3,3,4,3,2,4,,,,,,4,4,4,4,4,3,4,3,4,2,0,1,0,0,0,0,0,0,0,0,0,0,0.655,-0.498,46.5,39.9,0,1,1,0,1,"A"
2148,"S27","C108","South","vocational",24,-0.624,-1.063,16.4,11,"girl",0.023,2,2,"majority_language",0,0,8,8,,8,6.4,5,2,,5.7,2.5,3,46.4,4,4,5,5,5,3,3,3,4,3,,,,,,2,4,2,2,2,2,3,2,1,1,2,2,,,,,,,2,3,4,2,2,2,2,1,2,2,,,,,,5,2,4,5,4,2,3,2,3,1,1,1,1,1,1,1,1,1,1,1,1,1,0.737,1.55,50.3,49.7,0,0,1,0,1,"A"
2149,"S27","C108","South","vocational",24,-0.624,-1.063,16.2,11,"girl",-0.396,2,,"other_language",1,0,6.8,7.2,6.6,7,8.4,2,1,7,8.2,4.8,3,47.4,2,3,3,4,4,3,3,3,5,5,3,4,3,4,1,2,1,1,3,1,1,2,1,2,,,,1,,2,2,2,1,5,4,3,2,3,3,4,2,5,4,3,4,3,,,3,3,2,5,3,4,5,2,4,2,1,1,1,1,1,0,0,0,1,0,1,1,0.659,1.816,56.8,47.7,0,1,1,0,0,"B"
2150,"S27","C108","South","vocational",24,-0.624,-1.063,16.9,11,"girl",0.665,4,3,"other_language",1,0,6.6,7.5,7.7,6.3,6.1,11,8,2,4.6,2.3,2,62.1,4,2,2,2,4,,2,4,,,3,4,4,3,4,4,4,2,5,2,2,2,2,2,4,3,3,2,2,1,,,,1,3,3,4,4,4,4,3,2,3,5,4,3,,4,5,,5,,,2,3,4,2,1,1,1,1,1,0,1,1,1,1,0,0,0,0.624,-0.687,47.6,32.1,1,1,1,0,0,"C"
2151,"S27","C108","South","vocational",24,-0.624,-1.063,16,11,"boy",0.076,3,1,"other_language",0,0,6.1,6.6,,6.2,7,3,5,,4.8,1.5,1,47.1,3,4,2,2,5,3,3,3,,,,,,,,3,2,1,2,3,3,1,1,,3,1,1,,,,,,,5,4,5,5,3,4,5,5,5,3,,,,,,4,2,2,3,3,1,2,4,5,4,1,1,1,0,1,0,,1,0,0,0,0,0.547,-0.032,53.8,51.2,1,1,1,0,1,"C"
2152,"S27","C108","South","vocational",24,-0.624,-1.063,16.8,11,"another_or_no_answer",-0.348,2,3,"majority_language",0,0,6.4,6.9,6.3,7.4,7.4,4,1,4,6.5,1.5,3,46.4,3,4,3,3,5,3,2,2,,,4,3,4,4,5,2,4,3,2,4,5,4,1,2,2,3,3,2,1,2,,,,,3,3,5,4,3,2,4,4,4,3,2,2,5,3,4,3,4,,5,5,3,4,2,3,1,1,1,1,1,1,1,0,1,1,0,0,0.791,0.017,43.9,51.9,1,1,1,0,0,"C"
2153,"S27","C108","South","vocational",24,-0.624,-1.063,16.3,11,"boy",-0.361,3,2,"majority_language",0,0,6.9,6.6,,7.4,6.7,4,2,,6.6,1.4,3,44.8,4,4,5,5,5,5,5,4,3,4,,,,,,4,4,,3,3,4,4,3,,2,3,,,,,,,,3,3,3,3,2,5,2,4,5,4,,,,,,3,5,5,4,5,4,3,,,3,1,1,1,,,1,0,0,1,0,1,0,0.846,-0.488,32.9,50,1,1,1,0,1,"A"
2154,"S27","C108","South","vocational",24,-0.624,-1.063,16.5,11,"boy",-0.979,1,1,"majority_language",0,0,6.2,,,6.7,6,10,,,0.1,3.3,1,29.3,,2,2,2,2,,,,,,,,,,,3,,3,4,3,4,,,,,,,,,,,,,4,1,3,,2,,,,,,,,,,,3,1,2,2,3,3,4,2,3,4,1,,1,1,0,1,0,0,0,0,0,0,0.696,-0.829,45.8,38.8,1,1,1,1,1,"C"
2155,"S27","C108","South","vocational",24,-0.624,-1.063,16.4,11,"boy",0.248,3,3,"other_language",0,0,6.7,,,7.5,6.3,4,,,4.2,1.9,2,49.4,3,2,2,4,2,,,,,,,,,,,4,3,3,3,3,2,,,,,,,,,,,,,2,2,2,4,2,,,,,,,,,,,4,4,5,4,3,2,2,2,1,,1,1,1,1,1,0,1,0,1,1,1,0,0.8,0.046,63.8,59.5,1,1,1,1,1,"B"
2156,"S27","C108","South","vocational",24,-0.624,-1.063,16.6,11,"boy",-0.419,2,2,"other_language",0,0,6.8,,,6.7,5.5,23,,,0.9,3.1,2,56.9,4,2,2,2,4,,,,,,,,,,,2,2,1,3,3,4,,,,,,,,,,,,,1,1,2,1,1,,,,,,,,,,,3,4,3,2,4,3,,3,2,3,1,1,0,1,0,0,1,0,0,0,0,,,,,,1,1,1,1,1,"A"
2157,"S28","C109","North","general",22,0.984,1.326,15.6,10,"girl",0.056,1,3,"majority_language",1,0,6.8,,,6.9,7,4,,,4.9,1.9,5,51.8,4,4,5,5,4,,,,,,,,,,,1,2,1,3,3,2,,,,,,,,,,,,,5,2,4,3,5,,,,,,,,,,,3,3,4,5,,5,5,5,4,5,1,1,0,0,,0,1,1,1,1,1,0,0.759,0.331,44.5,46.2,1,1,1,1,1,"C"
2158,"S28","C109","North","general",22,0.984,1.326,15.2,10,"girl",-0.255,2,2,"majority_language",0,0,6.2,,,5.6,5.9,0,,,1.8,3.4,2,43.9,3,2,1,1,,,,,,,,,,,,5,2,3,4,3,4,,,,,,,,,,,,,,5,5,2,5,,,,,,,,,,,2,2,3,3,2,3,,5,3,4,0,1,1,1,0,0,1,1,0,0,0,0,0.68,-1.738,36.7,37.3,1,1,1,1,1,"C"
2159,"S28","C109","North","general",22,0.984,1.326,15,10,"girl",-0.529,2,2,"majority_language",0,0,7.8,7.2,7.4,7.4,8.1,3,1,3,10,2.3,3,54.5,5,5,5,4,5,5,2,1,5,5,3,3,5,4,4,2,2,3,2,2,2,3,3,3,,,,,1,2,4,3,3,2,3,4,3,,3,4,5,3,4,3,2,5,,,3,2,4,4,2,4,5,5,5,5,0,1,0,,1,1,0,0,0,0,0,0,0.94,1.108,53.5,51.5,1,1,1,0,0,"B"
2160,"S28","C109","North","general",22,0.984,1.326,15.3,10,"boy",0.189,4,4,"other_language",0,0,7.2,7.7,,7.8,6.5,0,5,,7.6,3.5,2,56.1,4,4,4,4,3,5,5,5,5,4,,,,,,2,,3,3,3,,3,1,3,3,1,2,,,,,,,2,4,3,3,3,2,2,2,4,3,,,,,,4,4,3,4,4,4,4,4,5,4,1,1,,0,1,1,1,1,0,1,1,0,0.796,0.785,56.4,49.2,1,0,1,0,1,"A"
2161,"S28","C109","North","general",22,0.984,1.326,16,10,"boy",0.588,3,2,"majority_language",0,0,6.7,7.7,7.6,7.4,6.2,6,6,3,3.5,2.3,3,47.5,4,5,4,,,4,4,5,3,2,4,3,3,3,5,2,3,2,1,4,3,3,1,1,,,,2,2,2,2,4,3,3,3,,3,5,3,5,4,5,4,2,4,5,,,3,4,3,3,4,5,5,5,4,5,0,1,1,1,1,1,1,0,0,1,,1,0.773,-1.216,49.1,52.3,1,1,1,0,0,"B"
2162,"S28","C109","North","general",22,0.984,1.326,15.7,10,"girl",0.298,3,3,"majority_language",1,0,7.6,7.8,7.3,8.3,7.5,0,2,5,7.9,1.6,4,52.3,5,4,4,3,4,3,2,4,2,5,3,5,3,2,4,1,1,2,1,1,2,1,1,1,1,1,1,2,2,1,1,,1,3,5,4,4,4,4,5,4,3,5,4,5,3,4,3,5,5,5,5,5,5,5,3,5,4,1,1,0,1,0,1,0,1,1,1,0,1,0.812,0.179,47.7,45.2,0,0,1,0,0,"A"
2163,"S28","C109","North","general",22,0.984,1.326,16.2,10,"boy",2.402,4,5,"majority_language",0,0,7.7,7.5,8.4,6.9,8,1,3,3,6.9,1.2,5,52.1,5,5,4,,5,5,4,5,5,5,5,5,5,5,5,2,2,1,2,,2,2,1,2,1,1,,1,1,2,1,2,1,4,5,,5,5,5,5,4,5,5,4,5,5,4,5,4,3,4,5,5,5,5,5,4,,1,1,1,1,1,1,1,1,0,0,1,0,0.781,-0.315,48.6,58.4,1,1,0,0,0,"A"
2164,"S28","C109","North","general",22,0.984,1.326,15.3,10,"boy",0.753,5,4,"majority_language",0,0,7.6,7,7.2,7.5,7.3,1,6,2,3.5,1.9,4,45.8,3,5,5,5,4,5,5,5,4,4,4,3,5,3,3,3,4,4,4,4,4,3,3,1,,,,2,1,1,1,1,2,3,5,4,5,2,2,3,2,3,2,5,5,5,,,5,4,3,4,4,4,4,4,5,4,1,0,0,0,1,1,0,1,0,0,0,0,0.806,1.536,53.2,60.9,0,1,1,0,0,"B"
2165,"S28","C109","North","general",22,0.984,1.326,15,10,"girl",-0.71,4,2,"majority_language",0,0,8.8,7.7,7.6,6.5,6.7,4,3,2,6.2,2,4,52.4,4,,2,,3,4,4,3,,,2,2,2,2,4,2,2,2,2,4,2,2,2,1,2,2,3,3,1,1,,,,3,4,3,4,5,5,5,5,5,4,4,5,4,5,5,4,4,4,4,4,4,5,3,3,4,1,1,1,1,1,1,1,0,1,1,0,0,0.953,2.28,75.1,75.4,1,1,1,0,0,"C"
2166,"S28","C109","North","general",22,0.984,1.326,16,10,"girl",-1.071,1,2,"majority_language",0,0,7.6,8.8,,7.6,7.1,3,0,,5.5,2.5,3,44,5,4,5,5,5,4,4,4,4,3,,,,,,1,,,,1,2,1,2,2,1,1,1,,,,,,,4,5,4,2,4,3,3,5,5,3,,,,,,5,4,5,3,4,5,5,5,5,5,1,1,1,1,0,1,1,1,0,0,,0,,,,,1,0,1,0,1,"A"
2167,"S28","C109","North","general",22,0.984,1.326,15.2,10,"boy",0.322,3,5,"majority_language",0,0,7.7,7.9,7.2,7.9,6.1,2,2,3,8.5,1.4,5,58.2,5,5,5,5,5,4,5,5,5,4,4,5,5,5,5,1,2,1,1,1,2,2,3,1,3,1,1,2,1,1,1,3,1,4,5,5,4,5,4,4,3,5,4,3,3,4,2,3,5,4,4,5,2,5,4,4,4,4,1,1,1,1,1,1,0,,1,0,0,0,0.864,-0.287,69.6,60.4,1,0,0,0,0,"A"
2168,"S28","C109","North","general",22,0.984,1.326,15.5,10,"boy",-0.47,2,2,"majority_language",1,0,6.2,6.7,7.3,6.4,6.9,1,0,3,6.3,2.2,3,39.8,3,4,4,1,4,4,3,4,,,,5,4,4,4,2,,1,1,3,3,3,1,1,1,2,1,1,2,2,,,,4,5,5,5,5,4,5,5,4,5,3,2,2,3,2,3,3,2,5,5,5,5,3,4,5,1,1,0,0,0,0,0,0,0,0,0,0,0.404,-0.742,34,36.3,1,1,1,0,0,"C"
2169,"S28","C109","North","general",22,0.984,1.326,15.3,10,"boy",-0.333,3,4,"majority_language",0,0,8.2,8,8.3,6.9,7.4,4,6,3,7.1,1.5,4,50.2,2,3,3,3,4,3,4,3,,,4,4,4,4,3,1,2,1,2,,3,2,3,1,,1,1,1,1,2,,,,5,5,5,4,5,4,5,5,4,5,4,5,4,5,5,2,4,3,2,2,3,4,3,3,4,1,1,1,1,1,1,1,0,1,,0,0,0.751,0.384,57.2,39.5,1,1,1,0,0,"C"
2170,"S28","C109","North","general",22,0.984,1.326,15.1,10,"boy",0.168,3,1,"other_language",0,0,7.3,7.4,8.6,7.3,6.8,3,2,2,4.3,4.2,4,52,3,4,2,4,4,5,5,4,,,4,,4,5,4,3,2,4,2,4,2,1,2,2,1,1,,1,2,1,,,,4,3,5,4,4,4,5,5,5,5,5,5,5,5,5,4,3,4,2,2,4,4,5,3,5,1,1,1,1,0,0,0,0,0,0,0,1,0.93,2.306,56.5,80,0,1,1,0,0,"C"
2171,"S28","C109","North","general",22,0.984,1.326,15.3,10,"boy",-0.481,2,3,"majority_language",0,0,7.3,7.7,7.2,5.9,8.1,8,0,2,6.6,4.1,2,45.9,4,5,4,5,4,4,4,3,5,4,4,5,3,4,4,2,1,1,1,2,4,3,2,2,,,,2,1,1,1,3,3,4,4,4,5,4,3,4,4,2,3,4,5,4,,,3,4,4,4,4,4,4,5,5,4,1,1,0,0,1,1,0,0,0,0,0,0,0.673,-1.624,51.5,48.7,0,1,1,0,0,"B"
2172,"S28","C109","North","general",22,0.984,1.326,15.4,10,"girl",-1.28,1,1,"majority_language",0,0,7.5,7.3,7.2,8,7,14,5,1,5,4.3,1,53.3,4,,3,3,4,4,3,,,4,5,,5,4,3,5,3,,3,3,3,4,4,3,3,3,3,3,3,2,3,2,3,3,5,4,3,4,1,4,5,4,3,5,3,,2,5,3,4,5,4,3,4,4,4,4,3,1,,,1,1,1,,1,1,1,1,0,0.798,1.061,43.7,53.4,1,1,1,0,0,"A"
2173,"S28","C109","North","general",22,0.984,1.326,15.4,10,"girl",2.174,5,5,"majority_language",0,0,7.8,8.1,8.2,7,8,0,1,1,9.3,0.7,4,62.7,4,5,4,4,5,5,5,5,4,5,5,3,5,5,5,1,1,2,1,1,2,1,1,1,,,,1,1,2,1,1,1,5,5,5,4,5,3,4,5,3,4,4,5,5,,,4,5,,4,3,3,2,4,2,3,1,1,1,0,1,1,1,1,1,0,0,0,0.9,0.051,58.6,56.3,1,1,1,0,0,"B"
2174,"S28","C109","North","general",22,0.984,1.326,14.9,10,"boy",0.57,3,5,"majority_language",0,0,7.9,7.2,,7.7,7.3,0,0,,8.1,3.5,4,46.1,3,2,4,3,4,4,,4,2,1,,,,,,3,2,3,2,4,1,2,1,2,3,1,2,,,,,,,5,5,5,5,4,4,3,5,4,4,,,,,,4,4,5,5,4,5,5,4,5,5,1,1,1,0,1,0,0,1,0,1,0,0,0.927,2.354,57.7,80,0,1,1,0,1,"A"
2175,"S28","C109","North","general",22,0.984,1.326,15.4,10,"boy",0.617,5,3,"majority_language",0,0,7.7,7.9,7.6,7.8,7,3,2,3,8.8,3.6,2,48,3,4,3,3,3,5,3,3,4,4,4,3,2,2,3,3,1,3,3,2,5,3,2,3,2,3,3,1,2,2,2,3,2,1,4,3,4,5,5,5,4,4,4,5,2,3,2,4,5,5,4,4,3,2,3,4,3,2,,1,1,1,1,1,1,0,1,0,0,1,0.739,0.268,46.9,48.4,1,0,0,0,0,"A"
2176,"S28","C109","North","general",22,0.984,1.326,14.8,10,"girl",-1.033,1,3,"majority_language",0,0,6.7,6.4,,5.6,5.6,12,2,,0,1.5,1,40.1,3,2,2,3,2,3,4,2,3,4,,,,,,4,4,2,2,2,1,3,3,1,,,,,,,,,,5,5,4,4,4,,2,4,5,5,,,,,,2,2,2,2,1,5,4,2,3,4,1,1,0,0,0,0,0,0,0,,0,0,0.676,1.301,41.3,44.3,1,1,1,0,1,"B"
2177,"S28","C109","North","general",22,0.984,1.326,15.2,10,"girl",-1.187,4,1,"other_language",0,0,6.7,,,6.8,5.4,11,,,7,5.2,3,44.7,4,5,5,4,,,,,,,,,,,,,4,3,3,2,4,,,,,,,,,,,,,,2,2,,2,,,,,,,,,,,5,4,5,4,5,4,4,3,2,3,1,1,0,0,1,1,1,1,0,0,1,0,0.883,0.848,49.6,49.8,1,1,1,1,1,"C"
2178,"S28","C109","North","general",22,0.984,1.326,15.5,10,"boy",0.639,3,4,"other_language",0,0,8.2,8.3,8.5,7,8.3,0,2,1,11.8,1.1,4,60.9,4,5,5,5,5,5,5,5,5,4,4,,,5,5,,2,1,2,1,1,1,3,2,1,1,1,1,1,1,1,1,1,5,3,4,3,5,4,,3,5,4,5,4,5,4,4,4,5,,4,3,5,5,5,,5,1,1,0,0,0,1,0,0,0,0,0,0,0.863,1.461,43.6,54.4,1,1,1,0,0,"A"
2179,"S28","C110","North","general",24,0.984,0.788,16.7,11,"girl",-0.005,3,2,"majority_language",0,0,7.1,7.2,,6.9,6.9,2,0,,7.7,2.2,5,61,5,4,5,5,5,5,5,5,5,3,,,,,,1,3,3,2,1,1,1,2,2,,,,,,,,,,4,3,4,5,4,4,5,3,4,4,,,,,,5,4,5,5,3,4,5,5,5,5,1,0,1,,1,1,1,1,1,1,0,0,0.796,-1.373,47.4,50.4,1,1,1,0,1,"B"
2180,"S28","C110","North","general",24,0.984,0.788,16.3,11,"boy",-0.706,3,2,"majority_language",0,0,7.3,6.9,6.6,7.1,7.6,4,0,0,5.5,3.8,4,50.6,3,5,3,5,5,4,5,5,,,2,3,2,4,2,1,2,3,,1,1,1,2,1,1,1,1,1,2,1,,,,5,5,5,5,4,5,5,5,,5,4,4,5,5,3,2,1,1,2,3,4,4,5,4,2,1,1,1,0,1,0,1,0,1,1,0,1,0.792,-0.05,48.8,57.6,1,1,1,0,0,"C"
2181,"S28","C110","North","general",24,0.984,0.788,16.7,11,"girl",0.232,5,3,"majority_language",0,0,7.1,8.1,7.7,7,6.4,0,0,7,7.2,1.6,4,48.8,5,5,4,4,3,,5,4,5,5,4,5,5,3,4,2,1,2,1,2,2,1,1,1,,,,1,3,4,,3,1,4,4,5,1,3,3,4,3,3,2,3,4,2,,,5,5,5,4,5,4,5,5,3,2,1,1,1,1,1,1,0,0,0,0,1,1,0.368,-1.115,45.9,67.5,0,1,1,0,0,"B"
2182,"S28","C110","North","general",24,0.984,0.788,16,11,"girl",-0.453,1,3,"other_language",0,0,6.1,6.4,6.8,7.1,5.7,2,2,0,3,3.6,2,49.4,2,2,3,2,2,5,3,5,5,5,5,4,3,4,3,2,2,3,1,3,2,2,2,1,,,,3,2,3,1,1,1,4,2,3,5,4,4,5,4,3,5,3,4,4,,,2,2,1,2,4,4,1,4,2,4,1,1,1,1,0,0,,0,1,1,0,0,0.93,-0.19,60,62.2,1,1,1,0,0,"B"
2183,"S28","C110","North","general",24,0.984,0.788,16.7,11,"boy",1,5,4,"majority_language",0,0,7.7,7,,8,8.2,2,1,,10.7,1.1,4,49.3,4,5,5,5,4,2,4,4,5,5,,,,,,2,1,2,1,2,1,1,1,1,,,,,,,,,,5,,4,5,5,4,5,5,5,5,,,,,,5,5,5,5,4,5,5,5,5,5,1,0,1,1,0,1,1,1,1,0,0,1,,,,,1,1,1,0,1,"B"
2184,"S28","C110","North","general",24,0.984,0.788,16.9,11,"boy",-0.139,3,1,"majority_language",1,0,7.3,7.9,6.5,7.6,8.4,2,3,4,6,2.1,4,50.2,5,5,5,4,3,5,3,4,5,3,5,2,5,4,2,3,1,1,4,1,1,3,2,1,2,1,1,3,1,1,1,1,2,,2,2,2,3,2,5,3,3,2,5,4,4,5,4,3,3,3,2,4,3,4,2,4,3,1,1,1,1,1,1,0,0,1,1,0,1,0.823,0.467,43.8,53.3,1,0,0,0,0,"A"
2185,"S28","C110","North","general",24,0.984,0.788,16.3,11,"boy",0.746,4,4,"majority_language",0,0,6.9,7.8,7.3,6,6.6,0,3,2,7.1,3.2,3,49.9,,4,3,4,5,4,4,4,,4,5,5,3,5,4,1,2,3,2,1,1,1,2,,,3,2,2,,1,2,3,2,5,5,5,5,5,5,5,4,5,5,,2,3,3,2,4,4,4,3,4,3,2,3,4,5,0,1,0,0,0,0,0,0,0,0,0,0,0.772,0.962,65.2,55,1,1,1,0,0,"A"
2186,"S28","C110","North","general",24,0.984,0.788,16.8,11,"girl",0.797,5,4,"majority_language",0,0,7.6,8.8,8.3,7.3,7.8,2,2,1,6.7,1,3,55,3,3,5,5,4,4,4,5,,,5,3,5,3,4,1,2,1,1,3,2,1,1,3,3,1,1,2,2,2,,,,4,5,5,5,5,4,2,3,3,3,3,4,4,2,3,5,,5,5,5,4,,5,4,4,1,1,1,1,1,1,,0,1,0,1,0,0.93,1.565,65.8,58.9,1,1,1,0,0,"C"
2187,"S28","C110","North","general",24,0.984,0.788,16.8,11,"girl",0.717,3,5,"majority_language",0,0,6.5,6.2,7.3,7.7,6.8,7,2,1,8.9,1.8,3,50.2,4,4,4,5,5,4,4,5,4,5,5,4,,3,2,3,3,2,2,4,3,3,4,2,,,,1,1,,1,1,3,4,5,5,5,4,5,4,4,5,3,3,5,4,,,4,4,5,5,5,5,5,5,5,4,1,1,1,0,0,0,0,0,1,0,0,0,0.531,1.058,50.8,59.8,0,1,1,0,0,"B"
2188,"S28","C110","North","general",24,0.984,0.788,16.5,11,"boy",0.297,2,4,"majority_language",0,0,8.4,7.1,7.1,7.2,7.6,2,9,0,11.4,3.3,4,52.3,5,5,5,5,5,4,4,4,4,5,5,5,3,5,4,3,2,1,2,,2,2,2,3,,,,2,2,1,2,1,1,4,4,2,3,5,5,5,5,4,4,3,2,2,,,5,5,4,4,5,4,5,4,5,2,1,0,1,1,0,0,0,1,0,0,0,0,0.841,0.182,53.7,54,1,1,1,0,0,"B"
2189,"S28","C110","North","general",24,0.984,0.788,16.7,11,"girl",-0.17,2,4,"majority_language",0,0,6.4,,,6.8,7,2,,,6.2,1.6,3,46.2,4,5,3,4,4,,,,,,,,,,,3,3,2,3,4,2,,,,,,,,,,,,,2,5,4,2,,,,,,,,,,,,2,3,2,2,3,3,4,5,5,3,1,,0,1,1,1,0,0,0,0,0,0,0.857,0.108,54,49.8,1,1,1,1,1,"A"
2190,"S28","C110","North","general",24,0.984,0.788,16.4,11,"girl",-0.733,2,2,"majority_language",0,0,6.5,,,5.3,5.9,4,,,6.2,2.4,3,51.8,4,4,4,4,3,,,,,,,,,,,3,3,3,4,3,3,,,,,,,,,,,,,5,5,5,5,4,,,,,,,,,,,,5,5,4,4,4,4,3,5,2,,1,0,1,0,0,1,0,0,0,1,0,0.617,-1.197,32.4,35.6,1,1,1,1,1,"B"
2191,"S28","C110","North","general",24,0.984,0.788,16.5,11,"boy",0.772,2,5,"majority_language",0,0,8.3,7.8,8.2,7.5,6.7,3,4,9,2.2,3.8,4,55.9,3,5,3,5,4,5,5,4,5,4,2,4,2,4,2,1,2,2,3,1,2,1,3,1,2,1,1,1,1,2,1,3,2,5,5,3,4,5,5,5,4,2,4,5,4,3,4,5,5,5,4,5,4,5,3,4,5,4,1,1,1,1,1,1,1,0,0,0,0,0,0.562,-1.265,36.5,39,0,0,0,0,0,"A"
2192,"S28","C110","North","general",24,0.984,0.788,16.7,11,"girl",-0.525,1,1,"other_language",0,0,6.8,6.8,7.2,8,7.7,4,4,14,8,3.7,4,58.5,5,4,5,5,4,4,5,4,5,5,4,4,3,5,3,1,2,3,3,2,1,1,3,3,1,2,1,1,1,1,3,1,2,5,4,4,4,4,5,5,2,4,3,5,5,3,2,5,3,4,4,4,,5,4,4,5,4,1,1,1,1,1,,0,1,0,0,1,0,,,,,1,0,0,0,0,"A"
2193,"S28","C110","North","general",24,0.984,0.788,17.5,11,"girl",-0.682,2,1,"majority_language",0,0,7.4,6.8,6.1,6.4,7.5,3,7,8,3.8,2.3,2,53.8,3,4,3,3,4,5,4,5,,,2,5,4,5,4,1,3,2,1,1,1,4,3,4,2,2,3,3,2,3,,,,,2,4,4,3,4,3,5,3,4,3,2,2,1,4,4,,3,1,3,1,4,3,2,3,0,,1,1,0,1,1,1,1,,1,1,0.825,-0.474,43.3,42,1,1,1,0,0,"C"
2194,"S28","C110","North","general",24,0.984,0.788,16.9,11,"boy",0.153,3,5,"majority_language",0,0,6.8,6.9,,6.7,6.4,5,3,,4.4,1.4,3,58.8,5,5,3,5,4,5,4,3,4,5,,,,,,1,,1,1,1,2,3,3,1,,,,,,,,,,3,3,3,4,3,4,4,4,3,4,,,,,,5,5,5,4,5,4,4,3,4,4,0,1,0,0,1,0,1,1,1,0,0,0,0.793,-2.262,38.1,41.2,1,1,1,0,1,"B"
2195,"S28","C110","North","general",24,0.984,0.788,16.3,11,"boy",0.838,4,3,"majority_language",0,0,9.1,9.8,9.9,7.8,9,3,1,1,14.8,1.1,4,62.8,4,5,5,5,5,5,3,5,,,5,4,4,4,5,1,1,2,1,1,3,1,1,1,1,1,2,1,1,1,,,,,5,5,4,3,4,3,5,3,5,5,5,5,4,4,5,5,5,4,5,5,4,5,4,5,1,1,1,1,1,0,,1,1,1,1,1,0.921,0.378,69.3,71.9,1,1,1,0,0,"C"
2196,"S28","C110","North","general",24,0.984,0.788,15.7,11,"girl",0.921,5,4,"majority_language",0,0,6.5,7,6.6,7,6.9,8,1,3,8.3,2.7,3,51.4,3,5,3,4,2,4,3,4,,5,3,4,5,3,4,2,3,1,1,2,3,1,3,1,,,,2,2,1,,4,2,4,5,,5,4,,3,2,3,4,2,3,5,,,4,4,4,2,4,3,4,4,5,5,1,1,1,0,1,0,1,0,0,0,0,0,0.842,0.513,73.4,59.3,1,1,1,0,0,"B"
2197,"S28","C110","North","general",24,0.984,0.788,16.6,11,"another_or_no_answer",0.295,3,3,"majority_language",0,0,7.8,8.5,8.1,7,7.8,5,2,1,8.2,2.3,5,53.6,5,5,4,4,3,4,4,4,4,4,5,5,5,5,4,1,1,1,1,1,3,1,1,2,,,,1,1,3,2,1,1,3,3,5,4,2,3,2,3,4,3,4,4,3,,,4,4,5,5,5,3,3,4,4,4,0,1,1,1,1,1,0,1,0,0,0,1,0.819,0.378,56.8,50.7,0,1,1,0,0,"B"
2198,"S28","C110","North","general",24,0.984,0.788,16.8,11,"girl",1.26,4,5,"majority_language",0,1,8.2,6.8,7.7,7.1,8.7,5,1,3,8.8,2,5,45.1,3,3,4,2,5,4,4,5,,,3,4,4,2,,1,1,1,2,1,1,3,3,2,2,1,2,2,1,3,,,,3,3,3,4,5,4,5,2,5,5,3,5,5,,5,5,,4,5,4,3,4,3,4,3,0,1,0,1,0,1,0,0,0,0,1,1,0.898,0.787,55.9,49.2,1,1,1,0,0,"C"
2199,"S28","C110","North","general",24,0.984,0.788,15.8,11,"girl",0.453,5,3,"majority_language",0,0,8.1,8.2,8.6,7.3,8.8,0,0,5,8.2,3.6,5,61.2,5,5,4,4,5,5,2,5,5,5,5,4,5,5,5,1,2,1,1,1,1,1,1,1,,,,,3,1,1,2,1,5,4,5,4,5,,5,5,4,5,3,4,5,,,2,3,4,4,4,4,5,5,4,5,1,1,1,,1,1,1,1,1,1,0,1,0.724,0.29,48.1,37.7,1,1,1,0,0,"B"
2200,"S28","C110","North","general",24,0.984,0.788,16.4,11,"girl",0.456,2,2,"majority_language",0,0,8.5,7.9,7.7,7.1,7.6,4,1,4,6.6,3.3,5,49.9,5,5,5,4,4,,5,4,5,5,4,3,5,4,5,3,2,2,2,2,3,2,1,1,,,,3,2,1,2,2,1,4,3,4,3,4,3,5,4,3,4,5,5,5,,,3,,3,3,3,5,4,5,5,4,1,1,1,1,1,1,1,1,1,0,0,0,0.878,1.208,49.6,44.3,1,1,1,0,0,"B"
2201,"S28","C110","North","general",24,0.984,0.788,17,11,"girl",0.552,3,3,"majority_language",1,0,7.1,6.9,8.2,6.7,6.1,2,5,3,9.5,1.5,4,49.2,5,4,4,4,5,3,2,3,4,4,4,5,3,5,5,2,2,3,2,1,1,3,,2,1,2,2,,2,3,,3,1,4,4,4,2,2,4,5,4,2,3,5,5,3,4,5,3,3,3,2,3,4,2,4,1,4,0,1,1,1,0,0,1,0,1,0,1,0,0.633,-1.425,38.7,40.4,0,1,1,0,0,"A"
2202,"S28","C110","North","general",24,0.984,0.788,16.6,11,"girl",0.031,4,3,"majority_language",0,0,7.5,6.9,6.7,6.8,6.6,2,2,1,6.6,4.5,4,58.1,3,4,3,3,3,5,5,4,,,4,4,4,4,5,3,1,3,2,3,,1,2,2,2,1,2,1,1,1,,,,5,4,5,3,5,4,5,3,4,3,4,3,4,4,3,3,3,3,5,3,3,5,5,4,5,1,1,1,0,1,0,1,1,0,0,1,0,0.712,-0.516,55.6,47.4,1,1,1,0,0,"C"
2203,"S28","C111","North","general",18,0.984,0.758,14.3,9,"boy",-0.24,2,3,"other_language",0,0,6.5,6.4,7.4,7.1,7.3,0,5,7,9.1,2.8,4,51.9,3,5,5,5,5,4,5,3,5,3,4,4,4,5,5,2,1,1,3,1,2,1,1,1,1,1,1,3,1,1,2,2,1,4,5,5,3,5,4,3,3,4,4,5,3,4,3,,3,4,4,3,2,5,4,4,2,4,1,1,0,0,0,0,0,0,0,0,0,0,,,,,1,0,1,0,0,"A"
2204,"S28","C111","North","general",18,0.984,0.758,14.8,9,"girl",0.5,4,2,"majority_language",0,0,7.6,7.4,7.9,7.2,8.8,2,3,1,5,4,4,63.4,4,4,5,4,5,4,4,4,,,2,4,4,4,3,2,3,3,3,3,4,2,2,2,3,3,2,2,1,1,,,,4,2,5,4,4,4,3,4,5,4,3,3,4,3,,5,5,4,5,4,5,5,5,4,5,1,1,1,1,1,1,0,0,1,1,0,0,,,,,1,1,1,0,0,"C"
2205,"S28","C111","North","general",18,0.984,0.758,14.5,9,"boy",0.181,4,2,"other_language",0,0,7.3,7.1,,8.4,7.2,1,2,,6.5,1.1,2,50,5,5,5,5,4,5,4,5,5,5,,,,,,1,2,1,1,3,,2,3,1,3,3,2,,,,,,,3,4,3,5,4,2,5,,4,4,,,,,,3,4,5,,5,1,4,2,4,4,1,1,0,1,1,1,1,1,1,1,1,1,0.832,0.566,55.3,53.8,1,1,1,0,1,"A"
2206,"S28","C111","North","general",18,0.984,0.758,14.7,9,"boy",1.145,4,5,"majority_language",0,0,8.8,8.3,7,8,7.5,0,2,2,8.7,1.6,3,57.3,5,5,5,5,5,4,4,5,,,3,4,4,3,5,1,,1,2,1,1,2,4,1,4,1,2,1,2,1,,,,4,3,5,3,5,5,3,3,4,5,4,4,2,4,3,5,5,5,5,5,1,3,4,3,4,1,1,1,1,1,1,0,1,1,0,0,1,0.748,0.316,67.5,45.4,1,1,1,0,0,"C"
2207,"S28","C111","North","general",18,0.984,0.758,14.5,9,"girl",1.169,4,5,"majority_language",0,0,8.9,8.5,7.7,8.8,7.6,0,2,2,11.4,3.6,4,55.3,5,5,5,5,5,5,5,5,,,4,5,4,4,5,1,1,1,1,1,2,2,1,1,1,1,1,1,3,4,,,,,4,4,4,3,3,4,4,2,3,3,5,3,3,4,5,5,3,5,4,4,3,3,3,4,0,1,1,1,1,1,1,0,1,0,0,1,0.683,-0.01,30.6,51.4,1,1,1,0,0,"C"
2208,"S28","C111","North","general",18,0.984,0.758,15.1,9,"girl",-0.29,4,2,"other_language",0,0,7.3,7.2,7.8,6.9,6.9,7,1,5,6.2,4.3,4,59.2,3,5,4,5,5,4,5,5,,,5,5,5,5,4,3,2,2,2,2,,3,2,2,1,1,2,1,1,2,,,,4,3,3,5,4,3,2,5,5,5,4,5,5,5,3,,4,5,4,5,5,5,5,5,5,1,0,1,1,1,1,0,1,1,1,0,1,0.856,-0.499,53.4,54.5,1,1,1,0,0,"C"
2209,"S28","C111","North","general",18,0.984,0.758,15.5,9,"another_or_no_answer",0.047,4,4,"majority_language",0,0,7.2,6.7,8.1,7.4,6.4,4,7,4,5.6,5.7,5,52.9,4,3,3,5,4,4,2,5,,,4,5,4,4,3,2,3,1,4,2,,,1,1,1,1,1,2,1,1,,,,4,3,3,5,4,3,5,4,5,5,3,4,4,3,5,4,3,5,4,5,3,3,5,3,4,0,1,1,1,0,1,1,0,0,0,0,0,0.655,-0.315,44.5,35,1,1,1,0,0,"C"
2210,"S28","C111","North","general",18,0.984,0.758,14.7,9,"girl",0.55,5,,"majority_language",0,0,8,8.2,7.6,7.7,6.9,0,3,0,5.7,1.8,4,46.8,4,4,4,4,4,5,4,3,,,5,4,5,5,5,2,1,2,2,1,2,1,1,2,2,1,2,2,3,3,,,,4,5,5,5,4,5,4,4,4,,2,4,4,4,3,5,4,3,5,2,4,4,3,2,2,1,1,1,1,1,0,1,0,1,1,0,1,0.901,2.138,63.8,59.8,0,1,1,0,0,"C"
2211,"S28","C111","North","general",18,0.984,0.758,13.6,9,"boy",-0.986,,3,"majority_language",1,0,7,6.6,,6.8,5.9,6,1,,11.3,6.7,3,54.9,3,4,4,5,3,4,4,4,,,,,,,,1,2,1,2,2,1,1,2,1,2,1,1,,,,,,,3,1,3,2,3,3,2,4,3,3,,,,,,3,3,4,4,5,4,5,5,4,2,1,0,1,0,1,0,1,1,0,0,0,0,,,,,1,1,1,0,1,"C"
2212,"S28","C111","North","general",18,0.984,0.758,14.6,9,"boy",0.318,3,4,"majority_language",0,0,7.3,7.5,,7.3,6.9,1,4,,8.5,2.5,4,52.4,4,5,3,4,4,4,5,5,5,5,,,,,,2,1,1,2,1,1,1,,2,,,,,,,,,,4,3,4,5,4,3,5,5,5,3,,,,,,4,5,5,5,5,3,3,4,4,4,1,1,1,1,1,1,1,1,1,1,1,1,0.748,0.818,60.8,50.3,0,1,1,0,1,"B"
2213,"S28","C111","North","general",18,0.984,0.758,14.8,9,"boy",1.491,4,5,"majority_language",1,0,8.3,7.5,5.8,6.9,7.7,1,2,8,4.3,1.8,3,51,3,4,4,4,5,4,4,3,,,3,4,5,4,4,2,1,3,2,2,2,3,3,3,2,1,3,2,2,2,,,,5,5,4,4,4,5,4,5,,5,5,5,5,5,4,2,2,3,2,2,5,5,5,3,5,1,1,0,,1,0,0,0,0,0,0,0,0.924,-0.738,51.9,51.5,1,1,1,0,0,"C"
2214,"S28","C111","North","general",18,0.984,0.758,14.5,9,"girl",-0.291,2,3,"majority_language",1,0,7.3,7.4,,6.7,6.5,5,4,,8.1,2.8,2,58.6,3,4,4,4,4,5,5,3,,,,,,,,3,4,3,3,1,2,2,1,3,3,2,2,,,,,,,3,2,3,4,,5,5,5,5,5,,,,,,3,5,3,5,2,4,3,3,4,4,1,1,,1,1,1,1,1,0,,0,0,0.914,0.764,61.4,51.3,1,1,1,0,1,"C"
2215,"S28","C111","North","general",18,0.984,0.758,14.2,9,"girl",0.07,4,2,"majority_language",0,0,6.2,,,7.4,7.3,1,,,7,1.3,3,51.6,5,4,4,5,5,,,,,,,,,,,1,3,1,2,3,2,,,,,,,,,,,,,5,2,5,,5,,,,,,,,,,,4,4,3,5,4,5,5,5,5,4,1,1,1,1,0,1,0,1,0,0,0,1,0.483,0.481,51.3,47.2,1,1,1,1,1,"C"
2216,"S28","C111","North","general",18,0.984,0.758,13.7,9,"boy",0.444,2,,"majority_language",0,0,7.2,7.7,7.7,8.6,6.9,1,3,2,4.4,2.5,2,44,4,3,3,1,3,4,3,5,,,4,4,5,4,3,2,3,3,3,2,4,2,2,3,2,2,4,3,3,3,,,,4,4,5,4,5,5,4,5,4,5,4,5,4,3,4,4,3,2,4,5,4,4,4,4,5,1,1,1,1,1,1,1,1,,0,0,1,0.933,0.952,67.1,76.9,1,1,1,0,0,"C"
2217,"S28","C111","North","general",18,0.984,0.758,14.6,9,"girl",-0.707,1,3,"majority_language",0,0,6.5,6.4,6.4,6.7,6.7,3,4,2,4.3,3.6,1,51.2,1,2,,2,3,2,3,3,3,2,2,4,3,2,4,2,1,1,1,2,1,3,3,3,4,2,4,5,3,2,2,2,2,3,3,3,4,3,2,3,4,5,4,2,2,2,3,3,2,3,2,2,3,5,3,3,4,3,1,1,1,1,0,1,0,1,1,0,0,0,0.69,0.085,38.9,29.4,1,0,0,0,0,"A"
2218,"S28","C111","North","general",18,0.984,0.758,14.7,9,"girl",0.293,4,2,"majority_language",0,0,6.7,7.4,7.1,8.2,7.5,3,3,1,8.2,8,4,54.8,5,5,5,5,5,5,5,5,,,5,5,4,5,3,2,2,2,1,2,2,1,3,1,2,1,2,1,1,2,,,,3,5,4,5,3,5,4,4,3,4,3,5,4,3,4,5,5,5,5,5,5,3,4,4,4,1,1,1,1,0,1,1,1,1,1,0,0,0.892,-0.153,49.8,57.2,0,1,1,0,0,"C"
2219,"S28","C111","North","general",18,0.984,0.758,15,9,"boy",-0.393,3,4,"majority_language",0,0,8,8.8,8,8.2,8.4,1,0,1,14,2.4,5,62.8,5,5,5,,5,4,5,5,5,4,4,4,3,3,4,1,1,1,1,1,1,1,1,1,1,1,1,1,1,1,1,1,1,5,5,5,5,5,4,5,5,5,5,5,5,5,5,4,5,5,5,5,5,4,4,5,5,5,1,,1,1,1,1,1,1,1,1,1,0,0.749,1.279,43.1,52.3,1,0,0,0,0,"A"
2220,"S28","C111","North","general",18,0.984,0.758,14.4,9,"girl",0.651,5,4,"majority_language",0,0,6.8,7.3,6.8,7.7,7.4,0,12,3,3.7,3.1,4,41,5,5,3,5,,3,3,2,,,5,4,2,4,3,3,3,2,5,3,3,4,5,4,4,4,3,3,4,,,,,4,3,5,3,4,4,3,5,2,5,,3,5,4,3,5,5,4,4,3,4,4,5,4,5,1,1,1,1,0,0,1,1,0,,0,0,0.718,0.11,40.6,53.1,1,1,1,0,0,"C"
2221,"S28","C112","North","general",16,0.984,-1.168,16.1,11,"boy",-0.268,2,3,"other_language",0,0,7.8,7,6.8,7.5,5.3,7,2,4,8.1,5,3,49.9,4,5,4,,5,4,4,4,5,5,5,4,4,4,4,2,2,1,1,1,4,2,,1,,,,1,1,1,1,,2,2,4,2,4,4,3,4,2,4,2,2,4,3,,,,4,5,4,5,5,3,5,,2,1,1,1,1,1,1,1,1,0,1,0,0,0.678,0.732,37.9,43.2,1,1,1,0,0,"B"
2222,"S28","C112","North","general",16,0.984,-1.168,17.3,11,"girl",-1.488,1,1,"majority_language",0,0,6.8,7.1,6.5,7.8,6.1,10,3,26,6.5,3.6,5,47.2,4,5,4,5,3,,3,2,3,,2,3,,2,5,2,3,3,3,5,4,4,2,3,4,4,3,5,3,4,5,,3,2,2,1,3,2,3,3,3,,3,3,3,1,2,3,1,2,3,4,4,2,2,2,2,,1,1,1,1,0,0,1,0,1,0,0,0,0.663,-0.416,49,36,1,1,1,0,0,"A"
2223,"S28","C112","North","general",16,0.984,-1.168,16.6,11,"girl",-1.437,2,1,"majority_language",0,0,6.8,,,5.7,7,3,,,2.9,3.6,4,37.7,3,2,3,4,4,,,,,,,,,,,2,3,4,2,2,2,,,,,,,,,,,,,3,3,3,2,3,,,,,,,,,,,2,4,4,3,5,4,3,2,2,4,1,0,0,0,0,0,0,1,0,0,0,0,0.465,-0.605,37.9,45.6,0,1,1,1,1,"C"
2224,"S28","C112","North","general",16,0.984,-1.168,15.8,11,"girl",-0.609,2,1,"majority_language",0,1,7.7,7.3,,7.5,7.7,1,3,,8.9,6,5,40.3,3,5,4,5,4,4,5,,5,4,,,,,,3,3,2,2,2,3,2,2,1,,,,,,,,,,3,4,4,4,2,4,4,5,4,5,,,,,,4,4,4,3,5,,3,3,4,3,1,1,1,1,0,0,0,0,1,1,1,1,0.849,-1.196,58.2,50.7,1,1,1,0,1,"B"
2225,"S28","C112","North","general",16,0.984,-1.168,16.9,11,"boy",-0.444,2,2,"majority_language",0,0,7.7,8.3,8.6,7.4,7,2,0,1,3.7,5.5,2,54.4,4,5,5,3,5,4,5,4,5,5,3,5,4,2,3,3,3,2,3,3,2,1,1,,,,,2,3,3,1,1,,3,2,4,5,3,2,3,5,3,4,4,5,4,,,3,2,4,3,4,3,4,2,4,1,1,1,1,0,0,,0,0,0,0,0,1,0.767,1.1,54,55.4,1,1,1,0,0,"B"
2226,"S28","C112","North","general",16,0.984,-1.168,16.5,11,"girl",-0.967,4,1,"majority_language",0,0,7.8,,,7.7,7.9,2,,,4.7,3.9,5,48,4,4,4,3,5,,,,,,,,,,,1,1,1,1,1,1,,,,,,,,,,,,,4,4,4,4,2,,,,,,,,,,,2,4,4,4,4,2,4,5,4,2,1,1,1,1,1,0,0,0,1,1,1,1,0.849,-0.215,56.7,57.5,0,1,1,1,1,"A"
2227,"S28","C112","North","general",16,0.984,-1.168,16.5,11,"boy",1.827,5,4,"majority_language",0,0,6.9,6.3,,7.4,6.9,9,4,,8.3,3.7,5,57.5,5,5,5,4,5,5,4,5,,,,,,,,5,3,4,3,5,2,3,3,1,3,2,4,,,,,,,3,2,3,,2,3,2,3,3,1,,,,,,4,5,5,,4,3,3,3,3,2,0,1,1,1,0,0,0,0,0,0,0,0,0.597,-0.088,59.1,50.5,1,1,1,0,1,"C"
2228,"S28","C112","North","general",16,0.984,-1.168,16.8,11,"boy",0.874,5,5,"majority_language",1,0,8.3,9,9,7.3,6.3,3,2,0,9,1.4,4,53.6,5,5,5,5,4,3,3,5,4,2,4,4,5,4,5,1,1,3,1,2,1,2,1,1,,,,3,2,2,4,2,3,5,4,4,3,2,5,3,4,2,5,4,4,3,,,5,5,5,5,5,4,2,4,4,3,1,1,1,1,1,0,1,0,1,0,0,0,0.898,0.669,55.2,62.4,0,1,1,0,0,"B"
2229,"S28","C112","North","general",16,0.984,-1.168,16.3,11,"boy",-0.248,3,2,"majority_language",0,0,7.1,6.4,,6.6,6.8,0,3,,2.6,2.1,1,42.3,2,3,2,4,4,4,3,5,4,5,,,,,,3,2,1,2,3,1,1,2,2,2,1,3,,,,,,,2,3,3,3,4,4,4,5,5,5,,,,,,2,2,2,2,1,5,4,2,2,4,1,1,1,0,0,0,1,0,0,0,0,,0.786,1.074,60.7,58.2,1,0,1,0,1,"A"
2230,"S28","C112","North","general",16,0.984,-1.168,16.3,11,"boy",-0.747,2,2,"majority_language",0,0,6.3,,,6.7,7.7,11,,,5.1,2.2,3,50.5,2,4,3,4,4,,,,,,,,,,,,3,1,4,3,3,,,,,,,,,,,,,4,,1,2,3,,,,,,,,,,,4,4,4,4,4,3,2,4,4,2,1,1,0,0,1,0,0,0,0,0,0,0,0.663,-0.236,40.8,39.4,1,1,1,1,1,"A"
2231,"S28","C112","North","general",16,0.984,-1.168,16.7,11,"boy",0.65,3,5,"majority_language",0,0,7.3,7,7.2,6.4,6.3,6,3,0,3.1,2.7,2,43.4,2,3,4,,2,2,3,3,3,3,1,4,2,3,3,3,4,3,2,3,2,2,2,3,,,,2,1,1,1,,,1,3,1,2,3,3,4,2,3,2,4,,2,,,1,4,4,2,3,4,,2,1,3,0,1,0,1,1,1,1,1,0,0,0,0,0.907,0.676,73.2,55.8,1,1,1,0,0,"B"
2232,"S28","C112","North","general",16,0.984,-1.168,16.3,11,"girl",-0.561,2,1,"majority_language",0,0,6.1,7.5,8.2,5.8,6.5,1,0,0,1.8,4.4,1,41,2,1,2,2,1,3,2,1,5,1,2,4,2,3,1,4,3,2,2,3,3,2,2,2,3,2,1,4,2,4,2,2,3,3,4,2,1,1,3,3,3,2,2,5,5,5,4,4,2,2,2,4,4,3,2,1,2,3,1,1,1,0,1,1,0,1,1,0,0,0,0.9,0.616,68.7,46.2,0,0,0,0,0,"A"
2233,"S28","C112","North","general",16,0.984,-1.168,17,11,"boy",-0.37,3,3,"other_language",0,0,6.5,6.2,6.6,6.7,6.5,4,4,1,2.5,2.3,1,49.3,4,5,4,4,3,,4,2,,,3,3,4,2,,3,1,1,1,2,1,2,2,2,4,3,4,2,3,2,,,,2,2,2,3,3,5,5,,4,5,4,2,4,2,5,4,3,4,3,4,3,5,3,4,4,1,1,1,1,1,0,1,1,0,0,,0,0.766,-0.217,42.8,51.5,1,1,1,0,0,"C"
2234,"S28","C112","North","general",16,0.984,-1.168,16.3,11,"boy",-0.065,2,2,"majority_language",0,0,8.1,7.7,7.4,7.5,6.7,1,2,9,4.1,6.4,1,38.1,2,2,,4,2,1,3,4,4,2,2,3,1,3,4,4,4,2,4,4,3,3,3,3,,,,4,3,3,3,3,2,3,2,4,2,3,4,2,4,3,3,2,2,2,,,2,2,1,2,2,2,4,4,3,4,1,1,,0,0,0,1,1,0,1,0,,0.733,-1.94,62.9,61.3,1,1,1,0,0,"B"
2235,"S28","C112","North","general",16,0.984,-1.168,16,11,"boy",-0.38,1,3,"other_language",0,0,6.7,7.6,,7.3,7.1,15,6,,5,3.2,2,42,3,4,3,4,5,4,4,4,3,,,,,,,4,5,3,2,,3,3,2,4,,,,,,,,,,1,,1,2,,2,2,2,3,,,,,,,,4,2,2,2,1,1,1,2,2,1,1,1,1,0,,1,1,0,0,0,0,0.835,3.363,66.2,67.1,1,1,1,0,1,"B"
2236,"S28","C112","North","general",16,0.984,-1.168,16.3,11,"boy",-0.861,,,"majority_language",0,0,6.5,6.7,7.7,7.7,7.9,12,9,2,5.8,2.3,5,67.3,,4,5,,4,5,5,5,5,3,5,4,4,5,,1,2,4,3,3,,1,4,2,3,1,3,3,2,2,3,1,3,3,2,,4,4,3,4,4,4,4,3,5,5,4,5,5,,5,5,4,4,3,3,3,4,1,1,1,0,1,0,1,0,1,0,0,0,0.382,-0.941,27.4,38.6,1,0,1,0,0,"A"
2237,"S29","C113","North","general",18,0.418,1.947,16,10,"girl",-0.074,2,3,"majority_language",0,0,7.4,8.7,7.6,8.1,7.2,1,3,1,7.7,2.9,5,67.4,5,4,4,3,4,4,4,4,,,5,5,5,4,5,1,,2,1,2,2,1,1,2,1,1,1,2,2,,,,,,4,4,4,5,4,3,5,5,3,5,5,5,5,5,5,5,4,5,5,5,4,5,2,5,1,1,0,1,1,1,1,1,0,0,1,0,0.706,-0.58,52.7,65.8,1,1,1,0,0,"C"
2238,"S29","C113","North","general",18,0.418,1.947,15.1,10,"boy",0.863,4,5,"majority_language",0,0,7.8,7.4,7.9,7.4,6.9,7,3,2,10.6,2.8,3,60.4,5,,5,5,4,5,5,5,5,5,5,5,5,5,5,1,2,1,2,2,2,1,1,1,2,1,3,1,1,2,3,1,1,5,3,4,,2,2,2,2,4,3,2,3,4,3,1,5,5,5,5,4,5,5,5,5,4,1,0,,1,1,1,1,0,0,0,0,0,0.857,-0.135,48.7,43.1,1,0,0,0,0,"A"
2239,"S29","C113","North","general",18,0.418,1.947,15.2,10,"boy",0.937,,5,"other_language",0,0,7.4,7.8,7.3,6.8,7,0,9,7,5.5,1.9,4,43.2,4,2,3,3,2,5,5,4,4,3,4,5,5,4,5,2,2,2,2,1,2,3,3,4,,,,3,1,5,3,3,2,2,3,3,3,4,2,3,4,2,4,3,3,3,,,4,4,5,3,5,4,5,4,5,4,1,0,1,1,1,1,1,1,0,,0,1,0.8,0.338,51.2,59.2,1,1,1,0,0,"B"
2240,"S29","C113","North","general",18,0.418,1.947,14.8,10,"boy",1.558,5,4,"majority_language",0,0,8.1,7.7,8.9,7.9,7.2,1,3,3,6.7,5.8,4,53.8,3,5,5,5,5,4,4,3,,,4,4,3,5,5,1,1,2,2,,2,1,1,1,3,1,2,2,1,1,,,,5,5,5,3,4,3,4,,,5,3,4,5,3,3,5,3,5,4,4,5,4,3,4,4,1,0,0,1,1,0,0,0,0,1,1,1,0.838,2.38,62.7,59.1,1,1,1,0,0,"C"
2241,"S29","C113","North","general",18,0.418,1.947,14.9,10,"girl",-1.959,1,1,"majority_language",0,0,7.3,6.5,6.5,6.4,7.8,2,6,12,5.8,3.8,2,50.5,3,3,5,5,3,3,4,4,3,4,2,4,5,5,5,2,,4,3,3,4,,5,4,,,,4,3,5,5,2,3,4,5,5,5,,5,3,4,4,3,5,5,4,,,3,5,5,5,,4,5,4,3,,1,1,0,1,1,1,0,0,1,0,1,0,0.585,-0.759,35.4,36.1,1,1,1,0,0,"B"
2242,"S29","C113","North","general",18,0.418,1.947,15.4,10,"girl",0.674,,5,"majority_language",0,0,5.8,6.1,6.6,6.3,7.9,0,4,7,2.6,2.8,1,26.7,1,2,1,2,5,1,3,4,2,3,3,3,4,3,5,2,2,1,3,4,,1,2,2,1,1,2,2,2,1,1,3,2,4,3,4,4,5,3,4,4,3,4,4,4,2,3,3,1,1,2,1,2,3,2,3,4,3,1,1,1,0,0,1,1,0,0,0,0,0,0.618,-0.675,38.6,34,1,0,0,0,0,"A"
2243,"S29","C113","North","general",18,0.418,1.947,15.8,10,"boy",0.405,4,4,"majority_language",0,0,6.8,7.3,6.8,7.5,6.9,0,1,0,8,3.3,1,39.1,3,3,3,4,5,4,3,4,5,2,4,4,3,4,3,2,2,1,1,2,2,1,1,1,1,3,3,2,2,2,1,2,1,5,5,5,5,5,5,4,5,5,5,4,,5,5,5,5,5,4,3,3,4,4,4,5,5,1,1,1,1,1,1,1,1,1,1,1,0,0.668,0.534,60.8,52.2,0,0,1,0,0,"A"
2244,"S29","C113","North","general",18,0.418,1.947,14.9,10,"boy",1.894,5,4,"majority_language",0,0,9,,,8.6,6.9,1,,,4.6,2.9,5,70.1,4,5,4,5,5,,,,,,,,,,,1,2,1,3,1,3,,,,,,,,,,,,,5,5,5,5,5,,,,,,,,,,,5,4,5,,5,5,4,4,5,4,1,1,1,1,1,1,1,1,1,1,1,0,0.854,1.507,58.8,54.6,1,1,1,1,1,"B"
2245,"S29","C113","North","general",18,0.418,1.947,15.9,10,"girl",-0.073,4,5,"majority_language",1,0,6.1,6.3,7.1,6.4,7.8,2,0,7,6.4,2.3,3,48.6,5,5,4,5,3,4,4,5,4,5,3,3,3,4,5,1,1,1,3,1,2,1,2,2,1,2,1,1,2,,1,1,1,5,,,4,4,5,5,5,5,5,5,5,5,4,5,3,,3,4,5,5,4,5,5,,1,1,1,1,1,1,0,0,0,1,0,0,0.624,-0.87,33.5,40.5,1,0,1,0,0,"A"
2246,"S29","C113","North","general",18,0.418,1.947,15.1,10,"boy",-1.224,3,2,"other_language",1,0,5.9,6.7,7.3,6.6,6.4,8,5,12,5,4.2,2,42.5,4,4,4,4,5,4,5,4,,,4,5,4,4,4,2,3,1,2,2,2,3,2,,2,3,1,1,1,1,,,,4,4,,,4,5,5,5,4,4,,4,4,5,4,3,3,4,4,2,5,5,4,5,5,1,1,1,1,1,0,0,0,0,0,0,0,0.789,0.824,32.9,60,1,1,1,0,0,"C"
2247,"S29","C113","North","general",18,0.418,1.947,15.6,10,"girl",-0.865,2,2,"majority_language",0,1,8.8,6.9,7.1,7.2,7.7,3,15,8,5.3,3.9,5,61.1,5,3,4,5,4,4,4,4,5,5,4,3,4,4,5,,4,2,5,5,4,2,2,3,,,,2,1,1,2,1,1,3,3,,2,2,2,1,4,1,2,3,4,5,,,4,4,4,3,4,4,3,4,4,,1,1,1,1,1,1,1,,1,0,1,1,0.597,-1.097,32.2,34.4,1,1,1,0,0,"B"
2248,"S29","C113","North","general",18,0.418,1.947,16.1,10,"boy",0.998,3,4,"majority_language",0,0,7.5,6.9,7.2,8,5.9,4,6,4,7.7,2.3,5,47,5,4,3,3,4,5,4,5,,,4,5,4,4,4,1,1,1,1,3,1,3,3,2,3,3,1,2,5,3,,,,4,4,4,3,4,4,3,4,2,4,4,3,4,4,3,2,2,2,2,3,5,5,5,4,4,0,1,1,1,1,1,1,0,,1,0,0,0.917,-0.891,40.8,42.9,1,1,1,0,0,"C"
2249,"S29","C113","North","general",18,0.418,1.947,15.8,10,"boy",0.167,3,3,"majority_language",0,0,6.3,,,6.4,6.4,1,,,8,2.3,5,50.7,5,3,3,3,5,,,,,,,,,,,3,1,2,3,2,2,,,,,,,,,,,,,5,5,,5,4,,,,,,,,,,,5,4,2,3,3,5,5,5,5,5,1,0,0,1,1,1,0,0,0,0,0,0,0.753,-0.748,57.2,50.8,1,1,1,1,1,"A"
2250,"S29","C113","North","general",18,0.418,1.947,15.7,10,"boy",-0.92,3,1,"other_language",1,0,7.3,6.7,6,6.4,7.9,8,2,4,4.7,1.9,5,46.9,5,5,5,5,5,4,5,4,,,4,5,5,5,3,2,3,1,3,,2,2,2,2,4,3,2,4,2,4,,,,5,3,5,5,5,4,3,2,4,5,4,5,4,5,5,2,4,3,3,2,3,4,2,3,3,1,1,1,1,1,0,0,0,0,0,0,0,0.73,0.383,46,41,1,1,1,0,0,"C"
2251,"S29","C113","North","general",18,0.418,1.947,15.9,10,"girl",-1.587,1,2,"majority_language",0,0,5.9,,,6.8,6.9,2,,,1.5,3.9,1,50.2,4,2,5,3,4,,,,,,,,,,,2,2,2,2,4,4,,,,,,,,,,,,,5,5,5,5,4,,,,,,,,,,,5,5,3,,4,4,5,4,4,4,1,,1,1,1,,1,1,1,0,0,,0.744,0.541,44.5,44.4,1,1,1,1,1,"C"
2252,"S29","C113","North","general",18,0.418,1.947,15.7,10,"girl",2.174,5,5,"majority_language",0,0,9.6,8.2,8.9,9.4,8.9,2,1,0,14.4,1.5,5,69.5,5,5,5,5,5,5,5,5,5,5,4,4,3,3,4,1,1,1,1,1,1,1,1,1,2,1,1,1,1,1,3,1,1,5,4,5,4,2,4,5,5,5,5,4,3,5,4,,4,5,5,4,5,5,4,5,5,4,1,1,1,1,1,1,1,1,0,0,0,0,0.908,0.735,76.5,60.6,0,0,1,0,0,"A"
2253,"S29","C113","North","general",18,0.418,1.947,15,10,"girl",-0.264,1,5,"other_language",0,0,7.6,7.3,6.9,6.6,7.2,3,8,0,9.9,5.2,3,58.2,3,3,4,4,3,4,4,3,,,4,5,5,3,5,2,2,1,2,1,3,1,2,1,2,2,2,2,1,2,,,,4,5,,4,4,3,5,4,5,4,5,5,,4,4,4,2,4,4,4,5,3,5,3,5,1,1,1,0,0,0,0,1,0,0,0,0,0.839,0.482,38.2,46.1,1,1,1,0,0,"C"
2254,"S29","C113","North","general",18,0.418,1.947,15.7,10,"boy",0.702,4,4,"other_language",1,0,7.2,7.7,8.1,6.7,7.3,2,1,3,8.8,2.5,4,60.5,5,5,5,5,5,5,4,4,,,5,5,3,5,5,1,1,2,1,2,1,1,1,1,2,1,2,1,1,1,,,,4,5,5,5,5,5,5,5,5,5,5,5,5,5,5,4,4,4,3,3,5,5,5,5,4,1,0,0,0,0,0,0,0,0,0,0,0,0.68,-0.946,39.9,45.1,0,1,1,0,0,"C"
2255,"S29","C114","North","general",22,0.418,1.792,14.4,9,"girl",0.002,3,3,"majority_language",0,0,6.6,6.8,7.4,6.7,7,14,0,1,9.6,2.1,4,49.5,5,4,5,4,4,4,5,5,4,5,5,5,5,5,5,2,2,1,2,1,1,1,,1,,,,2,3,3,2,2,1,1,2,1,3,2,3,3,3,2,4,4,5,4,,,4,5,5,5,4,3,2,3,4,5,1,1,1,1,0,1,1,0,0,0,1,0,0.75,0.05,53.8,48.1,0,1,1,0,0,"B"
2256,"S29","C114","North","general",22,0.418,1.792,14.2,9,"boy",0.295,5,4,"majority_language",0,0,6.8,6.9,7.4,6.5,7.1,4,2,0,8.1,1.8,3,47,5,3,3,5,3,4,3,4,2,3,3,3,2,2,2,3,1,3,4,2,2,2,1,3,1,1,2,1,1,1,3,2,2,5,4,5,4,4,4,4,5,,3,4,5,5,4,4,4,3,2,3,3,4,,5,3,3,1,1,0,1,0,1,0,0,0,0,0,1,0.682,-0.444,50.7,34.8,1,1,0,0,0,"A"
2257,"S29","C114","North","general",22,0.418,1.792,14.6,9,"boy",-1.537,1,1,"majority_language",1,0,6.6,7.9,7,6,8.1,2,0,1,8.3,1.2,3,51,5,4,4,5,4,4,5,4,4,4,4,5,5,5,5,1,1,1,1,1,1,1,1,1,,,,1,2,1,1,1,3,5,4,4,5,3,5,5,5,5,4,5,5,5,,,3,2,4,4,5,4,3,5,5,5,1,0,1,0,0,0,0,1,0,0,0,0,0.561,-0.439,34.1,53.2,0,1,1,0,0,"B"
2258,"S29","C114","North","general",22,0.418,1.792,15,9,"boy",0.26,3,2,"majority_language",0,0,7.3,7.1,7.6,8.2,8.5,4,2,2,5.1,3.1,2,47.6,4,4,3,3,3,5,5,4,5,5,5,4,4,5,4,5,,1,2,4,3,3,2,2,2,1,2,3,3,1,3,1,2,2,4,5,4,3,4,4,4,4,5,4,5,4,5,5,3,3,3,4,2,5,4,5,4,5,1,1,1,1,1,1,1,1,1,0,0,1,0.651,0.775,53.8,54.6,1,0,0,0,0,"A"
2259,"S29","C114","North","general",22,0.418,1.792,14.5,9,"girl",-0.492,4,1,"majority_language",0,0,7.4,7.4,,6.6,6.9,0,3,,8.8,5.7,4,48.7,5,5,5,5,5,5,4,5,5,4,,,,,,1,2,3,2,1,1,1,1,1,,,,,,,,,,,5,4,4,4,5,5,5,5,5,,,,,,4,3,4,4,1,4,5,4,4,5,,1,0,0,0,0,0,0,0,0,0,0,0.854,-0.065,44.8,55.3,1,1,1,0,1,"B"
2260,"S29","C114","North","general",22,0.418,1.792,14.1,9,"girl",0.935,3,5,"majority_language",0,0,7,7.9,8.4,7.2,7.1,2,0,0,10.7,1.5,4,66.8,4,4,5,4,5,5,5,5,4,5,5,5,5,5,5,1,1,1,3,1,1,1,1,1,1,1,1,1,1,1,2,1,1,5,5,5,5,5,5,5,5,5,5,5,5,5,5,5,4,3,2,3,4,5,5,5,4,5,1,1,1,1,0,1,1,1,1,0,1,1,0.788,-0.227,55.1,60.1,0,0,0,0,0,"A"
2261,"S29","C114","North","general",22,0.418,1.792,14.6,9,"boy",-1.411,1,2,"majority_language",0,0,6.3,,,7,7.7,7,,,5.1,3.3,4,59.9,4,5,4,4,5,,,,,,,,,,,1,1,,,2,,,,,,,,,,,,,,3,4,4,4,3,,,,,,,,,,,3,5,5,4,4,5,5,2,4,5,1,1,1,1,1,1,1,0,1,0,0,0,0.842,0.543,54.9,52.8,1,1,1,1,1,"B"
2262,"S29","C114","North","general",22,0.418,1.792,14.8,9,"boy",0.473,4,4,"other_language",0,0,6.9,7,6.6,7.7,8.6,6,0,0,5,2,4,55.3,4,4,4,4,,5,4,3,3,4,5,5,3,4,4,1,2,,,2,3,3,1,1,,,,2,1,1,2,3,1,5,4,4,4,4,,3,4,2,4,4,3,4,,,3,5,3,5,4,5,5,5,4,5,1,0,0,0,0,1,1,0,0,1,1,1,0.831,0.401,53.3,52.4,1,1,1,0,0,"B"
2263,"S29","C114","North","general",22,0.418,1.792,14.5,9,"boy",-0.388,1,2,"other_language",0,0,6.7,8,6.3,6.6,7.2,2,0,1,0.7,2.8,4,40.2,2,2,2,4,3,4,3,,,,5,4,4,4,,1,1,1,3,,2,2,1,1,1,2,3,1,1,1,,,,3,4,5,5,5,5,5,4,5,,4,,4,5,5,3,4,4,3,3,4,3,3,4,3,1,1,0,0,0,,1,0,1,0,0,0,0.39,-1.38,33.8,41,1,1,1,0,0,"C"
2264,"S29","C114","North","general",22,0.418,1.792,14.7,9,"boy",-0.635,4,4,"majority_language",0,0,7,6.9,7.4,7,6.2,6,3,7,8.4,3,1,47.6,4,3,4,4,4,4,,5,4,4,4,4,4,3,5,3,3,3,3,5,3,2,5,3,4,4,,3,1,1,3,3,1,4,4,4,5,3,5,5,4,5,4,4,4,4,5,3,4,5,5,3,4,5,5,4,4,5,1,1,1,0,0,1,1,0,1,0,1,0,0.489,-1.07,50,60.4,0,1,0,0,0,"A"
2265,"S29","C114","North","general",22,0.418,1.792,14.4,9,"boy",-0.484,4,1,"majority_language",0,0,7,6.7,7.8,8.8,8.3,2,2,1,8.5,1.7,4,49.8,3,5,3,5,2,5,3,5,,,5,,5,5,5,3,1,1,1,3,1,1,1,2,1,1,1,1,1,1,,,,5,5,4,5,4,5,4,5,,4,5,5,5,4,5,3,3,4,5,5,5,5,5,5,4,1,0,1,1,1,1,1,1,0,0,0,0,0.925,1.317,59.5,72.1,0,1,1,0,0,"C"
2266,"S29","C114","North","general",22,0.418,1.792,14.5,9,"boy",0.456,2,2,"majority_language",0,0,7.7,7.4,7.2,7.3,7.7,4,1,0,10.2,4,4,46.6,5,5,5,4,5,5,,4,,,5,4,4,4,5,1,3,2,3,2,3,1,2,1,2,1,1,,2,1,,,,4,2,2,3,3,4,5,4,3,4,5,4,5,4,5,3,4,5,4,2,4,4,5,4,4,1,,1,1,1,1,,1,0,1,1,1,0.842,0.331,44.3,55.9,1,1,1,0,0,"C"
2267,"S29","C114","North","general",22,0.418,1.792,14.2,9,"boy",-0.53,2,3,"majority_language",0,0,6.1,6,6,7,6.4,12,11,1,4.3,1.4,2,59,3,5,4,5,3,4,4,5,,,5,4,2,5,5,2,2,1,2,2,1,,2,3,1,2,,3,3,4,,,,4,,3,2,4,2,2,4,4,2,3,3,5,5,,2,4,5,4,4,5,5,4,5,5,1,1,,0,0,0,,1,0,0,0,0,0.762,-1.678,50,48.8,1,1,1,0,0,"C"
2268,"S29","C114","North","general",22,0.418,1.792,14.7,9,"girl",1.133,5,5,"other_language",0,0,8.8,8.1,8.4,8.4,8.5,0,2,8,9.3,2.8,3,63.1,4,5,5,4,5,4,5,5,5,5,5,5,5,5,5,1,1,1,2,1,1,1,1,1,,,,1,3,4,3,2,3,4,5,5,5,3,5,4,5,5,4,5,4,5,,,5,,4,5,5,4,5,5,4,3,1,1,1,1,1,1,0,1,1,0,0,0,0.88,1.676,52.5,65.7,1,1,1,0,0,"B"
2269,"S29","C114","North","general",22,0.418,1.792,14.7,9,"boy",0.155,3,2,"majority_language",0,0,7.6,,,7.5,7.1,3,,,7.9,3.1,5,58,5,,4,5,5,,,,,,,,,,,2,1,2,3,1,2,,,,,,,,,,,,,2,4,,4,5,,,,,,,,,,,5,2,4,4,5,4,5,5,5,4,1,,0,1,1,1,0,0,0,0,1,0,0.76,0.472,60.5,60.7,1,1,1,1,1,"A"
2270,"S29","C114","North","general",22,0.418,1.792,14.4,9,"girl",0.494,5,5,"other_language",0,0,6.6,7.4,7.7,5.6,7.1,3,0,1,9.9,1.4,2,35.8,4,5,3,3,4,2,2,4,4,5,5,5,3,4,3,3,4,3,1,5,2,1,1,1,,,,2,4,2,1,1,1,,5,5,,5,5,5,4,3,3,5,4,5,,,3,4,4,5,5,4,5,4,5,5,1,1,1,0,1,0,0,0,0,0,0,0,0.814,1.778,60.3,66.8,1,1,1,0,0,"B"
2271,"S29","C114","North","general",22,0.418,1.792,14.3,9,"boy",1.47,5,3,"majority_language",0,0,7,5.6,6.7,7.4,7.7,2,0,0,7.3,1.9,1,44.4,,2,3,4,4,4,4,4,4,5,2,,3,3,4,1,1,2,2,2,2,1,2,2,1,1,1,2,1,3,2,2,2,4,4,4,5,3,4,5,5,5,5,4,5,4,5,5,3,5,5,3,4,4,5,3,3,2,,1,1,1,0,0,1,0,1,0,0,0,0.908,0.05,55.2,55,1,0,1,0,0,"A"
2272,"S29","C114","North","general",22,0.418,1.792,15.1,9,"girl",0.656,4,3,"other_language",0,0,8.2,7.1,7.9,6.6,7.7,2,1,1,7.1,3.1,4,58.2,3,2,5,3,5,5,5,5,,,4,3,4,4,4,1,3,1,1,1,2,1,4,1,1,1,1,1,3,2,,,,5,5,5,5,5,5,5,5,5,5,5,5,5,5,5,4,3,4,4,4,4,4,5,4,5,1,1,1,1,1,0,1,1,0,1,0,0,0.897,0.997,61.1,58.7,0,1,1,0,0,"C"
2273,"S29","C114","North","general",22,0.418,1.792,14.8,9,"girl",0.789,5,2,"majority_language",0,0,8.4,8.4,8.9,7.8,7.6,1,2,0,4,4.6,5,62.2,5,5,5,4,5,3,5,4,4,4,5,4,4,4,4,1,1,1,1,1,1,1,1,1,,,,1,2,1,1,1,1,4,5,5,5,5,4,5,5,5,5,5,4,5,,,5,5,4,5,5,5,5,5,5,,1,1,1,1,1,0,1,0,0,1,1,0,0.891,1.879,56.8,51.4,1,1,1,0,0,"B"
2274,"S29","C114","North","general",22,0.418,1.792,14,9,"boy",-0.753,1,4,"other_language",1,0,7.1,,,7.1,6.2,3,,,7.4,2,2,48,5,4,,5,,,,,,,,,,,,2,2,2,2,3,3,,,,,,,,,,,,,2,4,5,3,4,,,,,,,,,,,4,4,3,5,2,4,5,5,4,3,1,0,1,,0,1,0,1,0,1,0,0,0.799,0.463,45.3,53.1,1,1,1,1,1,"C"
2275,"S29","C114","North","general",22,0.418,1.792,14.1,9,"boy",-0.691,2,4,"majority_language",0,0,5.8,6,6.2,5.8,6.8,4,8,5,7.3,5.5,2,45.4,2,2,4,3,2,2,3,4,2,3,3,4,4,2,3,3,2,4,2,3,3,4,3,1,3,2,3,3,3,3,3,4,2,4,5,5,2,4,4,5,5,5,4,5,5,5,5,5,3,2,2,1,3,5,5,4,5,5,1,1,0,1,0,0,1,0,0,0,0,0,,,,,1,0,0,0,0,"A"
2276,"S29","C114","North","general",22,0.418,1.792,13.9,9,"boy",1.239,4,3,"majority_language",0,0,8,8.1,6.7,9,6.7,1,0,3,8.1,2.3,4,49,4,5,5,5,4,3,4,4,4,4,4,5,4,5,3,1,1,1,1,1,2,1,1,1,,,,1,1,1,2,1,3,2,3,3,4,4,2,3,4,4,4,3,2,4,,,5,4,3,4,5,3,4,5,3,5,1,1,1,1,1,,1,1,0,1,1,1,0.946,1.693,65.5,74,1,1,1,0,0,"B"
2277,"S29","C115","North","general",17,0.418,-0.105,16,10,"girl",2.615,5,5,"majority_language",0,0,6.8,7.3,7,7.6,7.2,3,4,0,7.9,2.1,4,58.3,4,,4,4,4,4,4,4,5,3,4,4,3,3,3,2,2,3,1,3,1,2,2,2,,,,1,2,2,2,3,3,4,4,3,4,5,3,4,4,4,4,2,5,3,,,4,3,3,4,4,2,4,5,4,4,1,1,1,0,0,1,0,,0,0,1,0,0.799,-0.252,52.5,50.2,1,1,1,0,0,"B"
2278,"S29","C115","North","general",17,0.418,-0.105,15.7,10,"girl",-1.39,2,1,"other_language",1,1,7.3,6.4,,5.8,7.2,5,3,,7.8,3.2,1,51.6,3,2,3,2,3,2,3,5,3,4,,,,,,2,3,3,2,4,2,3,4,3,2,1,3,,,,,,,3,4,4,4,2,3,4,2,5,4,,,,,,3,1,2,3,,,4,3,3,4,1,1,1,1,1,0,0,0,0,0,0,0,0.718,-1.148,36.3,50.1,1,0,1,0,1,"A"
2279,"S29","C115","North","general",17,0.418,-0.105,15.7,10,"boy",-0.189,4,1,"other_language",0,0,5.6,5.7,6.5,6.1,7,3,3,17,3.8,2.8,1,41.4,4,4,,2,3,2,4,3,,,4,4,,3,5,4,3,4,2,3,3,3,3,3,3,,3,2,2,2,,,,2,,4,5,5,2,4,2,5,4,2,3,2,3,4,5,4,5,4,3,,4,2,3,2,1,1,0,1,0,0,0,0,1,0,1,0,0.432,-2.295,35.4,37,1,1,1,0,0,"C"
2280,"S29","C115","North","general",17,0.418,-0.105,16,10,"girl",0.185,5,5,"majority_language",0,0,6.1,5.8,6.6,6.9,7.1,6,6,4,6.9,3.4,1,44.7,2,2,2,3,4,3,3,3,4,3,4,3,3,3,2,2,3,4,3,4,5,,2,3,,,,4,3,4,5,4,3,5,2,2,4,,4,2,4,2,2,3,4,4,,,3,5,4,3,2,1,3,4,,2,1,1,0,0,0,0,0,0,0,0,0,0,0.439,-1.968,28.7,53.8,1,1,1,0,0,"B"
2281,"S29","C115","North","general",17,0.418,-0.105,15.3,10,"boy",0.346,3,3,"majority_language",0,0,6.7,7.9,7.3,7.3,7.4,3,0,3,6.2,1.5,4,47,,2,4,4,4,,3,3,,,4,3,4,3,2,2,2,2,3,,3,2,3,1,2,3,3,2,2,1,,,,5,4,,5,4,5,5,5,5,5,5,5,4,5,4,4,3,3,3,3,3,3,3,3,3,1,1,1,1,1,0,0,0,0,1,0,0,0.875,1.44,45.9,58.8,1,1,1,0,0,"C"
2282,"S29","C115","North","general",17,0.418,-0.105,15.3,10,"girl",0.294,3,3,"other_language",1,0,6.3,6.9,6.6,6.1,6.4,4,0,4,7.8,2.9,3,55.4,4,3,4,4,1,3,3,4,4,5,3,3,4,4,3,2,2,3,3,3,2,3,2,3,3,5,4,3,3,3,3,4,4,3,2,2,1,1,1,4,2,4,,2,4,1,4,4,,3,3,5,4,2,2,2,3,1,0,1,1,0,0,0,0,0,0,0,0,1,0.889,0.382,55.1,55.3,1,1,0,0,0,"A"
2283,"S29","C115","North","general",17,0.418,-0.105,15.8,10,"girl",-0.688,1,1,"majority_language",0,1,5.5,4.8,,6.2,4.9,5,14,,3.6,5.5,3,34,2,2,2,3,3,4,3,5,,,,,,,,3,2,3,3,2,2,2,3,4,2,,2,,,,,,,4,,2,2,2,3,3,1,3,,,,,,,2,4,4,5,4,2,3,3,2,,0,0,0,0,0,0,1,0,0,0,0,0,0.35,-1.548,20,21.8,1,1,1,0,1,"C"
2284,"S29","C115","North","general",17,0.418,-0.105,15.3,10,"boy",-1.038,1,2,"majority_language",0,0,6.5,6,5.5,6,6.8,11,1,2,2.7,2.8,3,49.2,3,1,2,3,3,4,3,5,5,5,5,4,4,4,,3,4,2,3,5,3,4,4,2,4,4,2,3,,4,,3,4,2,2,5,3,2,,3,3,3,4,5,3,,3,3,3,4,4,4,3,2,3,4,2,2,1,1,0,0,0,0,0,0,0,0,0,,0.512,-1.929,28.9,33.6,1,1,1,0,0,"A"
2285,"S29","C115","North","general",17,0.418,-0.105,15.7,10,"boy",-0.917,1,4,"majority_language",0,0,6.4,6.7,5.4,6.9,7.5,9,5,14,3.5,3.3,5,57.4,4,5,4,3,4,,3,4,,,2,1,1,2,2,1,3,1,2,1,3,3,3,3,2,5,2,3,3,4,,,,4,4,5,2,3,4,5,3,4,3,3,5,5,3,4,5,3,4,4,3,3,3,4,3,,1,0,0,0,0,0,0,0,0,0,0,0,0.62,-0.817,40.6,42.7,1,1,1,0,0,"C"
2286,"S29","C115","North","general",17,0.418,-0.105,15.1,10,"girl",-0.649,2,1,"other_language",0,0,6.2,6.8,7.1,7.5,6.9,3,4,2,4.3,4.1,4,52.4,3,4,3,4,5,3,5,4,,,4,4,4,3,5,3,4,,2,2,2,2,3,3,,1,1,2,2,1,,,,5,4,3,5,4,5,4,4,4,3,3,,2,2,5,3,3,3,5,3,3,5,2,3,4,1,1,1,1,0,0,0,0,1,0,0,0,0.609,-1.558,35.3,48,1,1,1,0,0,"C"
2287,"S29","C115","North","general",17,0.418,-0.105,15.1,10,"boy",-0.071,3,3,"other_language",0,0,6.9,7.6,7.3,7,6.7,2,0,3,5.9,3,5,47.7,3,4,5,4,5,3,4,4,3,3,5,4,4,5,5,1,1,1,2,1,1,2,1,1,1,2,2,1,1,1,1,2,1,4,4,5,5,5,5,5,3,5,3,3,5,5,5,4,5,,4,4,4,3,2,4,5,,0,0,1,1,1,0,0,0,0,0,0,0,0.626,0.912,59.8,62.3,1,0,0,0,0,"A"
2288,"S29","C115","North","general",17,0.418,-0.105,15.9,10,"boy",-0.69,2,3,"majority_language",0,0,5.4,6,6.9,5.7,4.7,1,2,10,5.5,2.4,3,40.7,5,2,4,2,3,4,4,5,3,3,4,3,3,3,4,3,3,3,3,3,3,1,2,4,,,,2,4,2,4,1,4,2,4,2,3,2,5,5,5,,5,5,5,3,,,1,3,4,2,3,4,,5,4,3,1,0,0,0,1,0,0,0,0,0,0,0,0.683,-1.309,28.1,28.8,1,1,1,0,0,"B"
2289,"S29","C115","North","general",17,0.418,-0.105,15.1,10,"girl",1.149,3,3,"majority_language",0,0,7.3,6.7,6.7,7.1,8,7,3,1,7,2.8,1,58.2,3,4,4,3,5,3,4,5,,,5,5,4,4,3,3,4,2,3,4,4,2,4,3,2,4,2,1,2,3,,,,3,4,5,3,4,5,5,5,4,4,2,4,4,4,2,3,5,4,,3,2,4,2,2,2,1,1,1,1,1,1,1,1,0,1,0,0,0.619,0.614,35.3,36.6,1,1,1,0,0,"C"
2290,"S29","C115","North","general",17,0.418,-0.105,15.4,10,"boy",-0.499,2,2,"majority_language",0,0,6.7,,,7.2,7.8,3,,,6.9,2.8,2,55.4,3,5,4,4,4,,,,,,,,,,,2,1,2,4,2,2,,,,,,,,,,,,,5,4,4,5,5,,,,,,,,,,,4,4,4,5,4,4,4,4,4,2,1,0,1,1,0,,1,0,0,0,0,0,,,,,1,1,1,1,1,"B"
2291,"S29","C115","North","general",17,0.418,-0.105,15.5,10,"girl",1.261,5,5,"majority_language",0,0,6.9,7,7.2,6.1,6.7,0,5,1,6.6,1.5,2,52.2,3,4,5,,5,4,5,5,5,5,5,5,5,5,5,4,3,2,2,2,4,2,4,2,,,,2,3,3,3,2,2,5,3,5,4,5,5,2,3,1,3,3,3,4,,,5,5,5,3,3,1,2,3,4,2,1,1,1,0,0,1,0,0,0,1,0,0,0.705,-0.515,38.9,45.6,1,1,1,0,0,"B"
2292,"S29","C115","North","general",17,0.418,-0.105,15.6,10,"girl",1.635,5,,"majority_language",0,0,8.9,9.2,6.8,7.3,7.1,4,3,7,5.6,5.7,4,53.7,5,4,4,5,4,5,5,2,5,5,4,4,5,5,5,1,2,1,2,1,1,2,2,3,,,,3,4,4,3,2,3,5,3,1,3,2,4,4,3,3,2,2,3,3,,,4,3,5,4,4,2,3,3,2,3,1,1,1,1,,0,1,0,1,0,1,0,0.838,0.123,52.9,56.3,1,1,1,0,0,"B"
2293,"S29","C115","North","general",17,0.418,-0.105,15.5,10,"girl",1.096,4,3,"other_language",0,0,6.9,6,6.1,6.5,7,9,5,2,3.1,1.6,1,43.7,2,2,,2,1,2,4,4,2,1,3,2,2,2,2,2,,2,2,1,3,3,1,3,,,,2,3,2,1,2,2,1,4,3,4,4,5,5,5,4,5,5,4,2,,,3,2,2,3,3,2,3,2,1,2,0,0,,0,1,0,0,0,0,0,0,0,0.528,-1.631,34.9,39.6,1,1,1,0,0,"B"
2294,"S29","C116","North","general",20,0.418,-0.289,16.8,11,"girl",0.283,3,4,"majority_language",0,0,7.2,8.3,7.9,7.9,7.5,0,3,1,8.1,1.3,5,51.6,5,4,5,5,3,2,4,3,,,3,3,2,4,3,4,,1,1,2,,1,1,2,1,3,2,1,2,3,,,,4,4,4,2,3,4,5,,3,3,4,,3,3,3,4,5,4,4,4,3,4,4,3,4,1,1,0,0,1,1,0,0,1,1,1,0,0.677,0.253,47.1,40.9,1,1,1,0,0,"C"
2295,"S29","C116","North","general",20,0.418,-0.289,16.1,11,"boy",-1.496,1,2,"majority_language",0,0,7.2,7.5,6.9,7.1,7.2,2,2,2,9.6,2.3,5,68.4,5,5,4,5,5,5,5,3,4,5,3,3,4,2,4,1,1,1,1,2,1,1,1,2,,,,1,2,1,2,2,1,4,4,3,3,4,4,4,4,5,5,4,4,4,,,2,4,4,3,4,4,3,4,4,4,1,1,1,0,0,0,0,0,0,0,0,0,0.758,-0.705,41.9,37.1,0,1,1,0,0,"B"
2296,"S29","C116","North","general",20,0.418,-0.289,16.5,11,"girl",-1.181,1,2,"majority_language",0,0,8,8,7.9,7.6,6.5,2,2,0,5.7,2.9,3,56.7,4,3,4,3,3,4,5,5,5,,4,5,5,4,5,3,2,2,1,2,2,2,4,3,,,,2,4,3,,3,2,4,4,3,3,4,3,4,5,3,2,,4,,,,5,5,4,5,5,4,5,4,5,3,1,1,0,0,1,1,1,0,0,0,0,0,0.565,0.756,33.9,54.4,0,1,1,0,0,"B"
2297,"S29","C116","North","general",20,0.418,-0.289,16.5,11,"boy",0.371,3,4,"majority_language",0,0,8.1,7.8,7.4,6.5,6.5,1,2,1,7.2,3.2,3,58.3,5,5,4,4,2,4,3,2,,,3,4,3,4,5,1,2,3,2,2,1,3,,1,4,2,4,2,1,3,,,,,3,3,3,2,3,3,1,3,3,3,5,1,3,4,2,3,4,3,3,2,3,3,4,3,0,1,0,1,1,1,1,0,0,0,0,0,0.777,-0.642,53.2,44.5,1,1,1,0,0,"C"
2298,"S29","C116","North","general",20,0.418,-0.289,17,11,"boy",-0.407,2,2,"other_language",0,0,7.1,7.3,7.2,6.4,6.7,3,9,2,6.7,3.8,2,53.3,4,4,5,5,5,4,4,2,,,4,5,4,3,4,1,2,1,2,3,3,2,2,1,2,2,2,1,4,3,,,,3,5,4,2,2,3,2,,3,3,3,3,3,4,3,4,,3,3,4,,5,4,4,3,1,1,1,0,0,1,1,1,0,0,0,1,,,,,1,1,1,0,0,"C"
2299,"S29","C116","North","general",20,0.418,-0.289,16.5,11,"boy",0.201,3,2,"majority_language",0,0,7.7,8,7.1,7.4,7.6,1,7,7,7.4,1.5,4,58.6,5,4,5,5,4,5,5,4,5,4,4,3,5,5,,1,2,2,3,2,3,2,2,2,,,,,1,2,3,1,,2,3,2,4,4,2,1,2,3,4,4,2,4,,,4,3,4,4,5,3,5,2,4,4,1,1,1,1,1,1,1,0,0,0,0,0,,,,,1,1,1,0,0,"B"
2300,"S29","C116","North","general",20,0.418,-0.289,16.4,11,"boy",-0.887,,1,"majority_language",0,0,6.5,7.3,7.2,7.4,6.9,0,2,0,8.6,1.2,2,51.9,5,5,5,4,4,3,2,3,5,2,5,3,4,4,3,2,2,2,2,1,1,1,1,2,2,1,1,3,1,3,2,2,3,3,3,2,,1,5,3,5,4,3,5,3,4,3,4,4,5,4,2,5,2,3,4,4,4,1,1,0,1,1,,0,1,0,0,0,0,0.719,-1.577,43,65.4,1,0,0,0,0,"A"
2301,"S29","C116","North","general",20,0.418,-0.289,16.4,11,"boy",1.518,5,5,"majority_language",0,0,7.7,8.5,,6.3,4.7,3,0,,5.2,4.3,3,50.1,4,3,3,2,4,2,4,2,,,,,,,,2,2,1,2,2,1,2,3,1,3,2,1,,,,,,,5,3,3,2,3,4,3,2,5,5,,,,,,4,4,5,4,5,3,2,2,3,3,1,1,1,1,1,1,0,0,0,0,0,1,0.869,0.022,60.9,58.6,0,1,1,0,1,"C"
2302,"S29","C116","North","general",20,0.418,-0.289,16.6,11,"boy",-0.468,3,1,"majority_language",0,0,7.4,7.3,8.2,8.3,7.6,6,3,2,10.4,3.7,5,58.6,5,4,5,5,5,5,5,5,,,5,5,4,5,5,5,4,3,2,,4,3,3,1,1,3,2,4,2,2,,,,4,3,4,2,3,3,4,3,4,3,3,5,2,3,3,5,4,4,2,,4,3,2,2,4,0,0,1,1,0,1,0,1,,0,0,0,0.639,-1.028,46.6,47.9,1,1,1,0,0,"C"
2303,"S29","C116","North","general",20,0.418,-0.289,16.5,11,"girl",0.638,4,2,"majority_language",0,0,6.7,6.5,6.6,6.7,5.3,15,1,7,4.6,3.6,2,43.2,3,4,5,3,4,3,2,2,3,3,3,1,3,2,3,2,2,3,3,2,3,1,1,2,2,3,3,2,,3,1,2,2,4,3,5,5,3,4,3,2,3,5,3,2,2,2,2,2,3,4,3,3,2,2,3,2,2,1,0,0,1,1,0,0,0,0,0,0,0,0.469,0.101,37.2,54.6,0,0,1,0,0,"A"
2304,"S29","C116","North","general",20,0.418,-0.289,15.9,11,"girl",-0.279,4,3,"majority_language",0,0,6.2,6.1,6.9,6.6,7,6,6,0,2.6,0.7,5,44.9,3,,3,2,4,4,3,4,,,4,2,3,4,4,3,3,1,2,2,3,2,3,3,2,1,2,2,3,1,,,,4,5,5,5,4,4,4,5,4,4,3,4,4,4,4,4,4,5,3,3,2,4,4,4,5,1,1,1,1,1,1,1,0,0,0,0,0,0.35,-1.28,41.5,27.2,1,1,1,0,0,"C"
2305,"S29","C116","North","general",20,0.418,-0.289,16.8,11,"girl",-0.141,4,4,"majority_language",0,0,7.9,7.3,6.9,8.9,7.1,0,4,0,4.8,2.3,2,56.5,5,5,4,4,4,3,3,2,3,4,3,2,5,3,4,3,1,4,,3,1,1,3,2,3,4,2,3,3,2,3,2,1,2,4,4,,,3,5,4,4,4,5,5,5,5,4,5,5,,5,2,4,3,3,4,4,1,1,1,1,1,1,1,1,1,1,1,0,0.912,1.065,67.9,64.1,1,0,0,0,0,"A"
2306,"S29","C116","North","general",20,0.418,-0.289,16.1,11,"boy",0.025,3,2,"other_language",1,0,6.8,6.4,7.6,7.6,7.5,0,1,4,6.1,1.9,2,47.6,3,4,,5,4,5,5,5,3,4,5,4,2,4,5,2,1,1,3,1,1,3,2,1,,,,1,1,1,1,2,2,3,2,3,2,3,2,4,,2,5,5,4,3,,,2,2,3,4,5,3,2,,3,5,1,1,1,0,1,1,1,0,1,0,0,1,,,,,1,1,1,0,0,"B"
2307,"S29","C116","North","general",20,0.418,-0.289,16.7,11,"girl",0.68,4,4,"majority_language",0,0,7.2,7.6,8.1,7.4,6.6,1,6,2,3.5,3.1,1,52,3,1,2,3,4,2,2,2,,,2,4,2,3,2,3,2,3,1,2,3,3,3,2,2,2,3,3,2,2,,,,4,2,2,2,4,2,3,1,4,4,5,4,4,3,,3,4,3,5,4,4,2,3,1,2,1,0,1,1,1,,0,0,0,0,0,0,0.633,-0.123,49.4,53.2,1,1,1,0,0,"C"
2308,"S29","C116","North","general",20,0.418,-0.289,16.9,11,"boy",-0.561,1,3,"majority_language",1,0,6.5,6.8,,6.2,6.3,2,1,,5.6,3.4,4,43.1,4,4,5,4,4,2,3,4,4,3,,,,,,1,1,2,3,1,4,2,1,3,2,4,2,,,,,,,3,2,5,2,4,4,2,4,1,3,,,,,,3,3,,2,3,4,3,4,5,4,1,1,0,1,0,1,1,1,0,0,0,0,0.869,-1.011,33.6,36.2,1,0,1,0,1,"A"
2309,"S29","C116","North","general",20,0.418,-0.289,16.8,11,"girl",-0.415,5,3,"other_language",0,0,7.3,7.2,7.5,6.7,6.1,6,16,1,4.2,4.2,2,46.9,3,3,3,1,3,5,5,3,4,4,5,4,4,5,4,1,1,1,1,1,1,2,,2,2,2,1,1,2,,3,2,2,,4,2,4,2,5,3,3,4,3,3,3,4,2,2,3,3,2,3,3,4,2,3,4,3,1,1,1,0,0,0,0,0,1,0,0,0,,,,,1,1,1,0,0,"A"
2310,"S29","C116","North","general",20,0.418,-0.289,16.7,11,"girl",0.326,3,3,"majority_language",0,0,6,7.2,6.5,7.3,6.8,1,1,3,7.5,3.1,1,48.6,4,3,4,3,2,5,4,5,3,2,5,3,3,2,3,2,1,,3,4,2,2,1,1,,,,1,1,3,1,3,1,4,5,5,4,5,4,3,4,5,3,5,4,5,,,3,,,3,5,5,,3,5,5,1,1,,1,0,1,1,0,0,0,0,0,0.701,-1.236,49.1,66.2,1,1,1,0,0,"B"
2311,"S29","C116","North","general",20,0.418,-0.289,16.6,11,"girl",-0.053,2,2,"majority_language",0,0,6.7,7.6,7.7,6.5,7.3,2,5,3,6.5,1.9,3,54.5,4,4,5,,4,5,4,5,,,5,5,4,5,4,2,1,2,1,1,1,3,1,2,2,1,3,3,2,1,,,,2,3,4,4,2,5,2,4,5,4,4,2,5,5,4,4,4,4,3,3,3,3,2,3,2,1,1,1,1,1,0,0,0,0,0,0,0,0.884,-1.091,46.1,66.4,1,1,1,0,0,"C"
2312,"S29","C116","North","general",20,0.418,-0.289,16.5,11,"girl",-0.727,1,1,"majority_language",0,0,7.4,7.3,6.7,5.6,8.1,4,4,6,7.9,1.6,2,52.2,4,4,4,3,4,3,4,,,,3,3,5,4,3,1,1,1,1,1,1,,2,2,2,3,2,3,1,1,,,,5,,3,4,3,5,3,4,5,4,4,4,2,4,4,4,4,3,2,3,4,5,3,2,3,1,1,1,1,0,,1,0,0,,0,0,0.5,-1.647,26.5,36.8,1,1,1,0,0,"C"
2313,"S29","C116","North","general",20,0.418,-0.289,17,11,"girl",0.368,2,1,"majority_language",0,0,7,7.1,7.2,6.6,8.1,1,5,6,8.9,2.4,4,54.6,5,5,4,4,4,2,1,1,3,4,4,4,2,3,3,2,5,2,2,1,2,1,2,,,,,1,1,2,1,2,3,4,4,4,4,5,2,2,5,4,2,4,3,3,,,4,5,5,5,3,2,3,2,3,2,0,0,1,0,1,1,1,1,0,1,0,0,0.669,-1.023,48.7,35.4,0,1,1,0,0,"B"
2314,"S30","C117","South","vocational",17,-1.355,0.225,17.7,12,"boy",-0.076,4,,"majority_language",0,0,7,6.5,6.6,5.9,7,9,0,0,2.3,2,2,40.7,3,2,2,2,2,2,3,3,1,3,3,4,5,3,4,,3,2,2,3,2,2,2,2,1,3,2,1,3,1,3,3,2,4,2,3,3,3,3,3,2,4,3,3,,3,4,4,1,2,1,2,3,3,2,2,1,4,0,1,0,0,,1,0,0,0,0,1,0,0.574,0.693,57.4,39.5,1,0,1,0,0,"A"
2315,"S30","C117","South","vocational",17,-1.355,0.225,17.5,12,"girl",0.306,5,3,"majority_language",0,0,6.6,6.4,7.2,6.2,7.2,2,4,1,6.9,1.6,5,52.5,4,5,4,5,3,3,4,5,,,4,5,4,5,4,2,1,1,2,1,1,1,1,1,1,1,1,2,1,1,,,,3,5,4,5,5,3,4,3,4,1,3,4,3,4,3,4,4,5,3,3,4,4,3,4,5,1,1,0,0,0,0,1,0,1,0,0,0,,,,,1,1,1,0,0,"C"
2316,"S30","C117","South","vocational",17,-1.355,0.225,17.2,12,"boy",-1.164,1,1,"majority_language",0,0,6.2,6.9,6.5,6,6.9,4,5,0,4.4,1.5,2,44.2,2,3,3,5,,3,5,3,3,5,4,4,3,3,4,2,1,2,2,3,2,2,3,1,,,,2,2,2,2,2,1,4,2,5,4,3,4,4,4,3,2,5,5,4,,,4,5,3,4,3,3,2,3,3,1,0,1,1,1,0,,0,0,0,0,0,0,0.461,-1.293,41,45,1,1,1,0,0,"B"
2317,"S30","C117","South","vocational",17,-1.355,0.225,17,12,"boy",0.221,5,2,"majority_language",0,0,7.3,6.6,7.1,8.3,7,4,6,0,4.6,2.1,5,55,3,2,5,5,5,4,2,4,3,2,3,2,2,4,,2,3,4,1,4,3,3,4,2,2,3,2,2,2,1,1,,1,3,2,2,3,2,3,4,4,3,3,4,3,4,3,3,4,4,3,4,3,2,4,3,4,2,1,1,1,1,1,1,0,1,1,0,0,1,0.89,-0.198,60.4,54.4,0,0,1,0,0,"A"
2318,"S30","C117","South","vocational",17,-1.355,0.225,17.2,12,"girl",0.206,2,2,"majority_language",0,0,5.7,5.8,6,6.9,5.7,5,1,2,3.7,2.7,2,40.5,3,3,4,1,2,4,4,5,5,4,3,5,4,5,5,1,2,2,3,1,3,,3,3,,,,4,3,2,2,1,2,,2,5,4,3,3,5,2,1,3,4,2,1,,,4,3,3,3,3,3,4,3,2,3,1,0,1,1,0,0,0,0,,0,,0,0.802,0.605,55.4,52.4,1,1,1,0,0,"B"
2319,"S30","C117","South","vocational",17,-1.355,0.225,16.9,12,"boy",-0.461,2,2,"majority_language",1,0,5.8,,,6.6,8,5,,,7.6,3.8,4,56.9,4,4,5,4,5,,,,,,,,,,,3,4,3,,2,3,,,,,,,,,,,,,3,2,2,4,3,,,,,,,,,,,3,4,5,4,5,3,3,3,4,3,1,0,1,1,0,0,0,0,1,0,0,0,0.839,0.174,59.5,48,1,1,1,1,1,"B"
2320,"S30","C117","South","vocational",17,-1.355,0.225,17.1,12,"boy",0.554,3,3,"majority_language",0,0,7.4,6.7,7,6.8,6.8,0,1,7,6.4,1.8,4,50.6,3,3,4,4,5,3,4,4,3,4,2,4,3,2,2,3,1,1,3,2,1,2,2,1,,,,1,2,1,3,4,4,4,3,4,4,4,4,,4,3,3,3,4,3,,,3,4,4,3,3,1,3,3,3,3,1,1,0,1,0,1,1,1,1,0,0,0,0.867,0.506,47.9,46,0,1,1,0,0,"B"
2321,"S30","C117","South","vocational",17,-1.355,0.225,16.7,12,"girl",-0.263,5,4,"majority_language",0,0,5.5,5.8,,7.6,7.1,8,1,,6,2.8,3,46.7,3,4,5,,4,5,5,3,,,,,,,,5,4,3,5,3,2,2,3,2,3,2,2,,,,,,,3,2,3,3,2,2,4,4,4,,,,,,,3,,4,3,5,4,4,3,4,3,0,0,1,1,1,0,1,0,0,0,0,0,0.719,-0.006,53.9,50.7,1,1,1,0,1,"C"
2322,"S30","C117","South","vocational",17,-1.355,0.225,17.3,12,"girl",-0.787,2,2,"other_language",1,0,7.1,,,6.1,6.3,1,,,8.4,1.4,3,49.8,5,5,4,5,5,,,,,,,,,,,1,1,2,3,3,4,,,,,,,,,,,,,5,4,3,4,5,,,,,,,,,,,4,2,3,2,4,,4,4,3,4,1,1,0,0,0,0,0,0,0,1,0,0,0.799,-0.15,40.9,44.4,1,1,1,1,1,"C"
2323,"S30","C117","South","vocational",17,-1.355,0.225,17.9,12,"girl",-0.646,1,4,"other_language",1,0,6.4,,,6.2,7.5,12,,,6.8,1.7,2,64,5,5,5,4,4,,,,,,,,,,,3,2,2,3,3,5,,,,,,,,,,,,,4,2,2,4,4,,,,,,,,,,,5,4,5,5,4,2,3,3,1,2,1,0,0,1,1,0,0,0,0,1,0,0,0.542,-0.418,36.2,45.5,0,1,1,1,1,"C"
2324,"S30","C117","South","vocational",17,-1.355,0.225,17.1,12,"boy",-1.679,1,1,"majority_language",0,0,7,,,5,6.5,15,,,7.5,3.1,2,38.9,3,5,4,5,3,,,,,,,,,,,3,4,4,3,3,2,,,,,,,,,,,,,2,2,5,5,,,,,,,,,,,,1,1,1,3,5,4,3,3,4,4,1,1,1,0,0,0,0,0,0,0,0,0,,,,,1,1,1,1,1,"C"
2325,"S30","C117","South","vocational",17,-1.355,0.225,18.1,12,"girl",1.19,4,5,"majority_language",0,0,7.8,7.2,7.2,8.4,8.9,0,2,7,7.9,4.7,5,57.9,4,5,5,5,4,5,5,5,5,5,5,5,5,5,4,2,1,1,2,2,2,1,1,1,1,2,1,2,2,,3,1,2,4,4,3,2,2,4,,3,3,4,3,3,2,2,3,3,3,3,3,4,3,2,3,3,1,1,1,1,1,1,0,1,1,0,1,0,0,0.929,-0.631,56,55.4,0,1,1,0,0,"A"
2326,"S30","C117","South","vocational",17,-1.355,0.225,17.7,12,"boy",0.251,4,2,"majority_language",0,1,8.3,7.4,6.9,7,8.3,6,0,5,6.6,1.9,1,54.9,4,4,4,5,2,4,3,3,2,2,4,4,3,3,3,3,2,,2,1,1,2,3,1,3,2,3,3,4,2,3,5,3,3,3,1,2,1,2,2,2,2,1,3,5,1,3,3,4,2,4,2,2,3,2,2,4,3,1,1,1,1,1,1,0,1,1,0,0,0,0.676,-0.49,54.2,49.3,1,0,0,0,0,"A"
2327,"S30","C117","South","vocational",17,-1.355,0.225,17.7,12,"boy",0.943,2,4,"majority_language",1,0,7.5,8.1,8,8.1,7.2,2,1,2,5,3.1,3,49.9,4,3,5,5,4,5,3,4,,,5,3,4,5,5,3,4,2,,3,3,1,1,1,1,1,1,2,,1,,,,4,,3,4,2,4,5,2,4,5,3,5,4,5,5,4,4,2,4,4,4,4,4,5,4,1,1,1,1,0,0,0,0,1,0,1,1,0.621,-0.641,39.3,47.1,1,1,1,0,0,"C"
2328,"S30","C117","South","vocational",17,-1.355,0.225,17.4,12,"girl",0.419,5,5,"majority_language",0,0,8.4,8.3,7.5,7.2,7.2,4,2,2,6.9,1.6,4,59.9,5,4,5,4,4,4,5,5,5,4,,3,5,4,4,3,2,2,2,1,2,1,2,2,1,1,3,2,2,4,2,1,2,5,5,5,5,5,5,5,4,5,5,5,5,3,5,5,4,4,5,5,4,5,4,5,5,5,,,1,1,1,0,1,0,0,,0,1,0.816,0.146,57.4,63.7,1,0,1,0,0,"A"
2329,"S30","C117","South","vocational",17,-1.355,0.225,17.7,12,"girl",-1.009,1,1,"majority_language",0,0,6.9,6.3,5.7,6.9,7.8,2,10,2,3.2,2.9,3,54.1,,4,4,4,2,4,2,4,3,5,4,5,5,4,4,1,3,1,1,1,1,1,2,3,,,,1,1,1,1,1,3,2,4,4,3,5,3,5,3,4,3,4,4,4,,,4,4,4,,4,2,3,4,3,3,1,1,1,0,1,1,0,0,1,0,0,0,0.532,0.349,44.4,57.8,1,1,1,0,0,"B"
2330,"S30","C117","South","vocational",17,-1.355,0.225,18.1,12,"girl",-1.273,1,2,"majority_language",0,0,5.2,5.7,,5.3,7.3,1,16,,5.4,5.9,2,37.4,4,2,4,,,2,3,4,,4,,,,,,,4,4,2,5,4,2,3,2,,,,,,,,,,,4,4,3,2,4,5,5,4,,,,,,,3,5,4,3,4,3,5,3,4,4,1,0,0,0,0,0,0,0,0,0,0,0,0.366,-1.626,33.6,26.9,1,1,1,0,1,"B"
2331,"S30","C118","South","vocational",22,-1.355,-0.831,16.1,11,"girl",0.158,3,4,"majority_language",0,0,7.8,7.8,7.7,8,6.8,3,1,2,4.8,1.3,3,52.1,3,4,,3,,4,4,4,,,4,4,4,4,5,1,1,1,1,1,1,1,1,2,1,2,1,3,2,3,,,,2,4,3,4,3,4,4,3,3,4,3,4,3,4,4,3,4,4,,4,4,4,2,5,2,1,1,1,0,1,1,0,1,1,1,0,0,0.876,-0.45,48.4,40,1,1,1,0,0,"C"
2332,"S30","C118","South","vocational",22,-1.355,-0.831,16.7,11,"boy",-1.265,1,1,"majority_language",0,0,7.3,7.6,,6.2,6.5,10,7,,3.8,2.9,2,47.1,5,,,4,5,3,3,4,,,,,,,,4,2,2,3,3,2,1,2,1,2,1,1,,,,,,,3,3,3,3,,2,2,3,1,4,,,,,,2,2,4,,3,2,4,3,3,2,1,1,0,1,1,1,,0,0,1,0,0,0.95,0.843,59.8,55.1,1,1,1,0,1,"C"
2333,"S30","C118","South","vocational",22,-1.355,-0.831,16.4,11,"boy",-1.542,1,1,"majority_language",0,0,5.5,6,6.6,6.1,5.8,4,2,2,3.5,3.1,3,45.7,4,3,2,2,2,4,5,3,,3,4,4,3,4,3,3,3,4,2,3,3,,,2,,,,2,1,1,4,3,1,,3,2,3,3,5,3,2,1,3,3,3,3,,,1,2,3,4,2,2,3,2,,2,0,1,0,0,0,0,0,0,0,0,0,1,0.871,1.466,67.8,62.7,1,1,1,0,0,"B"
2334,"S30","C118","South","vocational",22,-1.355,-0.831,16.9,11,"girl",-0.604,4,3,"majority_language",0,0,6.7,6.4,5.4,8.2,8.3,2,10,1,5,2.2,3,44.8,3,5,3,4,4,4,3,4,,,2,4,5,4,4,1,1,2,,2,2,3,3,3,4,3,3,,,1,,,,2,2,4,4,5,4,3,1,3,4,1,1,3,2,1,1,3,3,4,2,4,2,3,2,2,1,0,0,0,1,0,0,0,1,0,,1,0.583,-2.167,29.5,41.2,1,1,1,0,0,"C"
2335,"S30","C118","South","vocational",22,-1.355,-0.831,16.1,11,"boy",-1.499,3,3,"majority_language",0,0,6.2,,,5.4,5.7,12,,,2.6,3.8,1,45.8,1,2,1,1,1,,,,,,,,,,,1,,1,,2,2,,,,,,,,,,,,,1,2,3,2,,,,,,,,,,,,3,3,3,2,4,4,2,3,,3,0,0,0,0,0,0,0,0,0,0,0,0,0.367,-0.221,26.5,23.5,1,1,1,1,1,"B"
2336,"S30","C118","South","vocational",22,-1.355,-0.831,17,11,"boy",-0.379,2,1,"majority_language",1,0,7.7,7.4,7.3,7.3,7.3,5,1,3,6.9,2.1,4,53.3,4,4,4,2,4,4,3,3,2,3,4,3,3,3,4,1,1,2,1,1,1,2,1,2,,,,1,2,1,1,2,3,5,4,2,,4,4,2,3,3,5,4,4,1,,,5,4,,5,5,2,3,1,1,2,1,1,1,1,1,1,0,1,1,1,1,1,0.79,1.141,63.6,41.8,1,1,1,0,0,"B"
2337,"S30","C118","South","vocational",22,-1.355,-0.831,16.7,11,"girl",-0.722,1,2,"majority_language",0,0,7.2,8,8.3,7,6,5,4,4,10.1,2.7,2,63.8,5,5,5,,4,5,,5,5,5,3,2,3,4,5,2,1,2,1,2,1,2,1,1,2,1,2,2,1,3,2,3,3,4,5,2,3,2,2,4,5,4,4,4,4,4,,4,3,2,4,1,4,2,2,3,3,,1,0,1,,1,1,,0,0,0,0,0,,,,,1,1,1,0,0,"A"
2338,"S30","C118","South","vocational",22,-1.355,-0.831,16.2,11,"girl",-1.323,1,3,"majority_language",0,0,5.9,6.4,,5.6,7.1,16,1,,6.1,3,1,44.9,2,4,3,3,3,2,3,2,,5,,,,,,2,2,3,1,,3,2,3,1,2,3,2,,,,,,,,1,4,2,3,2,2,2,2,2,,,,,,2,3,3,2,2,2,2,3,2,3,1,1,0,0,0,1,0,0,0,0,0,0,0.368,-2.608,33.8,38.4,1,1,1,0,1,"A"
2339,"S30","C118","South","vocational",22,-1.355,-0.831,16.8,11,"girl",-0.47,2,3,"majority_language",0,0,6.4,6.3,5.4,6.4,6.3,5,7,8,3,4.3,4,40.6,3,3,5,2,3,4,5,3,4,5,4,4,3,3,3,4,5,4,3,,4,2,4,,3,2,3,1,1,2,1,1,4,3,5,5,3,,4,4,4,5,5,4,5,,3,3,2,3,2,3,2,4,5,,4,5,1,0,1,0,0,0,1,0,0,,0,1,0.677,0.22,38.9,53.1,1,1,1,0,0,"A"
2340,"S30","C118","South","vocational",22,-1.355,-0.831,16.7,11,"girl",-0.761,2,3,"majority_language",1,0,7.2,7.2,7.2,7.2,6.4,1,6,11,4.4,6.4,2,45.7,3,3,3,2,2,4,4,,,,4,2,3,2,2,1,1,2,2,1,3,1,1,1,1,1,2,,1,2,,,,3,3,4,3,4,4,4,3,4,3,1,5,3,5,3,4,4,,4,,1,2,3,2,4,1,1,1,1,1,1,1,0,0,0,0,0,0.892,0.038,55.6,64.7,1,1,1,0,0,"C"
2341,"S30","C118","South","vocational",22,-1.355,-0.831,16.7,11,"boy",-1.213,2,2,"majority_language",0,0,6,5.9,6.3,6,6.8,9,16,3,1.8,3.7,4,32.6,4,3,3,4,4,4,,3,5,,,2,2,3,3,3,4,4,5,3,,2,2,3,,,,2,1,1,3,2,3,4,2,1,3,2,3,1,3,3,2,2,3,3,,,2,,2,2,3,,2,3,1,1,0,0,0,0,1,0,0,0,0,0,0,0,0.659,-1.338,46.7,32.3,1,1,1,0,0,"B"
2342,"S30","C118","South","vocational",22,-1.355,-0.831,17.3,11,"boy",-0.523,3,4,"majority_language",0,0,6.2,7.5,7.1,5.8,6.2,9,6,30,2.1,2.4,1,43.9,3,4,,2,5,4,3,4,4,4,4,2,2,5,2,1,1,2,3,1,4,,2,2,2,2,4,3,2,3,2,3,4,3,4,3,3,3,3,,4,4,5,,4,4,2,2,5,5,3,4,4,1,1,2,,2,1,1,0,1,0,0,0,0,0,0,0,1,0.836,0.097,43,52.7,1,1,1,0,0,"A"
2343,"S30","C118","South","vocational",22,-1.355,-0.831,16.6,11,"girl",-2.023,1,1,"majority_language",0,1,7.8,8,6.6,7.5,7.3,9,7,9,1.4,2.7,4,51.7,5,5,4,5,5,3,3,2,4,,4,,3,4,4,2,3,,4,2,3,3,4,2,,3,1,2,3,4,5,4,2,3,4,2,3,2,2,3,4,1,3,2,5,2,1,2,1,3,1,4,3,2,4,3,2,3,1,1,1,1,0,1,0,0,0,0,0,1,0.701,-0.916,42.6,51.8,1,1,1,0,0,"A"
2344,"S30","C118","South","vocational",22,-1.355,-0.831,16.4,11,"girl",-0.292,2,3,"majority_language",0,0,6.8,6.5,6.8,6.7,5.8,10,10,4,3.8,3.6,1,43.4,2,2,2,2,2,3,2,2,3,2,3,2,3,4,1,4,2,3,1,4,2,4,3,5,3,,5,2,2,1,,2,1,4,3,2,3,5,,3,4,4,4,2,1,2,2,3,4,3,5,4,3,3,3,4,3,3,1,1,1,0,0,0,0,,0,0,0,0,0.46,-2.126,32.7,37.1,1,1,1,0,0,"A"
2345,"S30","C118","South","vocational",22,-1.355,-0.831,16.8,11,"girl",-0.888,3,2,"majority_language",0,0,5.8,6.7,,6.6,7.9,8,1,,4.8,3.3,3,43.5,3,3,3,5,4,1,3,4,4,2,,,,,,2,3,3,2,3,3,2,4,4,2,2,2,,,,,,,3,3,1,3,3,,3,2,5,3,,,,,,2,,2,2,3,4,2,,2,4,1,1,1,1,0,0,0,,1,0,0,0,,,,,1,1,1,0,1,"A"
2346,"S30","C118","South","vocational",22,-1.355,-0.831,17.1,11,"girl",-0.56,2,3,"majority_language",0,0,6.9,7.2,6.6,7.2,7.7,1,4,3,6.1,1.5,2,51.3,3,,4,3,5,2,2,3,2,2,3,1,4,4,3,1,1,2,1,1,1,2,1,2,,,,1,1,2,1,2,2,4,3,3,4,5,2,4,1,2,2,2,2,1,,,4,3,3,3,3,1,3,2,3,1,1,,0,1,1,1,0,0,0,0,1,0,0.702,-0.472,52.3,46,1,1,1,0,0,"B"
2347,"S30","C118","South","vocational",22,-1.355,-0.831,16.2,11,"boy",-1.211,1,2,"majority_language",0,1,6.8,6.1,,7.2,7.5,28,8,,4.5,2.4,1,38,2,,3,5,,1,1,1,3,4,,,,,,1,3,2,3,4,1,4,4,4,,,,,,,,,,4,4,4,3,2,5,5,,3,2,,,,,,4,4,4,4,4,1,2,2,,4,0,1,,0,0,0,0,0,0,0,0,0,,,,,1,1,1,0,1,"B"
2348,"S30","C118","South","vocational",22,-1.355,-0.831,16.9,11,"boy",1.036,5,3,"majority_language",0,0,7.6,8.1,7.2,8.8,6.4,2,1,1,4,1.3,4,60.8,4,3,5,5,4,3,4,3,5,3,4,4,2,4,3,1,1,1,1,1,1,1,1,1,1,1,1,1,1,1,1,1,,3,4,2,4,3,3,3,2,3,3,,5,1,4,2,4,5,4,4,5,3,2,1,3,2,1,1,1,1,1,1,1,1,1,1,1,0,0.836,1.128,60.8,68.2,0,0,1,0,0,"A"
2349,"S30","C118","South","vocational",22,-1.355,-0.831,16.6,11,"boy",0.12,3,3,"majority_language",0,0,8.1,7.5,7.3,6.5,7.8,3,2,1,4,1.9,3,48.4,5,3,3,1,4,2,2,,,,1,2,3,2,4,1,3,2,3,2,3,2,3,1,1,,2,1,2,1,,,,5,3,4,3,4,4,3,5,3,4,,5,5,4,,2,2,2,2,3,3,2,4,4,5,1,1,1,1,1,0,1,0,1,1,0,1,0.699,0.63,52,38.7,0,1,1,0,0,"C"
2350,"S30","C118","South","vocational",22,-1.355,-0.831,16.2,11,"girl",0.161,2,3,"other_language",0,0,6.9,,,8.1,6.6,4,,,7.1,1.5,5,46,4,5,5,4,3,,,,,,,,,,,2,2,2,1,4,2,,,,,,,,,,,,,2,3,3,1,2,,,,,,,,,,,3,5,3,4,3,3,3,4,2,2,1,1,,0,1,0,1,0,0,0,1,1,0.905,0.682,53.2,56.9,1,1,1,1,1,"C"
2351,"S30","C118","South","vocational",22,-1.355,-0.831,16.2,11,"boy",1.595,5,3,"majority_language",0,0,7.5,7.8,7.1,8.1,6.9,4,2,2,7.5,1.8,4,54,3,4,5,5,5,5,4,4,5,4,5,5,5,5,5,2,3,2,3,2,1,3,2,4,,,,2,1,2,3,1,1,2,2,2,4,2,3,2,1,2,3,2,2,3,,,4,3,4,4,3,2,3,5,2,3,1,0,1,1,1,0,1,1,1,1,1,0,0.457,-1.17,35.8,29.1,0,1,1,0,0,"B"
2352,"S30","C118","South","vocational",22,-1.355,-0.831,16.6,11,"girl",-0.117,2,3,"majority_language",0,0,7.1,6.4,7,6.3,6.7,6,3,15,10,3.2,2,54.2,4,3,3,4,4,1,3,3,4,3,2,1,3,2,1,2,1,2,2,2,1,2,,3,,,,3,3,4,2,3,1,3,3,3,2,2,2,3,3,4,4,1,2,1,,,4,5,4,4,3,3,1,2,3,2,1,1,0,1,0,1,0,0,1,0,1,0,0.431,-0.48,44.4,53.8,0,1,1,0,0,"B"
2353,"S30","C119","South","vocational",20,-1.355,-0.114,15.8,10,"boy",-0.932,2,2,"majority_language",0,0,5.8,,,5.2,6.2,5,,,6.8,4.3,2,35.9,2,2,1,,2,,,,,,,,,,,5,4,2,3,2,2,,,,,,,,,,,,,,5,5,5,4,,,,,,,,,,,4,,4,5,5,3,4,4,4,2,1,1,1,0,0,0,0,0,0,0,0,0,0.885,1.21,58.9,49,1,1,1,1,1,"C"
2354,"S30","C119","South","vocational",20,-1.355,-0.114,15.4,10,"boy",-0.593,1,1,"majority_language",0,0,6.5,6.6,,6,6.2,3,0,,2.4,5,2,42.4,3,2,4,3,2,4,2,3,4,4,,,,,,2,2,1,2,3,3,,,3,,,,,,,,,,2,3,2,,2,2,4,3,3,1,,,,,,2,4,3,4,2,3,3,1,3,2,1,1,0,1,1,0,0,0,0,0,0,0,0.856,0.012,43.5,56.7,1,1,1,0,1,"B"
2355,"S30","C119","South","vocational",20,-1.355,-0.114,15.3,10,"girl",-0.146,3,5,"majority_language",0,0,6.8,,,7.7,8.6,6,,,6.4,2.4,3,57.7,5,5,4,3,4,,,,,,,,,,,2,2,3,3,1,1,,,,,,,,,,,,,3,3,3,3,3,,,,,,,,,,,5,4,4,5,5,2,3,2,4,2,1,1,1,1,1,1,1,1,1,1,1,0,0.816,0.517,62.2,50,0,1,1,1,1,"C"
2356,"S30","C119","South","vocational",20,-1.355,-0.114,15.5,10,"girl",0.498,3,4,"majority_language",0,0,7.5,7,7.1,7.3,6.9,2,0,3,8.4,3,2,61,4,4,2,4,5,3,2,3,3,5,4,4,4,5,5,2,3,3,3,3,,1,2,1,3,1,1,3,3,2,3,2,,3,3,5,4,4,4,4,3,4,4,4,5,3,5,3,4,5,5,5,4,4,4,3,,2,1,1,0,0,1,0,1,1,0,0,0,0,0.851,0.293,48.9,56.7,1,0,1,0,0,"A"
2357,"S30","C119","South","vocational",20,-1.355,-0.114,15.6,10,"girl",-0.312,3,1,"majority_language",0,0,6.4,6.4,4.5,6.8,6.2,1,4,3,4.1,4.7,2,43,3,2,1,,1,2,3,,2,4,3,3,2,3,2,2,4,3,2,3,2,2,3,3,,3,2,4,3,3,1,4,4,4,3,4,5,3,4,,4,3,2,3,3,4,3,4,4,5,5,4,4,3,3,3,2,5,1,1,1,,0,1,0,0,1,0,1,0,0.811,-0.116,52.8,68.6,1,1,0,0,0,"A"
2358,"S30","C119","South","vocational",20,-1.355,-0.114,14.9,10,"girl",-0.563,3,3,"other_language",1,0,6.1,7.2,7.2,6.7,6.1,2,2,5,3.9,10,1,43.8,1,2,3,3,,2,2,2,2,4,3,5,3,4,3,3,1,4,4,4,4,2,1,1,4,4,3,2,2,2,4,2,3,3,3,5,4,,3,3,3,2,3,4,3,4,5,5,2,3,4,1,2,3,2,1,2,2,0,0,1,0,1,1,0,0,0,0,0,0,,,,,1,0,0,0,0,"A"
2359,"S30","C119","South","vocational",20,-1.355,-0.114,15.5,10,"girl",-0.909,2,2,"majority_language",0,0,7.3,6.4,7,7.4,7.1,5,3,9,6.9,2.4,2,45,4,2,3,3,4,5,4,2,,,5,2,3,3,3,2,3,2,,2,3,2,4,3,3,4,3,2,3,2,,,,4,3,5,4,4,2,4,4,4,4,4,5,,3,3,4,2,4,,5,3,3,3,3,2,1,1,1,1,0,1,,0,0,0,0,0,0.68,-0.96,42.3,33.6,1,1,1,0,0,"C"
2360,"S30","C119","South","vocational",20,-1.355,-0.114,15.4,10,"girl",-1.365,1,3,"majority_language",0,0,6.6,6.3,,6.1,5.9,17,1,,3.5,2.3,3,55.6,2,3,3,,4,4,,4,1,2,,,,,,3,4,3,,,3,3,4,4,,,,,,,,,,2,2,1,2,4,4,3,4,3,3,,,,,,4,4,4,,4,4,3,3,3,4,0,0,1,1,0,1,0,0,0,0,0,1,,,,,1,1,1,0,1,"B"
2361,"S30","C119","South","vocational",20,-1.355,-0.114,15.8,10,"boy",0.03,3,3,"majority_language",0,0,8.3,8.2,7.3,6.8,6.1,1,0,0,9.6,3.7,4,50.2,4,4,5,5,5,3,3,3,,,3,3,5,4,3,1,2,1,1,1,1,3,2,1,1,1,2,2,1,2,,,,5,3,4,4,5,3,5,3,5,5,5,5,5,5,5,3,2,4,3,3,2,2,5,2,5,1,1,1,1,0,1,1,1,1,1,0,0,0.864,1.23,51.2,48.9,0,1,1,0,0,"C"
2362,"S30","C119","South","vocational",20,-1.355,-0.114,15.5,10,"boy",-0.689,4,3,"majority_language",0,0,6.3,6.3,6.3,6.7,7.3,6,6,7,6.2,4.6,1,47.9,2,3,2,4,2,1,3,1,3,2,3,3,3,3,3,1,3,2,3,4,4,2,4,1,,,,3,2,3,5,3,,1,3,4,3,4,2,,3,5,2,2,2,3,,,5,5,4,5,5,3,4,2,2,2,1,1,1,0,0,0,0,0,0,0,1,0,0.756,-0.407,43.7,43.1,0,1,1,0,0,"B"
2363,"S30","C119","South","vocational",20,-1.355,-0.114,16,10,"girl",-0.428,1,3,"majority_language",0,0,6.9,5.6,,6.7,6.1,13,7,,5.1,3.6,1,48,2,3,5,1,2,1,3,1,,,,,,,,,,2,2,3,3,2,3,1,2,4,,,,,,,,4,3,4,2,2,4,4,2,3,5,,,,,,2,3,3,2,,3,4,2,3,2,1,0,0,1,0,0,0,0,0,0,0,0,,,,,1,1,1,0,1,"C"
2364,"S30","C119","South","vocational",20,-1.355,-0.114,15.7,10,"boy",-0.187,1,1,"majority_language",0,0,6.3,6.1,6.7,5.2,7,2,7,15,4.7,1.3,3,46.1,4,4,4,4,3,2,,1,,,3,5,3,2,4,,3,1,2,2,2,2,5,3,3,4,3,3,3,2,,,,3,3,3,3,3,4,4,2,3,4,3,2,3,4,5,4,3,2,3,3,2,4,5,5,3,,1,0,0,1,1,0,0,0,0,0,0,0.641,-0.304,45.5,38.2,1,1,1,0,0,"C"
2365,"S30","C119","South","vocational",20,-1.355,-0.114,15.6,10,"girl",-1.074,1,1,"majority_language",0,1,6,5.8,6.5,6.4,5.8,14,4,15,3.4,3.8,2,48.3,2,1,5,3,3,2,4,4,,,2,1,4,3,2,2,3,3,3,,1,1,3,3,4,4,,,4,4,,,,4,4,,5,3,2,3,2,2,2,2,3,2,2,1,4,3,3,2,2,1,2,1,2,1,1,1,0,1,0,0,0,0,0,0,0,0,0.8,-0.169,40.7,39,1,1,1,0,0,"C"
2366,"S30","C119","South","vocational",20,-1.355,-0.114,15.4,10,"boy",-1.863,1,1,"majority_language",0,0,6.5,,,7.3,6.3,4,,,4.9,3.4,3,48,3,5,4,5,5,,,,,,,,,,,2,3,,4,3,2,,,,,,,,,,,,,,2,2,1,2,,,,,,,,,,,4,4,3,2,2,,3,2,4,3,1,1,0,0,1,1,1,1,0,1,0,,0.775,-1.02,55.5,51.1,1,1,1,1,1,"A"
2367,"S30","C119","South","vocational",20,-1.355,-0.114,15.7,10,"boy",-1.333,1,1,"majority_language",0,1,7.2,5.7,7.3,6.7,5.8,15,0,1,2.9,5.2,4,59.9,3,4,4,5,4,5,3,3,5,4,3,2,3,,3,,2,2,1,1,2,3,5,3,2,1,,,2,3,1,2,3,1,1,1,4,1,3,2,2,1,2,2,2,3,,3,4,5,5,4,5,3,3,3,2,4,1,0,0,1,1,0,1,0,1,0,0,0,0.793,0.992,40.9,36.5,1,1,1,0,0,"A"
2368,"S30","C119","South","vocational",20,-1.355,-0.114,15.3,10,"girl",-0.995,2,1,"majority_language",0,0,7,7.2,,7.6,6.7,6,2,,4.5,2.1,4,56.5,3,4,5,5,5,4,4,3,5,,,,,,,2,3,1,3,2,3,4,2,1,,,,,,,,,,3,4,5,4,4,1,3,,2,5,,,,,,4,4,5,5,5,4,3,3,2,4,1,0,1,0,0,1,0,1,0,1,,0,,,,,1,1,1,0,1,"B"
2369,"S30","C119","South","vocational",20,-1.355,-0.114,15.2,10,"boy",-1.264,2,1,"other_language",1,0,5.5,5.5,5.3,5.5,7.1,5,7,4,1.4,4.5,1,46.3,1,3,2,1,,,2,1,2,2,2,2,2,1,3,4,5,4,4,4,3,3,,2,,,,3,4,3,1,,4,3,4,2,3,,2,5,3,4,4,4,2,5,,,,3,2,2,3,2,2,2,2,2,1,1,0,0,0,0,0,0,0,0,0,0,,,,,1,1,1,0,0,"B"
2370,"S30","C119","South","vocational",20,-1.355,-0.114,16.1,10,"boy",-0.595,3,1,"majority_language",0,0,6.1,,,6.9,5.7,8,,,5.9,3.5,4,51.8,5,3,,4,4,,,,,,,,,,,5,3,4,4,4,4,,,,,,,,,,,,,2,3,,,4,,,,,,,,,,,4,4,5,5,3,2,3,3,3,4,1,0,0,1,0,0,1,1,0,0,1,0,0.869,1.311,68,37.1,1,1,1,1,1,"C"
2371,"S30","C119","South","vocational",20,-1.355,-0.114,15.5,10,"boy",-0.709,2,3,"majority_language",0,0,7.5,7.8,6.7,6.7,7.8,7,9,4,4.5,2.1,3,49.2,3,4,4,4,3,3,3,4,3,3,2,2,3,3,2,2,2,2,2,3,3,3,3,2,1,2,4,3,4,4,2,3,5,2,4,2,2,2,2,2,1,1,1,3,3,2,2,2,3,5,4,5,3,4,3,4,2,2,0,1,0,0,1,1,0,0,0,0,0,0,0.782,-0.289,52.4,58.4,0,0,0,0,0,"A"
2372,"S30","C119","South","vocational",20,-1.355,-0.114,15.3,10,"girl",-0.135,4,2,"majority_language",0,0,6.3,7.3,6.6,7.1,6.4,2,6,2,4.1,1.4,2,45.9,2,4,4,2,2,4,3,3,2,1,4,3,2,4,3,2,3,3,,3,2,4,2,3,3,3,3,4,4,2,2,,2,3,4,3,4,4,1,2,2,2,1,2,2,3,1,1,2,1,1,3,2,4,3,4,3,4,,1,1,0,0,1,0,0,0,0,0,0,,,,,1,0,1,0,0,"A"
2373,"S30","C120","South","vocational",22,-1.355,-0.342,15.5,10,"girl",-0.61,1,2,"majority_language",0,0,7.5,7,,6.4,7.8,2,10,,5.3,1.2,3,49.2,4,4,4,4,3,2,4,3,5,2,,,,,,1,3,3,3,2,1,1,4,5,3,3,4,,,,,,,3,3,4,4,4,4,3,4,2,3,,,,,,3,4,,2,5,4,3,4,3,2,1,0,1,0,1,0,0,1,0,1,0,0,0.679,-1.979,53.2,27.8,1,0,1,0,1,"A"
2374,"S30","C120","South","vocational",22,-1.355,-0.342,15.4,10,"girl",-0.676,3,1,"majority_language",0,0,5.3,,,7.6,7.8,5,,,5.3,4.2,1,34.4,3,4,4,3,1,,,,,,,,,,,3,,5,4,4,3,,,,,,,,,,,,,2,5,2,4,5,,,,,,,,,,,3,2,4,3,2,2,2,4,,2,1,1,0,1,0,0,1,0,0,0,0,0,0.537,-1.188,41.5,32.3,1,1,1,1,1,"C"
2375,"S30","C120","South","vocational",22,-1.355,-0.342,15.6,10,"boy",-0.038,3,5,"majority_language",0,0,7.4,7,6.9,7,6.4,3,2,1,3.9,1.5,4,33.7,4,4,5,4,4,4,5,5,5,2,5,4,1,1,4,1,1,,3,2,2,3,4,2,2,2,1,3,2,3,1,2,1,4,4,4,4,3,3,4,2,2,1,4,5,4,4,2,2,1,1,1,2,2,3,1,3,2,1,1,1,0,0,0,0,,0,0,0,0,0.581,-1.208,39.9,43.1,1,0,0,0,0,"A"
2376,"S30","C120","South","vocational",22,-1.355,-0.342,15.3,10,"boy",-0.226,3,2,"other_language",0,0,6.2,6.1,6,7.2,5.9,5,1,14,5.2,2.3,3,42.7,2,3,2,1,2,3,3,2,,,3,3,2,,3,3,2,2,1,3,3,4,4,4,3,4,3,3,3,2,,,,5,3,4,2,4,3,1,2,2,3,4,2,2,,3,2,3,2,3,3,3,2,,2,3,0,1,0,0,0,1,0,0,0,0,0,0,0.72,-0.812,41.8,42.3,1,1,1,0,0,"C"
2377,"S30","C120","South","vocational",22,-1.355,-0.342,15.7,10,"boy",-0.152,4,1,"majority_language",0,0,7.7,7.5,7.9,8.5,7.7,1,3,4,4.1,1.1,4,52,4,5,4,4,4,4,4,4,,,3,3,4,4,4,2,2,1,4,3,1,2,4,2,2,3,3,3,2,3,,,,3,4,5,5,4,3,3,3,4,3,5,4,5,5,5,5,4,4,4,5,4,4,3,3,2,1,,1,1,1,0,0,1,,1,,0,0.895,0.024,61.8,44,1,1,1,0,0,"C"
2378,"S30","C120","South","vocational",22,-1.355,-0.342,15.4,10,"girl",-0.772,4,1,"majority_language",1,0,6.7,6.9,7.3,7.4,6.4,5,26,7,4.4,3.9,1,40.7,2,2,2,2,3,2,2,2,4,4,2,2,2,2,2,3,3,5,4,2,3,3,4,4,,,,4,4,3,2,4,2,4,4,2,1,3,3,3,3,3,2,2,4,4,,,2,,3,3,3,4,4,5,2,2,1,1,1,0,1,0,0,0,0,0,0,0,0.752,-0.474,45.8,38.8,1,1,1,0,0,"B"
2379,"S30","C120","South","vocational",22,-1.355,-0.342,15.2,10,"boy",0.888,5,5,"majority_language",0,0,8.3,8.6,9.1,8.2,7.3,1,2,0,8.5,1.6,2,59.9,4,4,5,5,4,5,5,5,,,4,4,4,5,2,1,1,1,2,1,1,2,1,1,2,1,1,1,1,1,,,,5,4,5,4,3,4,3,4,3,3,2,2,5,4,3,5,5,4,4,4,2,4,3,4,3,1,1,0,1,0,0,1,1,0,0,0,0,0.799,-0.237,62.6,51,0,1,1,0,0,"C"
2380,"S30","C120","South","vocational",22,-1.355,-0.342,16.1,10,"boy",0.214,5,3,"other_language",0,0,7,7.6,7.2,6.2,8.5,9,0,8,4.8,1.7,3,40.8,3,4,5,3,,3,1,2,2,2,4,4,3,5,4,1,3,1,,1,2,2,2,2,2,3,2,1,1,1,1,1,1,3,3,2,2,2,5,5,5,5,5,4,5,5,5,4,3,4,2,3,3,4,3,2,4,2,1,1,1,1,0,0,0,0,0,0,0,0,0.713,-1.231,32.9,37,1,0,0,0,0,"A"
2381,"S30","C120","South","vocational",22,-1.355,-0.342,15.5,10,"girl",-0.023,5,4,"majority_language",0,0,6.3,6.5,,7.2,6.2,5,7,,9.1,2.4,2,48.3,4,4,4,2,4,3,5,4,3,4,,,,,,2,3,1,3,,2,1,2,1,1,1,1,,,,,,,3,5,4,3,5,4,5,5,2,3,,,,,,4,,5,5,4,2,2,3,2,3,1,1,0,1,1,0,0,0,0,1,0,0,0.532,-1.176,45,61,1,0,1,0,1,"A"
2382,"S30","C120","South","vocational",22,-1.355,-0.342,16,10,"girl",-1.937,1,1,"majority_language",0,0,5.7,5.8,6.5,7.4,6.6,10,2,7,5,1.7,1,53.1,4,4,4,,,2,4,2,3,4,3,3,2,4,4,,4,3,3,2,,2,4,3,,,,2,4,3,3,2,,3,3,2,2,2,4,4,3,3,2,3,3,3,,,2,4,3,3,3,3,3,2,3,3,1,1,1,1,0,0,0,0,0,0,0,1,0.5,-0.333,26.7,27.7,1,1,1,0,0,"B"
2383,"S30","C120","South","vocational",22,-1.355,-0.342,15,10,"boy",0.68,4,,"majority_language",1,0,6.7,6.5,7.6,7.9,6.6,4,0,4,9.6,3.2,5,48.8,5,5,4,4,3,5,4,5,4,4,2,2,2,2,2,3,2,2,3,3,1,4,3,1,2,,3,1,2,2,2,1,1,2,5,3,3,4,3,4,3,4,2,4,5,1,2,5,5,3,3,4,5,2,2,4,2,2,1,1,1,1,1,0,0,1,0,1,1,0,0.627,0.311,52.4,48.9,0,1,0,0,0,"A"
2384,"S30","C120","South","vocational",22,-1.355,-0.342,15.5,10,"boy",0.442,2,5,"majority_language",0,0,7.9,8.3,7.6,5.7,7.3,5,2,3,7.2,1.1,2,53.8,5,5,5,5,4,3,4,5,,,4,4,5,4,5,1,2,1,1,1,1,3,3,3,3,3,,2,2,1,,,,4,3,1,,2,4,4,4,4,3,2,2,3,4,4,2,4,3,2,3,1,1,1,3,2,1,0,0,0,1,0,1,0,0,0,1,1,0.783,-0.47,52.3,64.7,1,1,1,0,0,"C"
2385,"S30","C120","South","vocational",22,-1.355,-0.342,15.5,10,"girl",0.335,3,4,"majority_language",0,0,6.5,7.5,7.5,7.4,6.4,13,5,6,7.7,4.4,4,58.6,4,4,5,5,5,4,4,5,4,5,3,4,4,3,5,2,4,4,2,4,3,4,4,,3,5,,,3,4,2,2,2,5,4,2,3,3,,2,1,4,3,5,2,2,2,3,3,4,,4,2,2,1,2,3,3,1,1,1,1,1,0,1,1,0,0,0,0,0.774,-0.578,48.5,52.5,1,1,1,0,0,"A"
2386,"S30","C120","South","vocational",22,-1.355,-0.342,15.2,10,"boy",-1.017,2,1,"majority_language",0,0,7.3,7.5,7.2,5.6,6.3,0,4,3,7.9,2.7,1,59.4,5,3,,4,5,5,4,5,2,3,5,3,4,3,5,3,1,2,2,3,1,1,3,3,,,,2,2,3,2,,4,4,4,3,4,3,5,2,3,2,3,2,3,3,,,2,5,2,,3,4,5,3,3,3,1,0,1,0,0,0,0,0,0,1,0,0,0.682,0.131,53.4,50.9,1,1,1,0,0,"B"
2387,"S30","C120","South","vocational",22,-1.355,-0.342,15.5,10,"boy",0.523,4,2,"majority_language",0,0,7.8,7.6,6.6,8.1,6.9,2,1,5,2.4,1.2,3,54.5,3,3,4,5,4,4,2,3,4,4,3,3,3,1,4,2,1,1,,1,3,4,1,1,1,1,2,3,2,1,2,1,2,5,5,5,4,4,3,5,5,5,4,4,5,5,4,4,3,4,3,2,2,3,2,,1,2,1,0,0,1,1,0,1,0,0,0,0,0,0.869,-0.478,49.3,41.9,1,0,0,0,0,"A"
2388,"S30","C120","South","vocational",22,-1.355,-0.342,15.6,10,"girl",-0.438,1,2,"majority_language",0,0,7.4,6.5,5.5,6.6,7.8,1,3,2,7.8,6.1,3,49.3,3,4,,4,4,4,5,3,,3,4,5,5,3,3,5,5,4,4,4,5,3,3,3,,,,,3,,1,2,2,4,2,2,3,4,3,4,3,4,4,3,4,2,,,4,5,5,4,,2,2,3,2,3,1,,1,1,0,1,0,1,0,0,0,0,0.546,0.015,42,48.4,1,1,1,0,0,"B"
2389,"S30","C120","South","vocational",22,-1.355,-0.342,15.3,10,"girl",-0.569,4,3,"majority_language",0,0,6.3,,,7.1,5.1,8,,,4.4,5.4,1,45.1,3,2,2,3,2,,,,,,,,,,,3,,3,3,3,5,,,,,,,,,,,,,2,2,3,3,4,,,,,,,,,,,5,5,4,3,4,,4,3,4,3,1,1,1,0,0,1,0,0,0,0,0,0,0.832,-0.327,71.2,51.2,1,1,1,1,1,"C"
2390,"S30","C120","South","vocational",22,-1.355,-0.342,15.7,10,"boy",0.161,4,3,"majority_language",0,0,7.2,7,7.3,7.5,7.2,6,11,12,6.1,2.5,3,49.5,4,4,3,5,3,2,5,5,,,5,5,5,5,5,1,3,4,2,3,4,3,3,2,3,5,3,2,4,2,,,,2,4,3,2,3,2,3,1,2,4,4,3,3,2,3,5,4,5,3,4,2,2,3,2,2,1,0,0,1,1,1,1,0,,0,0,1,0.79,-0.131,39.3,42.1,1,1,1,0,0,"C"
2391,"S30","C120","South","vocational",22,-1.355,-0.342,15.5,10,"boy",-1.791,2,2,"majority_language",0,0,6,6.6,,6.2,6.2,9,14,,4.1,2.2,1,44.1,2,4,2,1,3,3,3,1,3,4,,,,,,2,4,1,1,2,1,2,1,4,2,2,2,,,,,,,2,4,3,,2,4,3,3,3,3,,,,,,3,5,4,3,3,4,4,3,4,4,0,0,0,0,0,0,0,0,0,0,0,0,0.521,1.009,46.7,48.8,1,0,1,0,1,"A"
2392,"S30","C120","South","vocational",22,-1.355,-0.342,15.7,10,"boy",-0.651,1,3,"majority_language",1,0,5.5,6.3,,6.5,8.1,4,4,,1.3,2.3,1,52.2,3,2,3,4,1,4,3,1,3,2,,,,,,,4,2,4,4,3,2,2,3,1,2,3,,,,,,,3,4,4,4,3,2,4,4,4,5,,,,,,4,4,3,4,3,4,3,4,3,5,0,0,0,1,1,1,0,0,0,0,0,0,0.694,0.064,54.2,49.4,1,0,1,0,1,"A"
2393,"S30","C120","South","vocational",22,-1.355,-0.342,14.5,10,"boy",0.255,5,4,"majority_language",0,0,7.4,6.7,5.8,6.2,6.5,3,3,2,2.9,3.4,4,51.9,4,4,4,3,4,5,5,5,,,5,5,5,4,5,3,4,1,3,2,3,4,4,2,3,3,4,4,4,2,,,,3,3,5,,4,5,2,5,5,2,2,1,5,2,3,3,4,4,3,4,4,4,3,4,4,0,1,1,1,1,0,0,1,0,1,1,0,0.358,-0.963,47.9,58.6,1,1,1,0,0,"C"
2394,"S30","C120","South","vocational",22,-1.355,-0.342,15.3,10,"boy",-0.178,3,2,"majority_language",0,0,6.3,6,6.9,6.4,7.2,2,9,3,5.9,0.9,4,48.2,3,4,3,2,4,2,3,2,4,2,4,3,4,3,4,2,1,3,3,4,3,3,3,3,3,3,3,3,3,3,2,4,1,4,3,,3,3,3,3,2,3,1,4,4,3,3,2,4,5,4,5,,4,4,3,3,3,1,0,1,0,0,0,0,,0,0,0,0,0.679,-0.636,46.8,48.5,1,0,0,0,0,"A"
